model,dependent_var,variable,coef,t_stat,p_value,n_obs,r2
pooled_fe,CAR3,main_surprise_std,-0.000240023711749547,-0.07588842975880959,0.9395078620291442,404,0.22952669660678837
pooled_fe,CAR3,log_total_mv,0.0037958050446458783,0.9017317119571786,0.36719940291198505,404,0.22952669660678837
pooled_fe,CAR3,beta,-0.02402460109503325,-2.483369384543424,0.013014605331599025,404,0.22952669660678837
pooled_fe,CAR3,book_to_market,-0.027141787251791605,-1.982194609358733,0.047457463786044464,404,0.22952669660678837
pooled_fe,CAR3,turnover20,0.0006312312171667682,0.30098118604571134,0.7634288410778769,404,0.22952669660678837
pooled_fe,CAR3,pe_ttm,4.146826683479328e-05,2.8477982386448395,0.004402282423196012,404,0.22952669660678837
pooled_fe,CAR3,ps_ttm,0.00121948156838375,1.694068714318183,0.09025222649385405,404,0.22952669660678837
event_type_express,CAR3,main_surprise_std,-0.07429127589639649,-0.326152630349458,0.7443088788943606,41,0.7492244999888149
event_type_express,CAR3,log_total_mv,0.03439077290458123,0.05206245842487639,0.9584789262142595,41,0.7492244999888149
event_type_express,CAR3,beta,0.19847220386624856,0.19896399098428127,0.8422909124379795,41,0.7492244999888149
event_type_express,CAR3,book_to_market,-0.18662841232852354,-0.3658913124568386,0.7144461792020689,41,0.7492244999888149
event_type_express,CAR3,turnover20,0.04201959988702165,0.22260887554386735,0.8238399280915234,41,0.7492244999888149
event_type_express,CAR3,pe_ttm,-0.00036945584698220305,-0.12746985727554636,0.8985685289500409,41,0.7492244999888149
event_type_express,CAR3,ps_ttm,-0.003861264899848641,-0.043978664509582065,0.9649214106647424,41,0.7492244999888149
event_type_formal_release,CAR3,main_surprise_std,0.0012030332754592124,0.2605174006949764,0.7944646947712418,213,0.3161087130233806
event_type_formal_release,CAR3,log_total_mv,-0.0039252043366516595,-0.752616345655994,0.451680492337202,213,0.3161087130233806
event_type_formal_release,CAR3,beta,-0.012592748177635948,-0.927747583145614,0.3535385196314864,213,0.3161087130233806
event_type_formal_release,CAR3,book_to_market,-0.030494014353440405,-1.7486602651308478,0.08034976233711613,213,0.3161087130233806
event_type_formal_release,CAR3,turnover20,-0.0008554437788445321,-0.33016433071395684,0.741275796976151,213,0.3161087130233806
event_type_formal_release,CAR3,pe_ttm,4.5024148561580235e-05,5.716163133019804,1.0895614443711087e-08,213,0.3161087130233806
event_type_formal_release,CAR3,ps_ttm,0.0021473953857045016,1.6725325295675775,0.094419358868107,213,0.3161087130233806
event_type_preannouncement,CAR3,main_surprise_std,-0.013304349370407635,-0.9238263113843534,0.3555767538421327,93,0.44454190666769855
event_type_preannouncement,CAR3,log_total_mv,0.03380072081221547,1.8890932172321606,0.05887933915070351,93,0.44454190666769855
event_type_preannouncement,CAR3,beta,-0.022901307659258935,-0.6774548038416834,0.4981174366842088,93,0.44454190666769855
event_type_preannouncement,CAR3,book_to_market,-0.012282361572295002,-0.2636466469893081,0.7920522107068303,93,0.44454190666769855
event_type_preannouncement,CAR3,turnover20,0.01399561353077502,1.5852558766206661,0.11290820968258247,93,0.44454190666769855
event_type_preannouncement,CAR3,pe_ttm,3.4003873376568596e-05,0.3715145299132925,0.710254335807601,93,0.44454190666769855
event_type_preannouncement,CAR3,ps_ttm,0.0008287465812679027,0.6465374700751835,0.5179313388437707,93,0.44454190666769855
event_type_revision,CAR3,main_surprise_std,-0.0019854987286577934,-0.15366229652834132,0.8778760146404606,57,0.8282919904605449
event_type_revision,CAR3,log_total_mv,0.003958131582984047,0.10278410025152837,0.9181343245840946,57,0.8282919904605449
event_type_revision,CAR3,beta,-0.024291061864828264,-0.49659789729885323,0.6194726362344343,57,0.8282919904605449
event_type_revision,CAR3,book_to_market,-0.08576784846094558,-0.6860814144345767,0.4926617701944882,57,0.8282919904605449
event_type_revision,CAR3,turnover20,0.0024169766093185482,0.20091958091309722,0.840761456559328,57,0.8282919904605449
event_type_revision,CAR3,pe_ttm,3.211453356950775e-05,0.38486510410533975,0.7003373610710051,57,0.8282919904605449
event_type_revision,CAR3,ps_ttm,-0.0071866581600268965,-0.6129367118604053,0.5399181876162243,57,0.8282919904605449
pooled_fe,CAR5,main_surprise_std,-0.002672023510385011,-0.5994426632848272,0.5488777342035953,404,0.17735530120445342
pooled_fe,CAR5,log_total_mv,0.003974551494139625,1.0625135827084535,0.2880025951137589,404,0.17735530120445342
pooled_fe,CAR5,beta,-0.0224922542138183,-1.7570471366199782,0.0789097751174012,404,0.17735530120445342
pooled_fe,CAR5,book_to_market,-0.01763464784972505,-1.0449631465729772,0.2960400027165312,404,0.17735530120445342
pooled_fe,CAR5,turnover20,0.0018004887999547021,0.7238027643188497,0.4691868320153241,404,0.17735530120445342
pooled_fe,CAR5,pe_ttm,2.938511208288849e-05,1.4169457158971024,0.15649879911559872,404,0.17735530120445342
pooled_fe,CAR5,ps_ttm,0.001606489333543111,2.1640510221043217,0.030460433820088607,404,0.17735530120445342
event_type_express,CAR5,main_surprise_std,-0.06307382779904874,-0.3904932876633025,0.6961718178169378,41,0.8261651142860825
event_type_express,CAR5,log_total_mv,0.03299817753224286,0.058563572275402834,0.953299725973213,41,0.8261651142860825
event_type_express,CAR5,beta,0.24030390750003644,0.2758321073287274,0.7826770219062088,41,0.8261651142860825
event_type_express,CAR5,book_to_market,-0.129649312099292,-0.3039519786812647,0.7611644766938317,41,0.8261651142860825
event_type_express,CAR5,turnover20,0.03500601242767095,0.2597055488724955,0.7950909120934767,41,0.8261651142860825
event_type_express,CAR5,pe_ttm,6.211771166101488e-05,0.019508751693982494,0.9844352555303924,41,0.8261651142860825
event_type_express,CAR5,ps_ttm,-0.016985739695320114,-0.19578420166569988,0.8447790760125008,41,0.8261651142860825
event_type_formal_release,CAR5,main_surprise_std,-0.0069516888467573675,-1.104364015994437,0.26943526364927406,213,0.272236468791594
event_type_formal_release,CAR5,log_total_mv,-0.008366332948648037,-1.3865515336484036,0.1655785558281403,213,0.272236468791594
event_type_formal_release,CAR5,beta,-0.007996616097179108,-0.4368893393438781,0.6621916036505833,213,0.272236468791594
event_type_formal_release,CAR5,book_to_market,-0.023430410253689915,-1.0809840999898415,0.2797041864337684,213,0.272236468791594
event_type_formal_release,CAR5,turnover20,-0.0016129572170255975,-0.48949583787653006,0.624490700481932,213,0.272236468791594
event_type_formal_release,CAR5,pe_ttm,2.5980605401962443e-05,2.1578483927479275,0.03093962099448356,213,0.272236468791594
event_type_formal_release,CAR5,ps_ttm,0.0030584049593280448,2.371422861532632,0.017719745073891006,213,0.272236468791594
event_type_preannouncement,CAR5,main_surprise_std,-0.010204630608821827,-0.5152878104540227,0.6063519156113618,93,0.39572161959417707
event_type_preannouncement,CAR5,log_total_mv,0.0336112930852034,1.7313901330275827,0.08338220526146596,93,0.39572161959417707
event_type_preannouncement,CAR5,beta,-0.009962677219014894,-0.21346509047613682,0.8309642153498533,93,0.39572161959417707
event_type_preannouncement,CAR5,book_to_market,-0.017250958916198534,-0.29086032663669137,0.7711581448340559,93,0.39572161959417707
event_type_preannouncement,CAR5,turnover20,0.012161096986345526,1.1769820089703655,0.2392026871764461,93,0.39572161959417707
event_type_preannouncement,CAR5,pe_ttm,3.9044164593765864e-05,0.3652234359995015,0.7149446254453572,93,0.39572161959417707
event_type_preannouncement,CAR5,ps_ttm,0.0009612224221290574,0.5483549064646405,0.5834482331252588,93,0.39572161959417707
event_type_revision,CAR5,main_surprise_std,0.013396723476102936,0.8084750853553873,0.41881714297737005,57,0.8264709899169624
event_type_revision,CAR5,log_total_mv,-0.05837827571315426,-1.2933061680579863,0.1959051882069034,57,0.8264709899169624
event_type_revision,CAR5,beta,-0.02324549190242856,-0.4023860810681271,0.6873999120407273,57,0.8264709899169624
event_type_revision,CAR5,book_to_market,-0.14310346089756398,-0.9183843446869075,0.3584176838566332,57,0.8264709899169624
event_type_revision,CAR5,turnover20,0.0033145661745924582,0.21897040717714703,0.8266731000135241,57,0.8264709899169624
event_type_revision,CAR5,pe_ttm,-4.439180015610078e-05,-0.4113704220055073,0.680800938906486,57,0.8264709899169624
event_type_revision,CAR5,ps_ttm,0.009554949955248252,0.7233589364521162,0.4694593925730627,57,0.8264709899169624
pooled_fe,CAR10,main_surprise_std,-0.00370783244456373,-0.6473312143772147,0.517417603631162,404,0.1725110368142606
pooled_fe,CAR10,log_total_mv,-0.011886599046033161,-2.107611119955371,0.03506464092664644,404,0.1725110368142606
pooled_fe,CAR10,beta,-0.013603236593903981,-0.7944128446736562,0.42695512894317045,404,0.1725110368142606
pooled_fe,CAR10,book_to_market,-0.03620017899805179,-1.6751009374183767,0.0939144290798226,404,0.1725110368142606
pooled_fe,CAR10,turnover20,0.0038273756708456846,1.2436073435498503,0.21364411212706125,404,0.1725110368142606
pooled_fe,CAR10,pe_ttm,1.4199161140320567e-05,0.9094145777775842,0.36313132969739914,404,0.1725110368142606
pooled_fe,CAR10,ps_ttm,0.0009375400503356721,1.0409875607220491,0.2978813214762568,404,0.1725110368142606
event_type_express,CAR10,main_surprise_std,-0.012169759200359731,-0.13329653551934775,0.893958867406892,41,0.9593910143067989
event_type_express,CAR10,log_total_mv,-0.10978890028028976,-0.33748317656313764,0.735752692211145,41,0.9593910143067989
event_type_express,CAR10,beta,0.1721836972311209,0.3399063017552495,0.7339270907941038,41,0.9593910143067989
event_type_express,CAR10,book_to_market,0.015942909161879237,0.06443006313755438,0.9486277928280294,41,0.9593910143067989
event_type_express,CAR10,turnover20,0.017556305820080394,0.2313824102050262,0.8170177290525351,41,0.9593910143067989
event_type_express,CAR10,pe_ttm,-3.7096358023364724e-05,-0.01909047975247228,0.98476892610452,41,0.9593910143067989
event_type_express,CAR10,ps_ttm,-0.009357541627591707,-0.18068682579207523,0.8566134000759711,41,0.9593910143067989
event_type_formal_release,CAR10,main_surprise_std,-0.009326422789685138,-1.0361305372349803,0.300141247487993,213,0.2883208451058189
event_type_formal_release,CAR10,log_total_mv,-0.022147748143520548,-2.7834873846606354,0.005377795378209119,213,0.2883208451058189
event_type_formal_release,CAR10,beta,-0.013336795212760547,-0.4527945196357536,0.6506967102783805,213,0.2883208451058189
event_type_formal_release,CAR10,book_to_market,-0.055502146030021966,-1.9142393758820173,0.055589576656071005,213,0.2883208451058189
event_type_formal_release,CAR10,turnover20,-0.0028774306126831553,-0.6194682769990444,0.5356079139981623,213,0.2883208451058189
event_type_formal_release,CAR10,pe_ttm,-3.0419355084503353e-06,-0.1658430138814282,0.8682804946280953,213,0.2883208451058189
event_type_formal_release,CAR10,ps_ttm,0.0037966333975385535,1.8410693316062874,0.06561139924416631,213,0.2883208451058189
event_type_preannouncement,CAR10,main_surprise_std,-0.0010664985145567053,-0.04439563040034599,0.9645890446519458,93,0.44034164165770184
event_type_preannouncement,CAR10,log_total_mv,0.022077909518764274,1.2760201967748026,0.20194837968105972,93,0.44034164165770184
event_type_preannouncement,CAR10,beta,-0.01768781856626222,-0.35834381885562133,0.7200860296801865,93,0.44034164165770184
event_type_preannouncement,CAR10,book_to_market,0.02636254704963656,0.4351160753078355,0.6634781756253338,93,0.44034164165770184
event_type_preannouncement,CAR10,turnover20,0.02363377879186856,1.6806156842704683,0.09283758734013835,93,0.44034164165770184
event_type_preannouncement,CAR10,pe_ttm,8.84233589403305e-05,0.8658966263541261,0.38654685335489103,93,0.44034164165770184
event_type_preannouncement,CAR10,ps_ttm,0.0008031694050697568,0.47170768970657495,0.6371354476238739,93,0.44034164165770184
event_type_revision,CAR10,main_surprise_std,0.029238524544311504,0.9033215677251881,0.3663552530510623,57,0.7430506062050664
event_type_revision,CAR10,log_total_mv,-0.0966870764007071,-1.1681255520711304,0.24275612478205844,57,0.7430506062050664
event_type_revision,CAR10,beta,-0.026336219778446867,-0.26135737302948725,0.7938169262474165,57,0.7430506062050664
event_type_revision,CAR10,book_to_market,-0.09539305393543165,-0.38900247975059643,0.697274312007166,57,0.7430506062050664
event_type_revision,CAR10,turnover20,0.031763031655317256,1.4541274139812874,0.14591098442330136,57,0.7430506062050664
event_type_revision,CAR10,pe_ttm,-6.277486785576266e-05,-0.3030523882039283,0.761849937597214,57,0.7430506062050664
event_type_revision,CAR10,ps_ttm,0.0182460007301219,0.9349053232582846,0.34983709349590153,57,0.7430506062050664
pooled_fe,CAR20,main_surprise_std,-0.007289458112357419,-0.9130615673524044,0.36121016196686273,404,0.20358750278370885
pooled_fe,CAR20,log_total_mv,-0.01615136087682191,-2.070665684677656,0.03839004916818411,404,0.20358750278370885
pooled_fe,CAR20,beta,-0.020431425201639326,-0.8861377059964342,0.37554332672685764,404,0.20358750278370885
pooled_fe,CAR20,book_to_market,-0.02000766992832104,-0.8727929572815195,0.3827759390232197,404,0.20358750278370885
pooled_fe,CAR20,turnover20,-0.00227795473028507,-0.5752430120639633,0.5651269570095365,404,0.20358750278370885
pooled_fe,CAR20,pe_ttm,1.0789886598461813e-05,0.25831051721985443,0.7961672700676868,404,0.20358750278370885
pooled_fe,CAR20,ps_ttm,0.0016916662658971078,1.8312026496230687,0.06707030139793498,404,0.20358750278370885
event_type_express,CAR20,main_surprise_std,-0.0064167531271188405,-0.030266107574022167,0.9758548264204945,41,0.9134134420850102
event_type_express,CAR20,log_total_mv,0.1333452831972669,0.22206988524913363,0.8242594806475064,41,0.9134134420850102
event_type_express,CAR20,beta,0.33198435066041043,0.3691575057443047,0.7120103278132364,41,0.9134134420850102
event_type_express,CAR20,book_to_market,-0.11805922650238307,-0.2133570268549081,0.8310484963660325,41,0.9134134420850102
event_type_express,CAR20,turnover20,-0.012198816010334625,-0.07964110778383247,0.9365226997518786,41,0.9134134420850102
event_type_express,CAR20,pe_ttm,0.0005693150005087598,0.13440028521132144,0.8930860561150983,41,0.9134134420850102
event_type_express,CAR20,ps_ttm,-0.02095325037813155,-0.19645368070377134,0.8442550836207439,41,0.9134134420850102
event_type_formal_release,CAR20,main_surprise_std,-0.008946081550757124,-0.5733789962834035,0.566388108478334,213,0.24872140407347565
event_type_formal_release,CAR20,log_total_mv,-0.029050699291016502,-3.00789057955614,0.0026306783751768596,213,0.24872140407347565
event_type_formal_release,CAR20,beta,-0.030756023010804726,-0.8706143225692928,0.383964773485563,213,0.24872140407347565
event_type_formal_release,CAR20,book_to_market,-0.032393077673131536,-1.1870979841768656,0.23518897339741207,213,0.24872140407347565
event_type_formal_release,CAR20,turnover20,-0.005988820762740538,-0.9643027796843551,0.33489414769068493,213,0.24872140407347565
event_type_formal_release,CAR20,pe_ttm,2.0735192351555193e-05,0.6911250572087356,0.4894869548371512,213,0.24872140407347565
event_type_formal_release,CAR20,ps_ttm,0.004900873647007663,1.632530055987233,0.10256787216143014,213,0.24872140407347565
event_type_preannouncement,CAR20,main_surprise_std,0.004297854397332317,0.1612814041194479,0.8718717688810697,93,0.45933645685641744
event_type_preannouncement,CAR20,log_total_mv,0.003946620553247383,0.18367371438003147,0.8542694309452961,93,0.45933645685641744
event_type_preannouncement,CAR20,beta,-0.056628102134922365,-0.9563701016984357,0.3388852844228383,93,0.45933645685641744
event_type_preannouncement,CAR20,book_to_market,-0.007521220895804138,-0.08894119920709882,0.929128641043869,93,0.45933645685641744
event_type_preannouncement,CAR20,turnover20,0.006460904019576876,0.3290936738176871,0.7420848857355902,93,0.45933645685641744
event_type_preannouncement,CAR20,pe_ttm,5.636251225724668e-05,0.6482745011636085,0.5168074231938634,93,0.45933645685641744
event_type_preannouncement,CAR20,ps_ttm,0.00013216659595924286,0.04760095816662678,0.962034268390417,93,0.45933645685641744
event_type_revision,CAR20,main_surprise_std,0.053141119083612506,1.6575142568060925,0.09741554891381993,57,0.74375468511714
event_type_revision,CAR20,log_total_mv,-0.06598938464505799,-0.640982934905605,0.521533770354702,57,0.74375468511714
event_type_revision,CAR20,beta,-0.010116631201866278,-0.08600359421482356,0.9314635600446183,57,0.74375468511714
event_type_revision,CAR20,book_to_market,-0.04606754911351342,-0.1625014127244796,0.8709110158696278,57,0.74375468511714
event_type_revision,CAR20,turnover20,0.022902464207537332,0.7409841084814917,0.4587030758676851,57,0.74375468511714
event_type_revision,CAR20,pe_ttm,0.0001531441269506906,0.6450311399127875,0.5189070060232469,57,0.74375468511714
event_type_revision,CAR20,ps_ttm,-7.686353915191055e-05,-0.003574712051513252,0.9971477985192906,57,0.74375468511714
pooled_fe,CAR60,main_surprise_std,-0.020382260622625784,-2.274271046498685,0.02294969487129252,404,0.2672928137924643
pooled_fe,CAR60,log_total_mv,-0.020155109809692748,-1.8062997755068557,0.07087152690003655,404,0.2672928137924643
pooled_fe,CAR60,beta,0.0021049325352764095,0.04222068204987058,0.966322775367779,404,0.2672928137924643
pooled_fe,CAR60,book_to_market,0.028208531787028247,0.8240475426614455,0.40991254468373084,404,0.2672928137924643
pooled_fe,CAR60,turnover20,-0.00023286353241384417,-0.031959823021731455,0.9745040911010985,404,0.2672928137924643
pooled_fe,CAR60,pe_ttm,2.6778515377683394e-06,0.06362106568062223,0.9492719577332489,404,0.2672928137924643
pooled_fe,CAR60,ps_ttm,0.00615779743883506,1.866639506379555,0.061951946729381126,404,0.2672928137924643
event_type_express,CAR60,main_surprise_std,-0.22377562961616335,-0.5886708329540774,0.5560821074195024,41,0.9131409381160839
event_type_express,CAR60,log_total_mv,0.5332758713916623,0.5066789365072771,0.612380112166004,41,0.9131409381160839
event_type_express,CAR60,beta,1.1767635306755035,0.7561424984401813,0.4495637639530402,41,0.9131409381160839
event_type_express,CAR60,book_to_market,-0.43569280745381733,-0.4403903015601825,0.6596544479807781,41,0.9131409381160839
event_type_express,CAR60,turnover20,0.14096400279955304,0.5208049052514832,0.6025026856357929,41,0.9131409381160839
event_type_express,CAR60,pe_ttm,0.0016831793619069796,0.22984592637117926,0.8182114958549461,41,0.9131409381160839
event_type_express,CAR60,ps_ttm,-0.08263287179383826,-0.4454382514603999,0.6560030742322651,41,0.9131409381160839
event_type_formal_release,CAR60,main_surprise_std,-0.040146707436875304,-1.7657146705546642,0.07744373026434155,213,0.3034837057263844
event_type_formal_release,CAR60,log_total_mv,-0.023847465319483768,-1.4033872636512825,0.16050138886802823,213,0.3034837057263844
event_type_formal_release,CAR60,beta,-0.03255000464580261,-0.6302492283989471,0.5285315353776363,213,0.3034837057263844
event_type_formal_release,CAR60,book_to_market,-0.04160459758185793,-1.0057339547973443,0.31454356499700054,213,0.3034837057263844
event_type_formal_release,CAR60,turnover20,-0.00880522077992391,-1.0729762025783496,0.28328179358205163,213,0.3034837057263844
event_type_formal_release,CAR60,pe_ttm,-3.317419152946268e-05,-0.6644733102494622,0.5063874256706111,213,0.3034837057263844
event_type_formal_release,CAR60,ps_ttm,0.016876727102539756,2.552818828087245,0.010685506198018824,213,0.3034837057263844
event_type_preannouncement,CAR60,main_surprise_std,0.018644579052810875,0.6062659573339898,0.5443381605151645,93,0.5606945574290495
event_type_preannouncement,CAR60,log_total_mv,-0.01145890557254044,-0.3535422978387843,0.7236819243465314,93,0.5606945574290495
event_type_preannouncement,CAR60,beta,0.04872562624665029,0.49867309128579507,0.6180097042847001,93,0.5606945574290495
event_type_preannouncement,CAR60,book_to_market,0.1730356233145694,1.3980640689753374,0.16209382852095489,93,0.5606945574290495
event_type_preannouncement,CAR60,turnover20,0.039733789535191584,1.497040503799823,0.13438271919275996,93,0.5606945574290495
event_type_preannouncement,CAR60,pe_ttm,0.0001698305317978428,0.7124279214112414,0.47619983060158977,93,0.5606945574290495
event_type_preannouncement,CAR60,ps_ttm,0.0004419526016224229,0.08796394467870758,0.9299053329989915,93,0.5606945574290495
event_type_revision,CAR60,main_surprise_std,-0.009645047376515866,-0.22613096795134838,0.8210995593938268,57,0.8780543913746811
event_type_revision,CAR60,log_total_mv,-0.2038291217690787,-1.589679991222306,0.11190695606264947,57,0.8780543913746811
event_type_revision,CAR60,beta,-0.1338443108527798,-0.7936944930415099,0.427373306957065,57,0.8780543913746811
event_type_revision,CAR60,book_to_market,-0.14527852267884306,-0.4532161575638,0.650393098852821,57,0.8780543913746811
event_type_revision,CAR60,turnover20,0.060976458791791865,1.3204956556183935,0.18666958555266544,57,0.8780543913746811
event_type_revision,CAR60,pe_ttm,-0.0005492171425562963,-1.6632397926120779,0.09626444518005868,57,0.8780543913746811
event_type_revision,CAR60,ps_ttm,0.03253425546467681,1.001932279918326,0.31637630096619906,57,0.8780543913746811
