n,firms,months,estimate,se,ci_low,ci_high,p_value,inference_valid,sample,window,exclude_overlaps,statistic,primary_test
6469,2856,42,-0.009826013960312333,0.014998401325521958,-0.04011589992832616,0.0204638720077015,0.5160384044026487,True,strict_365d_1broker,CAR_-10_-1,False,mean_car,False
6455,2854,42,0.04002224555943236,0.010771983089788276,0.018267784376703254,0.061776706742161465,0.0006060522758631775,True,strict_365d_1broker,CAR_-10_-1,False,positive_minus_negative,False
6370,2836,41,-0.009891391638424469,0.015174521180223489,-0.04056024295545546,0.020777459678606523,0.5182311888760014,True,strict_365d_1broker,CAR_-10_-1,True,mean_car,False
6357,2834,41,0.040225621561493716,0.010998591708570926,0.017996638531274395,0.06245460459171304,0.0007346304522909468,True,strict_365d_1broker,CAR_-10_-1,True,positive_minus_negative,False
6478,2856,42,-0.003341344684268367,0.004725078510811422,-0.012883834325404159,0.006201144956867424,0.4834727214544179,True,strict_365d_1broker,CAR_0_1,False,mean_car,False
6464,2854,42,0.0135171613883552,0.004203148510715436,0.005028730766115725,0.022005592010594675,0.002537895002154835,True,strict_365d_1broker,CAR_0_1,False,positive_minus_negative,False
6379,2836,41,-0.0032945450409087485,0.0047737885102250854,-0.012942731517451513,0.006353641435634017,0.49409609091130147,True,strict_365d_1broker,CAR_0_1,True,mean_car,False
6366,2834,41,0.013783386912769114,0.004323332158612038,0.005045606682878628,0.0225211671426596,0.002779936056954653,True,strict_365d_1broker,CAR_0_1,True,positive_minus_negative,False
6472,2855,42,0.008033191599317632,0.012534064989711925,-0.01727986617358046,0.033346249372215725,0.5251484135379179,True,strict_365d_1broker,CAR_1_10,False,mean_car,False
6458,2853,42,-0.010150925621321992,0.008219306230926194,-0.026750151303281525,0.006448300060637541,0.22385761418902703,True,strict_365d_1broker,CAR_1_10,False,positive_minus_negative,False
6374,2836,41,0.008123361211876587,0.0126143965292393,-0.017371285176933822,0.033618007600687,0.5232670009827742,True,strict_365d_1broker,CAR_1_10,True,mean_car,False
6361,2834,41,-0.010260261688940519,0.008290765608372037,-0.027016524026818856,0.0064960006489378185,0.22309739061734807,True,strict_365d_1broker,CAR_1_10,True,positive_minus_negative,True
6456,2850,42,0.02851082913543484,0.011725169903047278,0.0048313681308447265,0.05219029014002495,0.019488611168512762,True,strict_365d_1broker,CAR_1_20,False,mean_car,False
6442,2848,42,-0.006441152683280147,0.010364376037980523,-0.027372434725042673,0.01449012935848238,0.5377305319958904,True,strict_365d_1broker,CAR_1_20,False,positive_minus_negative,False
5373,2523,36,0.026896845583724356,0.011646154406173058,0.0032538951901247663,0.05053979597732394,0.026936109408861396,True,strict_365d_1broker,CAR_1_20,True,mean_car,False
5361,2522,36,-0.00881798728314565,0.009439895911126988,-0.027981994814182544,0.010346020247891241,0.35664264378207644,True,strict_365d_1broker,CAR_1_20,True,positive_minus_negative,False
6374,2825,42,0.019492354970080956,0.013040634561614963,-0.006843740807654271,0.045828450747816184,0.14263991247959587,True,strict_365d_1broker,CAR_1_60,False,mean_car,False
6361,2824,42,0.027100803282050046,0.010546538589821177,0.005801636503565168,0.048399970060534925,0.013913857030249027,True,strict_365d_1broker,CAR_1_60,False,positive_minus_negative,False
876,696,23,-0.008429040876020486,0.014129970516323241,-0.03773280618010119,0.020874724428060223,0.5569062557276026,True,strict_365d_1broker,CAR_1_60,True,mean_car,False
874,695,23,0.017554844688714738,0.013871507076312638,-0.01121290024809015,0.046322589625519626,0.21891980095968158,True,strict_365d_1broker,CAR_1_60,True,positive_minus_negative,False
4637,2167,40,-0.008315316295588335,0.01436177169993333,-0.0373647415086844,0.02073410891750773,0.565925489098046,True,strict_365d_2brokers,CAR_-10_-1,False,mean_car,False
4630,2165,40,0.0410178451735244,0.011696878163517646,0.017358675919400993,0.06467701442764781,0.0011581943318811603,True,strict_365d_2brokers,CAR_-10_-1,False,positive_minus_negative,False
4575,2151,39,-0.008414140833028591,0.014523881763311078,-0.03781620231202302,0.020987920645965837,0.565784430966643,True,strict_365d_2brokers,CAR_-10_-1,True,mean_car,False
4568,2149,39,0.041195787509611365,0.01182751761665152,0.01725222987289602,0.06513934514632672,0.001264202281668905,True,strict_365d_2brokers,CAR_-10_-1,True,positive_minus_negative,False
4645,2169,40,-0.0021863740531360746,0.0043802252260393875,-0.011046215845561912,0.006673467739289762,0.6204802957379516,True,strict_365d_2brokers,CAR_0_1,False,mean_car,False
4638,2167,40,0.012548049426693587,0.004487328711369489,0.0034715703869862627,0.02162452846640091,0.007982628677931678,True,strict_365d_2brokers,CAR_0_1,False,positive_minus_negative,False
4583,2153,39,-0.0021270834527481633,0.004427545181638327,-0.011090180078913355,0.006836013173417027,0.6336827099742595,True,strict_365d_2brokers,CAR_0_1,True,mean_car,False
4576,2151,39,0.012959416578024312,0.0046157340988639455,0.0036153514061146672,0.022303481749933955,0.007833520731729866,True,strict_365d_2brokers,CAR_0_1,True,positive_minus_negative,False
4642,2168,40,0.005256412585401232,0.010894561250649925,-0.016779917534072708,0.027292742704875174,0.6321618076517618,True,strict_365d_2brokers,CAR_1_10,False,mean_car,False
4635,2166,40,-0.014951625474194982,0.008964122835022827,-0.033083275338689835,0.003180024390299876,0.10333851109015393,True,strict_365d_2brokers,CAR_1_10,False,positive_minus_negative,False
4581,2153,39,0.005290278878663624,0.010959134051803725,-0.01689532813733677,0.02747588589466402,0.6320584187412566,True,strict_365d_2brokers,CAR_1_10,True,mean_car,False
4574,2151,39,-0.014828294561898006,0.00907374077033031,-0.03319712242220478,0.003540533298408772,0.11047610827336908,True,strict_365d_2brokers,CAR_1_10,True,positive_minus_negative,False
4631,2166,40,0.023601720202401904,0.01054640187106032,0.002269608898749491,0.04493383150605432,0.031011576709265225,True,strict_365d_2brokers,CAR_1_20,False,mean_car,False
4624,2164,40,-0.010622230226695778,0.012357099106074902,-0.035616822386547856,0.0143723619331563,0.3952598242243928,True,strict_365d_2brokers,CAR_1_20,False,positive_minus_negative,False
3810,1900,35,0.021395281725686114,0.010402923894686111,0.00025399675986016723,0.04253656669151206,0.047457592825162515,True,strict_365d_2brokers,CAR_1_20,True,mean_car,False
3804,1899,35,-0.012681094161516306,0.011455370942897228,-0.03596120886241694,0.010599020539384324,0.2760647417396165,True,strict_365d_2brokers,CAR_1_20,True,positive_minus_negative,False
4591,2153,40,0.012816054318676988,0.012538310129095951,-0.012545071732050338,0.03817718036940432,0.31300800116000954,True,strict_365d_2brokers,CAR_1_60,False,mean_car,False
4585,2152,40,0.026133805283400046,0.012637115106984476,0.0005728273010431675,0.051694783265756925,0.04531642460061595,True,strict_365d_2brokers,CAR_1_60,False,positive_minus_negative,False
635,520,23,-0.013640821541337535,0.013111183963629694,-0.0408317528518443,0.013550109769169236,0.3094555201967741,True,strict_365d_2brokers,CAR_1_60,True,mean_car,False
635,520,23,0.01848550510685795,0.012113490118728833,-0.006636335808695312,0.04360734602241121,0.14125240378081405,True,strict_365d_2brokers,CAR_1_60,True,positive_minus_negative,False
5278,2501,42,-0.005902832218532577,0.014239865016064578,-0.03466082303202983,0.02285515859496468,0.6806479077211999,True,strict_180d_1broker,CAR_-10_-1,False,mean_car,False
5261,2499,42,0.0385873888809275,0.008759532795436257,0.0208971535186191,0.056277624243235895,7.415988157681034e-05,True,strict_180d_1broker,CAR_-10_-1,False,positive_minus_negative,False
5191,2480,40,-0.00599794935180953,0.014428388044192478,-0.03518211883956462,0.023186220135945554,0.6799046070281615,True,strict_180d_1broker,CAR_-10_-1,True,mean_car,False
5175,2478,40,0.03918232046741361,0.009092855173020734,0.02079028487173528,0.057574356063091935,0.00010750617327158222,True,strict_180d_1broker,CAR_-10_-1,True,positive_minus_negative,False
5285,2501,42,-0.0018262631920075245,0.004338041270515455,-0.010587115269279045,0.006934588885263996,0.6759625949466705,True,strict_180d_1broker,CAR_0_1,False,mean_car,False
5268,2499,42,0.014281081302876425,0.0033503963159961492,0.007514818675506351,0.021047343930246497,0.00011560032501989474,True,strict_180d_1broker,CAR_0_1,False,positive_minus_negative,False
5198,2480,40,-0.0017706644052007342,0.004392953030970549,-0.01065625061309283,0.007114921802691363,0.6890984840911569,True,strict_180d_1broker,CAR_0_1,True,mean_car,False
5182,2478,40,0.014345451883379117,0.0034206959224524843,0.0074264413008277045,0.021264462465930528,0.0001527857344072942,True,strict_180d_1broker,CAR_0_1,True,positive_minus_negative,False
5280,2500,42,0.007859869308300413,0.011174431458748675,-0.014707352844031523,0.030427091460632348,0.48579445047707637,True,strict_180d_1broker,CAR_1_10,False,mean_car,False
5263,2498,42,-0.010589311274499639,0.007332009115154268,-0.0253966040782033,0.0042179815292040235,0.15626547322442524,True,strict_180d_1broker,CAR_1_10,False,positive_minus_negative,False
5194,2480,40,0.007983305433132859,0.011274411926600511,-0.01482134519955616,0.030787956065821877,0.48309974430320984,True,strict_180d_1broker,CAR_1_10,True,mean_car,False
5178,2478,40,-0.010695497046776319,0.007456731483565505,-0.02577816011173651,0.0043871660181838724,0.1594452920251699,True,strict_180d_1broker,CAR_1_10,True,positive_minus_negative,False
5267,2496,42,0.026712116776387497,0.010614795122362705,0.005275103133934738,0.04814913041884025,0.015859857773682002,True,strict_180d_1broker,CAR_1_20,False,mean_car,False
5250,2494,42,-0.0071321734225000015,0.011133929419758881,-0.02961760004770564,0.015353253202705634,0.5253598326926112,True,strict_180d_1broker,CAR_1_20,False,positive_minus_negative,False
4361,2192,36,0.024782376970472798,0.010486861401440778,0.0034929164969453724,0.04607183744400022,0.0238036743321211,True,strict_180d_1broker,CAR_1_20,True,mean_car,False
4346,2190,36,-0.009654377467607772,0.01082436486278294,-0.031629006393817855,0.012320251458602308,0.37853140173715316,True,strict_180d_1broker,CAR_1_20,True,positive_minus_negative,False
5211,2479,42,0.017070722279996203,0.013007391273239176,-0.009198237314871925,0.04333968187486433,0.19668965423329743,True,strict_180d_1broker,CAR_1_60,False,mean_car,False
5194,2477,42,0.024971003988350934,0.01114864283789472,0.0024558630124047395,0.04748614496429713,0.030586536152038626,True,strict_180d_1broker,CAR_1_60,False,positive_minus_negative,False
739,595,23,-0.005606394481451577,0.013961314424930362,-0.03456038845985463,0.023347599496951477,0.6918773531833864,True,strict_180d_1broker,CAR_1_60,True,mean_car,False
735,592,23,0.008808442093519771,0.011963158224331208,-0.016001629554995265,0.03361851374203481,0.46932872227021716,True,strict_180d_1broker,CAR_1_60,True,positive_minus_negative,False
