stage,count
raw_forecast_rows_all_available_A_shares,41790
conflicting_same_date_rows_excluded,0
rows_in_ambiguous_fiscal_periods_excluded,0
unique_forecast_rows,41790
initial_forecasts_in_event_span,39586
legacy_next_session_cutoff_matched,6790
legacy_latest_report_on_after_announcement,1561
consensus_changed_after_cutoff_fix,1305
surprise_sign_changed_after_cutoff_fix,91
strict_announcement_cutoff_matched,6665
prior_liquidity_and_listing_eligible,6487
matched_events_missing_liquidity_field,0
complete_adjusted_CAR_1_10,6472
complete_adjusted_CAR_1_10_no_overlap,6374
