ts_code,trade_date,close,mkt_ret
399300.SZ,2020-01-02,4152.2408,
399300.SZ,2020-01-03,4144.9649,-0.0017522827674155
399300.SZ,2020-01-06,4129.2954,-0.0037803697686318
399300.SZ,2020-01-07,4160.2274,0.0074908663594277
399300.SZ,2020-01-08,4112.3172,-0.0115162454821579
399300.SZ,2020-01-09,4164.3697,0.0126577054902281
399300.SZ,2020-01-10,4163.1849,-0.0002845088417582
399300.SZ,2020-01-13,4203.9883,0.0098010059558006
399300.SZ,2020-01-14,4189.8862,-0.0033544574802931
399300.SZ,2020-01-15,4166.7344,-0.0055256393359799
399300.SZ,2020-01-16,4149.0434,-0.004245770980747
399300.SZ,2020-01-17,4154.853,0.0014002263750725
399300.SZ,2020-01-20,4185.8304,0.0074557150397378
399300.SZ,2020-01-21,4114.3085,-0.0170866693500051
399300.SZ,2020-01-22,4131.9311,0.0042832471118778
399300.SZ,2020-01-23,4003.9013,-0.0309854634313723
399300.SZ,2020-02-03,3688.3578,-0.0788090106017348
399300.SZ,2020-02-04,3785.6376,0.0263748273011907
399300.SZ,2020-02-05,3828.5272,0.0113295578002501
399300.SZ,2020-02-06,3899.7751,0.0186097411035763
399300.SZ,2020-02-07,3899.8693,2.415523910603845e-05
399300.SZ,2020-02-10,3916.0052,0.0041375489173445
399300.SZ,2020-02-11,3952.4643,0.009310278750396
399300.SZ,2020-02-12,3984.4325,0.0080881691961138
399300.SZ,2020-02-13,3959.9188,-0.0061523692520829
399300.SZ,2020-02-14,3987.7342,0.0070242349413831
399300.SZ,2020-02-17,4077.4241,0.0224914438881107
399300.SZ,2020-02-18,4057.5108,-0.0048837941581794
399300.SZ,2020-02-19,4051.3107,-0.0015280550824411
399300.SZ,2020-02-20,4144.6561,0.0230407902311713
399300.SZ,2020-02-21,4149.4903,0.0011663693882828
399300.SZ,2020-02-24,4132.8388,-0.0040129025003383
399300.SZ,2020-02-25,4123.8543,-0.002173929454979
399300.SZ,2020-02-26,4073.0152,-0.0123280543640933
399300.SZ,2020-02-27,4084.8759,0.0029120195770446
399300.SZ,2020-02-28,3940.0488,-0.0354544675396381
399300.SZ,2020-03-02,4069.6662,0.0328974097985792
399300.SZ,2020-03-03,4091.3615,0.005330977759306
399300.SZ,2020-03-04,4115.0524,0.0057904685274081
399300.SZ,2020-03-05,4206.7251,0.0222774076947356
399300.SZ,2020-03-06,4138.5072,-0.0162163912255639
399300.SZ,2020-03-09,3997.1325,-0.0341607959507718
399300.SZ,2020-03-10,4082.7315,0.0214151019512112
399300.SZ,2020-03-11,4028.4289,-0.0133005562574957
399300.SZ,2020-03-12,3950.9111,-0.0192426878875782
399300.SZ,2020-03-13,3895.3128,-0.0140722731017662
399300.SZ,2020-03-16,3727.8398,-0.042993466404033
399300.SZ,2020-03-17,3709.6822,-0.0048708101673253
399300.SZ,2020-03-18,3636.2565,-0.0197929892754695
399300.SZ,2020-03-19,3589.0926,-0.0129704546420198
399300.SZ,2020-03-20,3653.2239,0.0178683882382972
399300.SZ,2020-03-23,3530.3058,-0.0336464731876958
399300.SZ,2020-03-24,3625.1146,0.0268556905183681
399300.SZ,2020-03-25,3722.5181,0.026869081600896
399300.SZ,2020-03-26,3698.0472,-0.0065737490974187
399300.SZ,2020-03-27,3710.0605,0.0032485523711001
399300.SZ,2020-03-30,3674.1108,-0.0096897880775799
399300.SZ,2020-03-31,3686.1551,0.0032781537236166
399300.SZ,2020-04-01,3675.0758,-0.0030056521495799
399300.SZ,2020-04-02,3734.5306,0.0161778431889758
399300.SZ,2020-04-03,3713.2183,-0.0057068216283995
399300.SZ,2020-04-07,3798.0214,0.0228381670961816
399300.SZ,2020-04-08,3780.3445,-0.0046542391783258
399300.SZ,2020-04-09,3792.8105,0.003297583064189
399300.SZ,2020-04-10,3769.1782,-0.0062308148535236
399300.SZ,2020-04-13,3753.2566,-0.0042241568732408
399300.SZ,2020-04-14,3825.6991,0.0193012382899691
399300.SZ,2020-04-15,3797.3623,-0.0074069599462226
399300.SZ,2020-04-16,3802.3806,0.0013215225737086
399300.SZ,2020-04-17,3839.4871,0.0097587548179685
399300.SZ,2020-04-20,3853.4551,0.003637985917442
399300.SZ,2020-04-21,3808.0474,-0.0117836328234368
399300.SZ,2020-04-22,3839.3834,0.0082288891677135
399300.SZ,2020-04-23,3829.7525,-0.0025084496640789
399300.SZ,2020-04-24,3796.9721,-0.0085594042957084
399300.SZ,2020-04-27,3822.769,0.0067940715181973
399300.SZ,2020-04-28,3849.1465,0.0069001030404924
399300.SZ,2020-04-29,3867.032,0.0046466145157115
399300.SZ,2020-04-30,3912.5772,0.0117778182337255
399300.SZ,2020-05-06,3936.2539,0.0060514333110155
399300.SZ,2020-05-07,3924.8946,-0.0028858148606725
399300.SZ,2020-05-08,3963.6217,0.0098670420347084
399300.SZ,2020-05-11,3960.1803,-0.0008682463313792
399300.SZ,2020-05-12,3960.2378,1.451954094111585e-05
399300.SZ,2020-05-13,3968.2529,0.0020238936156813
399300.SZ,2020-05-14,3925.2177,-0.0108448733194398
399300.SZ,2020-05-15,3912.8159,-0.0031595190248938
399300.SZ,2020-05-18,3922.9117,0.0025801878386355
399300.SZ,2020-05-19,3956.2495,0.0084982284969605
399300.SZ,2020-05-20,3935.222,-0.005315008570617
399300.SZ,2020-05-21,3913.7949,-0.0054449532961546
399300.SZ,2020-05-22,3824.064,-0.0229268273613417
399300.SZ,2020-05-25,3829.3245,0.0013756307425818
399300.SZ,2020-05-26,3872.7701,0.0113454997088913
399300.SZ,2020-05-27,3845.6135,-0.0070121900600297
399300.SZ,2020-05-28,3856.6324,0.0028653165483218
399300.SZ,2020-05-29,3867.0232,0.0026942676724905
399300.SZ,2020-06-01,3971.3402,0.0269760471051738
399300.SZ,2020-06-02,3983.5677,0.0030789354183256
399300.SZ,2020-06-03,3983.6477,2.008250041796167e-05
399300.SZ,2020-06-04,3982.1851,-0.0003671509405813
399300.SZ,2020-06-05,4001.2509,0.0047877734262025
399300.SZ,2020-06-08,4021.9549,0.0051743818414387
399300.SZ,2020-06-09,4047.0293,0.0062343811960696
399300.SZ,2020-06-10,4039.7051,-0.0018097719233216
399300.SZ,2020-06-11,3995.8846,-0.0108474502260078
399300.SZ,2020-06-12,4003.0829,0.0018014283996088
399300.SZ,2020-06-15,3954.9883,-0.0120143902091061
399300.SZ,2020-06-16,4014.5702,0.0150650003187113
399300.SZ,2020-06-17,4017.5941,0.0007532313172651
399300.SZ,2020-06-18,4044.3842,0.0066681947785616
399300.SZ,2020-06-19,4098.7095,0.013432279752255
399300.SZ,2020-06-22,4102.0459,0.0008140123128999
399300.SZ,2020-06-23,4121.7944,0.0048143049788886
399300.SZ,2020-06-24,4138.9895,0.0041717510218364
399300.SZ,2020-06-29,4109.7164,-0.0070725233779885
399300.SZ,2020-06-30,4163.9637,0.013199767263746
399300.SZ,2020-07-01,4247.7835,0.0201298104495961
399300.SZ,2020-07-02,4335.8445,0.0207310471449404
399300.SZ,2020-07-03,4419.5955,0.0193159602471906
399300.SZ,2020-07-06,4670.0949,0.0566792594480647
399300.SZ,2020-07-07,4698.1264,0.0060023405520088
399300.SZ,2020-07-08,4774.0042,0.0161506510339952
399300.SZ,2020-07-09,4840.7712,0.0139855344073638
399300.SZ,2020-07-10,4753.1333,-0.0181041194427862
399300.SZ,2020-07-13,4852.9612,0.0210025458364484
399300.SZ,2020-07-14,4806.6902,-0.0095345909627301
399300.SZ,2020-07-15,4744.4687,-0.012944770187186
399300.SZ,2020-07-16,4516.2532,-0.0481013817205707
399300.SZ,2020-07-17,4544.7007,0.0062989161015154
399300.SZ,2020-07-20,4680.3046,0.0298378064808535
399300.SZ,2020-07-21,4691.0425,0.0022942737530371
399300.SZ,2020-07-22,4714.4454,0.004988848427615
399300.SZ,2020-07-23,4712.4357,-0.0004262855605453
399300.SZ,2020-07-24,4505.5906,-0.0438934583234736
399300.SZ,2020-07-27,4528.45,0.0050735634968697
399300.SZ,2020-07-28,4568.2576,0.0087905574755158
399300.SZ,2020-07-29,4679.008,0.0242434664805242
399300.SZ,2020-07-30,4656.1506,-0.0048850953022521
399300.SZ,2020-07-31,4695.0462,0.0083535957793117
399300.SZ,2020-08-03,4771.3108,0.0162436314258207
399300.SZ,2020-08-04,4775.8024,0.000941376529066
399300.SZ,2020-08-05,4777.1089,0.000273566594799
399300.SZ,2020-08-06,4762.7642,-0.0030027994547079
399300.SZ,2020-08-07,4707.9262,-0.0115139019479485
399300.SZ,2020-08-10,4724.8697,0.0035989306714281
399300.SZ,2020-08-11,4681.7837,-0.0091189816303294
399300.SZ,2020-08-12,4647.6446,-0.0072919003071415
399300.SZ,2020-08-13,4635.7126,-0.0025673219505638
399300.SZ,2020-08-14,4704.6288,0.0148663659606509
399300.SZ,2020-08-17,4815.2261,0.0235081883612156
399300.SZ,2020-08-18,4812.7564,-0.0005128938805177
399300.SZ,2020-08-19,4740.6784,-0.0149764488391725
399300.SZ,2020-08-20,4679.1544,-0.0129778894092456
399300.SZ,2020-08-21,4718.8431,0.0084820240169889
399300.SZ,2020-08-24,4755.8491,0.0078421764012455
399300.SZ,2020-08-25,4761.9507,0.0012829675357024
399300.SZ,2020-08-26,4706.1302,-0.0117221919160147
399300.SZ,2020-08-27,4731.3451,0.005357884063641
399300.SZ,2020-08-28,4844.2652,0.0238663842128108
399300.SZ,2020-08-31,4816.2153,-0.005790331214732
399300.SZ,2020-09-01,4842.1223,0.0053791199907529
399300.SZ,2020-09-02,4843.887,0.0003644476307422
399300.SZ,2020-09-03,4817.0952,-0.0055310538829662
399300.SZ,2020-09-04,4770.219,-0.0097312172696939
399300.SZ,2020-09-07,4669.3677,-0.0211418595246885
399300.SZ,2020-09-08,4694.3894,0.0053586912849035
399300.SZ,2020-09-09,4584.5887,-0.0233897724803144
399300.SZ,2020-09-10,4581.9775,-0.0005695603620887
399300.SZ,2020-09-11,4627.2826,0.0098876740446673
399300.SZ,2020-09-14,4651.0507,0.0051365135987155
399300.SZ,2020-09-15,4688.4826,0.0080480524540402
399300.SZ,2020-09-16,4657.3584,-0.0066384377751557
399300.SZ,2020-09-17,4632.7142,-0.0052914544863027
399300.SZ,2020-09-18,4737.0887,0.0225298810792169
399300.SZ,2020-09-21,4691.4281,-0.0096389582065457
399300.SZ,2020-09-22,4635.7608,-0.0118657472337687
399300.SZ,2020-09-23,4652.3273,0.003573631322824
399300.SZ,2020-09-24,4563.0657,-0.0191864403005351
399300.SZ,2020-09-25,4570.0216,0.0015243918140384
399300.SZ,2020-09-28,4581.9085,0.0026010599162156
399300.SZ,2020-09-29,4591.7993,0.0021586637969746
399300.SZ,2020-09-30,4587.3953,-0.000959101152352
399300.SZ,2020-10-09,4681.1412,0.020435539967528
399300.SZ,2020-10-12,4823.1578,0.030338029538609
399300.SZ,2020-10-13,4839.201,0.0033262855301976
399300.SZ,2020-10-14,4807.1021,-0.0066330991417797
399300.SZ,2020-10-15,4798.7361,-0.0017403416499099
399300.SZ,2020-10-16,4791.676,-0.0014712415629606
399300.SZ,2020-10-19,4755.4879,-0.0075522844198981
399300.SZ,2020-10-20,4793.4672,0.0079864150216846
399300.SZ,2020-10-21,4792.8284,-0.0001332647065989
399300.SZ,2020-10-22,4777.9845,-0.0030971065018727
399300.SZ,2020-10-23,4718.4881,-0.0124521961090497
399300.SZ,2020-10-26,4691.2359,-0.005775621220704
399300.SZ,2020-10-27,4699.2792,0.0017145375273071
399300.SZ,2020-10-28,4737.2718,0.0080847718092595
399300.SZ,2020-10-29,4772.9198,0.0075250062704865
399300.SZ,2020-10-30,4695.3338,-0.0162554585559974
399300.SZ,2020-11-02,4720.8313,0.005430391338737
399300.SZ,2020-11-03,4777.5608,0.0120168454229661
399300.SZ,2020-11-04,4813.6564,0.0075552361363981
399300.SZ,2020-11-05,4885.1118,0.0148443083723217
399300.SZ,2020-11-06,4885.7178,0.0001240503850905
399300.SZ,2020-11-09,4981.3497,0.0195737666223783
399300.SZ,2020-11-10,4953.8756,-0.0055153927458655
399300.SZ,2020-11-11,4904.8981,-0.0098867036548111
399300.SZ,2020-11-12,4908.463,0.0007268040899768
399300.SZ,2020-11-13,4856.8513,-0.0105148393702875
399300.SZ,2020-11-16,4904.1716,0.0097429995437576
399300.SZ,2020-11-17,4894.786,-0.0019137992642833
399300.SZ,2020-11-18,4891.6716,-0.0006362688787621
399300.SZ,2020-11-19,4927.9891,0.0074243536708391
399300.SZ,2020-11-20,4943.2882,0.0031045320290989
399300.SZ,2020-11-23,5005.0273,0.0124894801804191
399300.SZ,2020-11-24,4974.2855,-0.0061421842793943
399300.SZ,2020-11-25,4910.7,-0.0127828408723222
399300.SZ,2020-11-26,4919.5912,0.0018105769034963
399300.SZ,2020-11-27,4980.765,0.0124347323818287
399300.SZ,2020-11-30,4960.2519,-0.0041184637299692
399300.SZ,2020-12-01,5067.0983,0.0215405189401771
399300.SZ,2020-12-02,5067.1447,9.15711463500557e-06
399300.SZ,2020-12-03,5057.0603,-0.00199015433682
399300.SZ,2020-12-04,5065.9163,0.0017512150290159
399300.SZ,2020-12-07,5022.2351,-0.0086225664644321
399300.SZ,2020-12-08,5009.8786,-0.0024603587354959
399300.SZ,2020-12-09,4942.6986,-0.0134095065696802
399300.SZ,2020-12-10,4940.5249,-0.0004397800019607
399300.SZ,2020-12-11,4889.6292,-0.0103016786738591
399300.SZ,2020-12-14,4934.8352,0.0092452818303687
399300.SZ,2020-12-15,4945.1,0.0020800694620968
399300.SZ,2020-12-16,4953.867,0.0017728660694424
399300.SZ,2020-12-17,5017.4784,0.0128407565241457
399300.SZ,2020-12-18,4999.9678,-0.0034899203552125
399300.SZ,2020-12-21,5046.8396,0.0093744203712671
399300.SZ,2020-12-22,4964.7727,-0.0162610478050461
399300.SZ,2020-12-23,5007.1235,0.0085302596028211
399300.SZ,2020-12-24,5000.0154,-0.0014195974994424
399300.SZ,2020-12-25,5042.0137,0.008399634129127
399300.SZ,2020-12-28,5064.4147,0.0044428677375469
399300.SZ,2020-12-29,5042.9361,-0.0042410823900341
399300.SZ,2020-12-30,5113.7105,0.0140343638302298
399300.SZ,2020-12-31,5211.2885,0.0190816433585747
399300.SZ,2021-01-04,5267.7181,0.0108283392869152
399300.SZ,2021-01-05,5368.5049,0.0191329144966962
399300.SZ,2021-01-06,5417.6677,0.0091576334409231
399300.SZ,2021-01-07,5513.6568,0.0177177902587122
399300.SZ,2021-01-08,5495.4306,-0.0033056464450236
399300.SZ,2021-01-11,5441.1583,-0.0098758958033242
399300.SZ,2021-01-12,5596.3525,0.0285222725462701
399300.SZ,2021-01-13,5577.9711,-0.0032845322020012
399300.SZ,2021-01-14,5470.4563,-0.0192748936974592
399300.SZ,2021-01-15,5458.0812,-0.0022621696109701
399300.SZ,2021-01-18,5518.5205,0.0110733603596808
399300.SZ,2021-01-19,5437.5234,-0.0146773215755925
399300.SZ,2021-01-20,5476.4336,0.0071558680556667
399300.SZ,2021-01-21,5564.9693,0.0161666709516936
399300.SZ,2021-01-22,5569.776,0.0008637424109418
399300.SZ,2021-01-25,5625.9232,0.0100806926526308
399300.SZ,2021-01-26,5512.9678,-0.0200776647644247
399300.SZ,2021-01-27,5528.0034,0.0027273150407298
399300.SZ,2021-01-28,5377.1427,-0.0272902690327576
399300.SZ,2021-01-29,5351.9646,-0.0046824310613887
399300.SZ,2021-02-01,5417.6484,0.0122728390243835
399300.SZ,2021-02-02,5501.0915,0.0154020884780932
399300.SZ,2021-02-03,5485.2008,-0.0028886449171042
399300.SZ,2021-02-04,5473.9475,-0.0020515748484539
399300.SZ,2021-02-05,5483.414,0.0017293735462386
399300.SZ,2021-02-08,5564.5618,0.0147987731730634
399300.SZ,2021-02-09,5686.2502,0.0218684605138179
399300.SZ,2021-02-10,5807.7191,0.0213618633946146
399300.SZ,2021-02-18,5768.3814,-0.006773347560835
399300.SZ,2021-02-19,5778.842,0.0018134376482108
399300.SZ,2021-02-22,5597.3327,-0.0314092858050106
399300.SZ,2021-02-23,5579.6681,-0.003155896021689
399300.SZ,2021-02-24,5437.5683,-0.0254674287884614
399300.SZ,2021-02-25,5469.5584,0.0058831628836735
399300.SZ,2021-02-26,5336.7609,-0.0242793824086419
399300.SZ,2021-03-01,5418.7837,0.0153693975684763
399300.SZ,2021-03-02,5349.6301,-0.0127618306669077
399300.SZ,2021-03-03,5452.2125,0.019175606178827
399300.SZ,2021-03-04,5280.7058,-0.0314563491426646
399300.SZ,2021-03-05,5262.7958,-0.0033915920860426
399300.SZ,2021-03-08,5080.0246,-0.034728917280051
399300.SZ,2021-03-09,4970.9994,-0.0214615496153306
399300.SZ,2021-03-10,5003.6121,0.0065605922221596
399300.SZ,2021-03-11,5128.2156,0.0249027097843976
399300.SZ,2021-03-12,5146.3786,0.0035417777676896
399300.SZ,2021-03-15,5035.5441,-0.0215364062022176
399300.SZ,2021-03-16,5079.3624,0.0087018004668055
399300.SZ,2021-03-17,5100.8581,0.0042319681698632
399300.SZ,2021-03-18,5141.7681,0.0080202191862581
399300.SZ,2021-03-19,5007.0907,-0.0261928187698703
399300.SZ,2021-03-22,5057.152,0.0099980813209554
399300.SZ,2021-03-23,5009.2459,-0.0094729405008985
399300.SZ,2021-03-24,4928.6853,-0.0160823807831034
399300.SZ,2021-03-25,4926.3469,-0.0004744470092258
399300.SZ,2021-03-26,5037.9899,0.0226624316691947
399300.SZ,2021-03-29,5046.8773,0.0017640765814159
399300.SZ,2021-03-30,5094.7291,0.0094814668864644
399300.SZ,2021-03-31,5048.3607,-0.0091012493677042
399300.SZ,2021-04-01,5110.7768,0.0123636371703788
399300.SZ,2021-04-02,5161.5569,0.0099358868499206
399300.SZ,2021-04-06,5140.3418,-0.00411021333505
399300.SZ,2021-04-07,5103.7428,-0.0071199545524385
399300.SZ,2021-04-08,5112.2086,0.0016587434617589
399300.SZ,2021-04-09,5035.3374,-0.0150367886005277
399300.SZ,2021-04-12,4947.7459,-0.0173953586506437
399300.SZ,2021-04-13,4939.6438,-0.0016375335685691
399300.SZ,2021-04-14,4980.6279,0.0082969747737682
399300.SZ,2021-04-15,4948.9741,-0.0063553834246481
399300.SZ,2021-04-16,4966.1811,0.0034768822087791
399300.SZ,2021-04-19,5087.0165,0.0243316539543836
399300.SZ,2021-04-20,5083.3654,-0.0007177291443816
399300.SZ,2021-04-21,5098.7449,0.0030254563246623
399300.SZ,2021-04-22,5089.2435,-0.0018634782061758
399300.SZ,2021-04-23,5135.4534,0.0090799153155083
399300.SZ,2021-04-26,5077.2372,-0.0113361363575026
399300.SZ,2021-04-27,5090.5195,0.0026160487439903
399300.SZ,2021-04-28,5119.2421,0.0056423710782367
399300.SZ,2021-04-29,5164.1692,0.0087761233249741
399300.SZ,2021-04-30,5123.489,-0.0078773948769921
399300.SZ,2021-05-06,5061.1244,-0.0121722911867283
399300.SZ,2021-05-07,4996.0527,-0.0128571627285034
399300.SZ,2021-05-10,4992.422,-0.0007267137114067
399300.SZ,2021-05-11,5023.0595,0.006136800935498
399300.SZ,2021-05-12,5044.5481,0.0042779903363676
399300.SZ,2021-05-13,4992.9738,-0.0102237700934996
399300.SZ,2021-05-14,5110.5901,0.0235563623426184
399300.SZ,2021-05-17,5184.9853,0.0145570665117518
399300.SZ,2021-05-18,5187.6013,0.0005045337351294
399300.SZ,2021-05-19,5172.272,-0.0029549880789798
399300.SZ,2021-05-20,5186.412,0.002733808276131
399300.SZ,2021-05-21,5134.1483,-0.0100770436286203
399300.SZ,2021-05-24,5155.5875,0.0041758045828166
399300.SZ,2021-05-25,5318.478,0.0315949443201188
399300.SZ,2021-05-26,5320.5927,0.0003976137534085
399300.SZ,2021-05-27,5338.2329,0.0033154576932754
399300.SZ,2021-05-28,5321.0886,-0.00321160584807
399300.SZ,2021-05-31,5331.5696,0.0019697097319522
399300.SZ,2021-06-01,5341.6798,0.0018962896029717
399300.SZ,2021-06-02,5289.9736,-0.0096797640322805
399300.SZ,2021-06-03,5255.2855,-0.0065573295110584
399300.SZ,2021-06-04,5282.2772,0.0051361053552656
399300.SZ,2021-06-07,5277.6271,-0.0008803210857621
399300.SZ,2021-06-08,5232.1165,-0.0086233072435146
399300.SZ,2021-06-09,5236.4493,0.0008281161170626
399300.SZ,2021-06-10,5271.4661,0.0066871267138974
399300.SZ,2021-06-11,5224.703,-0.0088709856258013
399300.SZ,2021-06-15,5166.5597,-0.0111285368756847
399300.SZ,2021-06-16,5080.4909,-0.0166588223107148
399300.SZ,2021-06-17,5101.8924,0.0042124866319512
399300.SZ,2021-06-18,5102.4657,0.0001123700688003
399300.SZ,2021-06-21,5090.3854,-0.0023675416377614
399300.SZ,2021-06-22,5122.1583,0.0062417474323259
399300.SZ,2021-06-23,5147.3938,0.0049267317646155
399300.SZ,2021-06-24,5155.9738,0.0016668629472258
399300.SZ,2021-06-25,5239.9684,0.0162907344486507
399300.SZ,2021-06-28,5251.7604,0.0022503952504753
399300.SZ,2021-06-29,5190.5445,-0.0116562629170973
399300.SZ,2021-06-30,5224.041,0.0064533691985493
399300.SZ,2021-07-01,5229.6642,0.0010764080909777
399300.SZ,2021-07-02,5081.1172,-0.0284046918347071
399300.SZ,2021-07-05,5085.7924,0.000920112608306
399300.SZ,2021-07-06,5083.1043,-0.0005285508704603
399300.SZ,2021-07-07,5140.4899,0.0112894791476145
399300.SZ,2021-07-08,5088.2566,-0.0101611521501092
399300.SZ,2021-07-09,5069.4361,-0.0036988111016256
399300.SZ,2021-07-12,5132.7088,0.0124812106814011
399300.SZ,2021-07-13,5142.0991,0.0018295018022451
399300.SZ,2021-07-14,5083.0849,-0.0114766749633433
399300.SZ,2021-07-15,5151.4626,0.0134520082479834
399300.SZ,2021-07-16,5094.7727,-0.0110046222600935
399300.SZ,2021-07-19,5113.4945,0.0036747076076621
399300.SZ,2021-07-20,5108.9941,-0.0008801026382251
399300.SZ,2021-07-21,5144.0428,0.0068601958260237
399300.SZ,2021-07-22,5151.7517,0.0014986072821943
399300.SZ,2021-07-23,5089.2282,-0.0121363574257664
399300.SZ,2021-07-26,4925.299,-0.0322110138429241
399300.SZ,2021-07-27,4751.313,-0.035324961997231
399300.SZ,2021-07-28,4760.4826,0.0019299086378861
399300.SZ,2021-07-29,4850.2746,0.0188619531977702
399300.SZ,2021-07-30,4811.1695,-0.0080624507321708
399300.SZ,2021-08-02,4933.736,0.0254754067592088
399300.SZ,2021-08-03,4934.4583,0.0001464002127393
399300.SZ,2021-08-04,4978.8479,0.0089958405363359
399300.SZ,2021-08-05,4948.6703,-0.0060611612578082
399300.SZ,2021-08-06,4921.5647,-0.0054773501479781
399300.SZ,2021-08-09,4985.5627,0.01300358806621
399300.SZ,2021-08-10,5043.148,0.0115504113507587
399300.SZ,2021-08-11,5015.3406,-0.0055138972721006
399300.SZ,2021-08-12,4973.3509,-0.0083722529233607
399300.SZ,2021-08-13,4945.9829,-0.0055029296243706
399300.SZ,2021-08-16,4941.0676,-0.0009937963999026
399300.SZ,2021-08-17,4837.4034,-0.0209801217858262
399300.SZ,2021-08-18,4894.2384,0.0117490718264265
399300.SZ,2021-08-19,4862.1394,-0.0065585280847783
399300.SZ,2021-08-20,4769.2678,-0.0191009743570906
399300.SZ,2021-08-23,4835.8782,0.0139665883303932
399300.SZ,2021-08-24,4888.3902,0.0108588342857767
399300.SZ,2021-08-25,4898.1572,0.0019979992595517
399300.SZ,2021-08-26,4801.6094,-0.0197110456152773
399300.SZ,2021-08-27,4827.0433,0.0052969531424191
399300.SZ,2021-08-30,4813.2703,-0.0028532994514468
399300.SZ,2021-08-31,4805.6099,-0.0015915166866901
399300.SZ,2021-09-01,4869.4587,0.0132863052408809
399300.SZ,2021-09-02,4869.4113,-9.734141497186322e-06
399300.SZ,2021-09-03,4843.0624,-0.0054111058558556
399300.SZ,2021-09-06,4933.7262,0.0187203452096755
399300.SZ,2021-09-07,4992.8294,0.0119794243952977
399300.SZ,2021-09-08,4972.1324,-0.0041453449220594
399300.SZ,2021-09-09,4970.0133,-0.000426195408634
399300.SZ,2021-09-10,5013.5219,0.0087542220460457
399300.SZ,2021-09-13,4991.6598,-0.0043606272069938
399300.SZ,2021-09-14,4917.1617,-0.0149245146874794
399300.SZ,2021-09-15,4867.3187,-0.0101365387272092
399300.SZ,2021-09-16,4807.6978,-0.0122492287180618
399300.SZ,2021-09-17,4855.9402,0.0100344077366927
399300.SZ,2021-09-22,4821.7675,-0.0070372983588224
399300.SZ,2021-09-23,4853.1957,0.0065179832913968
399300.SZ,2021-09-24,4849.4277,-0.0007763956438022
399300.SZ,2021-09-27,4877.3698,0.0057619376406004
399300.SZ,2021-09-28,4883.828,0.0013241153049334
399300.SZ,2021-09-29,4833.9281,-0.0102173745676548
399300.SZ,2021-09-30,4866.3826,0.0067138979580601
399300.SZ,2021-10-08,4929.9409,0.0130606870080456
399300.SZ,2021-10-11,4936.1918,0.001267946234406
399300.SZ,2021-10-12,4883.8369,-0.0106063342190226
399300.SZ,2021-10-13,4940.1089,0.0115220882990585
399300.SZ,2021-10-14,4913.6123,-0.0053635659732117
399300.SZ,2021-10-15,4932.1084,0.0037642571026614
399300.SZ,2021-10-18,4874.7753,-0.0116244606464853
399300.SZ,2021-10-19,4922.7232,0.0098359200269189
399300.SZ,2021-10-20,4910.1846,-0.0025470861331388
399300.SZ,2021-10-21,4928.0156,0.0036314316981076
399300.SZ,2021-10-22,4959.7254,0.00643459813723
399300.SZ,2021-10-25,4979.5235,0.0039917734155201
399300.SZ,2021-10-26,4963.0984,-0.0032985284636171
399300.SZ,2021-10-27,4898.1644,-0.0130833593788912
399300.SZ,2021-10-28,4864.138,-0.0069467656087655
399300.SZ,2021-10-29,4908.7701,0.009175747069676
399300.SZ,2021-11-01,4890.6851,-0.0036842222454052
399300.SZ,2021-11-02,4839.8457,-0.010395148933224
399300.SZ,2021-11-03,4821.1119,-0.0038707432346448
399300.SZ,2021-11-04,4868.7419,0.0098794636979904
399300.SZ,2021-11-05,4842.3458,-0.0054215443213369
399300.SZ,2021-11-08,4848.1795,0.0012047260234906
399300.SZ,2021-11-09,4846.7444,-0.00029600801703
399300.SZ,2021-11-10,4821.1925,-0.0052719718415519
399300.SZ,2021-11-11,4898.6529,0.0160666474114028
399300.SZ,2021-11-12,4888.3749,-0.0020981278342868
399300.SZ,2021-11-15,4882.3777,-0.0012268289815496
399300.SZ,2021-11-16,4883.3206,0.000193123117042
399300.SZ,2021-11-17,4885.7544,0.0004983903780553
399300.SZ,2021-11-18,4837.6185,-0.0098522963004444
399300.SZ,2021-11-19,4890.0575,0.0108398378251612
399300.SZ,2021-11-22,4912.399,0.0045687601832904
399300.SZ,2021-11-23,4913.3457,0.0001927164304038
399300.SZ,2021-11-24,4916.6579,0.0006741231336522
399300.SZ,2021-11-25,4896.4416,-0.0041117971620519
399300.SZ,2021-11-26,4860.1265,-0.0074166308855802
399300.SZ,2021-11-29,4851.423,-0.0017907970090903
399300.SZ,2021-11-30,4832.026,-0.0039982083607221
399300.SZ,2021-12-01,4843.851,0.0024472136532378
399300.SZ,2021-12-02,4856.163,0.0025417792578672
399300.SZ,2021-12-03,4901.0175,0.0092366133509109
399300.SZ,2021-12-06,4892.6209,-0.0017132360780185
399300.SZ,2021-12-07,4922.1015,0.0060255230483932
399300.SZ,2021-12-08,4995.9298,0.0149993452999699
399300.SZ,2021-12-09,5078.6901,0.0165655450162649
399300.SZ,2021-12-10,5055.1172,-0.0046415314846637
399300.SZ,2021-12-13,5083.8007,0.0056741513332272
399300.SZ,2021-12-14,5049.6953,-0.0067086422172292
399300.SZ,2021-12-15,5005.8991,-0.0086730381534111
399300.SZ,2021-12-16,5034.7321,0.0057598044674933
399300.SZ,2021-12-17,4954.7599,-0.015884102353728
399300.SZ,2021-12-20,4880.4178,-0.0150041781035645
399300.SZ,2021-12-21,4913.4853,0.0067755469623933
399300.SZ,2021-12-22,4914.4544,0.000197232705672
399300.SZ,2021-12-23,4948.7389,0.0069762576289242
399300.SZ,2021-12-24,4921.3449,-0.0055355516937861
399300.SZ,2021-12-27,4919.3238,-0.000410680421931
399300.SZ,2021-12-28,4955.9644,0.0074483001098646
399300.SZ,2021-12-29,4883.4804,-0.0146256094979212
399300.SZ,2021-12-30,4921.5109,0.0077875811685452
399300.SZ,2021-12-31,4940.3733,0.0038326441581182
399300.SZ,2022-01-04,4917.7653,-0.0045761724119106
399300.SZ,2022-01-05,4868.1202,-0.0100950527264893
399300.SZ,2022-01-06,4818.2318,-0.0102479803189742
399300.SZ,2022-01-07,4822.3689,0.0008586344891088
399300.SZ,2022-01-10,4844.0451,0.0044949277936825
399300.SZ,2022-01-11,4797.7735,-0.0095522644906835
399300.SZ,2022-01-12,4845.5787,0.0099640385274544
399300.SZ,2022-01-13,4765.9191,-0.0164396463109762
399300.SZ,2022-01-14,4726.7317,-0.0082224224074638
399300.SZ,2022-01-17,4767.2762,0.0085777028554423
399300.SZ,2022-01-18,4813.3472,0.0096640089785442
399300.SZ,2022-01-19,4780.3784,-0.0068494539517117
399300.SZ,2022-01-20,4823.5091,0.009022444750399
399300.SZ,2022-01-21,4779.3142,-0.0091623958996989
399300.SZ,2022-01-24,4786.7377,0.0015532563228422
399300.SZ,2022-01-25,4678.4511,-0.0226222130366573
399300.SZ,2022-01-26,4712.3109,0.0072373952994828
399300.SZ,2022-01-27,4619.8765,-0.0196155139084732
399300.SZ,2022-01-28,4563.772,-0.0121441558015674
399300.SZ,2022-02-07,4634.0899,0.0154078468424803
399300.SZ,2022-02-08,4608.7729,-0.005463208644269
399300.SZ,2022-02-09,4652.0609,0.0093925218142123
399300.SZ,2022-02-10,4639.8625,-0.0026221496799407
399300.SZ,2022-02-11,4601.3953,-0.0082905905078005
399300.SZ,2022-02-14,4551.6878,-0.010802701519689
399300.SZ,2022-02-15,4600.1025,0.0106366477946928
399300.SZ,2022-02-16,4617.9893,0.0038883481400686
399300.SZ,2022-02-17,4629.1649,0.0024200142689805
399300.SZ,2022-02-18,4651.2358,0.0047677929986897
399300.SZ,2022-02-21,4634.3141,-0.0036381083926126
399300.SZ,2022-02-22,4574.1527,-0.0129817268967591
399300.SZ,2022-02-23,4623.0465,0.0106891490526761
399300.SZ,2022-02-24,4529.3189,-0.0202739903221825
399300.SZ,2022-02-25,4573.4247,0.009737843806935
399300.SZ,2022-02-28,4581.6459,0.0017976025712198
399300.SZ,2022-03-01,4619.6862,0.0083027586221797
399300.SZ,2022-03-02,4578.6007,-0.0088935694376817
399300.SZ,2022-03-03,4551.6283,-0.0058909701385403
399300.SZ,2022-03-04,4496.4301,-0.0121271326131794
399300.SZ,2022-03-07,4352.7775,-0.0319481448182635
399300.SZ,2022-03-08,4265.391,-0.0200760319129568
399300.SZ,2022-03-09,4226.3463,-0.0091538384171578
399300.SZ,2022-03-10,4292.8374,0.0157325252783948
399300.SZ,2022-03-11,4306.5217,0.0031877051760684
399300.SZ,2022-03-14,4174.7577,-0.0305963859418146
399300.SZ,2022-03-15,3983.812,-0.0457381514620597
399300.SZ,2022-03-16,4156.081,0.043242251391381
399300.SZ,2022-03-17,4237.6956,0.0196373939776437
399300.SZ,2022-03-18,4265.9017,0.0066559995484338
399300.SZ,2022-03-21,4258.7459,-0.001677441371891
399300.SZ,2022-03-22,4255.295,-0.0008103089691262
399300.SZ,2022-03-23,4276.5174,0.0049872923028837
399300.SZ,2022-03-24,4251.3061,-0.0058952876001392
399300.SZ,2022-03-25,4174.5742,-0.0180490179241621
399300.SZ,2022-03-28,4148.4663,-0.0062540270574181
399300.SZ,2022-03-29,4134.1441,-0.003452408423807
399300.SZ,2022-03-30,4254.0989,0.0290156310710116
399300.SZ,2022-03-31,4222.5968,-0.0074051169802374
399300.SZ,2022-04-01,4276.158,0.012684422059904
399300.SZ,2022-04-06,4263.8411,-0.0028803659733809
399300.SZ,2022-04-07,4209.0998,-0.0128384943801024
399300.SZ,2022-04-08,4230.7669,0.0051476802712067
399300.SZ,2022-04-11,4100.0703,-0.0308919406550144
399300.SZ,2022-04-12,4179.9727,0.0194880560950381
399300.SZ,2022-04-13,4139.737,-0.0096258284174918
399300.SZ,2022-04-14,4191.5684,0.0125204572174513
399300.SZ,2022-04-15,4188.7472,-0.0006730654806922
399300.SZ,2022-04-18,4166.3844,-0.0053387800533772
399300.SZ,2022-04-19,4134.9017,-0.0075563598980448
399300.SZ,2022-04-20,4070.7889,-0.0155052779126527
399300.SZ,2022-04-21,3995.83,-0.0184138509368541
399300.SZ,2022-04-22,4013.2498,0.0043594947733012
399300.SZ,2022-04-25,3814.9127,-0.0494205718268522
399300.SZ,2022-04-26,3784.1198,-0.0080717181287005
399300.SZ,2022-04-27,3895.5361,0.0294431217531749
399300.SZ,2022-04-28,3921.1073,0.0065642313005391
399300.SZ,2022-04-29,4016.241,0.0242619476391272
399300.SZ,2022-05-05,4010.2102,-0.0015016031159484
399300.SZ,2022-05-06,3908.815,-0.0252842606604511
399300.SZ,2022-05-09,3877.4364,-0.0080276503236914
399300.SZ,2022-05-10,3919.8684,0.0109433129580152
399300.SZ,2022-05-11,3976.4231,0.0144277037463809
399300.SZ,2022-05-12,3958.74,-0.0044469865392342
399300.SZ,2022-05-13,3988.6002,0.0075428545446278
399300.SZ,2022-05-16,3956.5378,-0.0080385093497211
399300.SZ,2022-05-17,4005.8934,0.012474441669684
399300.SZ,2022-05-18,3991.9069,-0.0034914808267239
399300.SZ,2022-05-19,3999.5984,0.0019267733924355
399300.SZ,2022-05-20,4077.5998,0.0195023080317264
399300.SZ,2022-05-23,4053.9823,-0.005792010289975
399300.SZ,2022-05-24,3959.1541,-0.0233913700116549
399300.SZ,2022-05-25,3983.1784,0.0060680386247151
399300.SZ,2022-05-26,3993.0446,0.0024769666354889
399300.SZ,2022-05-27,4001.2988,0.002067144454134
399300.SZ,2022-05-30,4029.0179,0.006927525632427
399300.SZ,2022-05-31,4091.5176,0.0155123907491203
399300.SZ,2022-06-01,4083.1772,-0.0020384612301312
399300.SZ,2022-06-02,4089.5682,0.0015652027053834
399300.SZ,2022-06-06,4166.085,0.0187102393841971
399300.SZ,2022-06-07,4179.1285,0.003130877070439
399300.SZ,2022-06-08,4219.8122,0.0097349722555792
399300.SZ,2022-06-09,4175.6747,-0.0104595886992318
399300.SZ,2022-06-10,4238.9936,0.0151637530576795
399300.SZ,2022-06-13,4189.3527,-0.0117105390298299
399300.SZ,2022-06-14,4222.3114,0.0078672535735651
399300.SZ,2022-06-15,4278.2178,0.0132407098159554
399300.SZ,2022-06-16,4250.0614,-0.0065813386125411
399300.SZ,2022-06-17,4309.0444,0.0138781524426918
399300.SZ,2022-06-20,4330.4328,0.0049636063160545
399300.SZ,2022-06-21,4325.5657,-0.0011239292294292
399300.SZ,2022-06-22,4270.6227,-0.0127019224329433
399300.SZ,2022-06-23,4343.8781,0.017153329887934
399300.SZ,2022-06-24,4394.7723,0.0117163048382964
399300.SZ,2022-06-27,4444.2639,0.0112614708161331
399300.SZ,2022-06-28,4490.5166,0.0104072802697428
399300.SZ,2022-06-29,4421.357,-0.015401256951149
399300.SZ,2022-06-30,4485.0108,0.0143968921758637
399300.SZ,2022-07-01,4466.7179,-0.0040786746823442
399300.SZ,2022-07-04,4496.0303,0.0065624023402062
399300.SZ,2022-07-05,4489.5383,-0.0014439404467536
399300.SZ,2022-07-06,4423.9698,-0.0146047311813779
399300.SZ,2022-07-07,4443.4736,0.0044086648150265
399300.SZ,2022-07-08,4428.781,-0.0033065572843732
399300.SZ,2022-07-11,4354.6167,-0.0167459849561313
399300.SZ,2022-07-12,4313.6184,-0.0094149044162714
399300.SZ,2022-07-13,4321.4617,0.0018182646847018
399300.SZ,2022-07-14,4322.0742,0.0001417344506373
399300.SZ,2022-07-15,4248.5273,-0.0170165750509327
399300.SZ,2022-07-18,4292.5858,0.0103702993740912
399300.SZ,2022-07-19,4269.3401,-0.0054153140049056
399300.SZ,2022-07-20,4283.8027,0.0033875492842558
399300.SZ,2022-07-21,4236.0578,-0.0111454479451167
399300.SZ,2022-07-22,4238.2341,0.0005137559737735
399300.SZ,2022-07-25,4212.6441,-0.0060378920550894
399300.SZ,2022-07-26,4245.9758,0.007912299071265
399300.SZ,2022-07-27,4225.0357,-0.0049317520839379
399300.SZ,2022-07-28,4225.6733,0.000150909967459
399300.SZ,2022-07-29,4170.1019,-0.0131508983432299
399300.SZ,2022-08-01,4188.6784,0.0044546873063222
399300.SZ,2022-08-02,4107.024,-0.0194940724024073
399300.SZ,2022-08-03,4066.9754,-0.0097512456708314
399300.SZ,2022-08-04,4101.5367,0.0084980351737558
399300.SZ,2022-08-05,4156.9111,0.0135008910197
399300.SZ,2022-08-08,4148.0746,-0.0021257370647161
399300.SZ,2022-08-09,4156.2907,0.0019807020828408
399300.SZ,2022-08-10,4109.7373,-0.0112007083623866
399300.SZ,2022-08-11,4193.5428,0.0203919360003863
399300.SZ,2022-08-12,4191.152,-0.0005701146057219
399300.SZ,2022-08-15,4185.6794,-0.0013057507816466
399300.SZ,2022-08-16,4177.837,-0.0018736265371875
399300.SZ,2022-08-17,4216.9586,0.0093640800251419
399300.SZ,2022-08-18,4180.0996,-0.0087406596782809
399300.SZ,2022-08-19,4151.0738,-0.006943805836588
399300.SZ,2022-08-22,4181.3965,0.0073047846077802
399300.SZ,2022-08-23,4161.0823,-0.0048582333677277
399300.SZ,2022-08-24,4082.4195,-0.0189044085958117
399300.SZ,2022-08-25,4116.2396,0.0082843274680615
399300.SZ,2022-08-26,4107.5455,-0.0021121462414384
399300.SZ,2022-08-29,4089.5205,-0.0043882654495245
399300.SZ,2022-08-30,4075.7937,-0.0033565793349121
399300.SZ,2022-08-31,4078.8402,0.0007474617765859
399300.SZ,2022-09-01,4043.7395,-0.0086055590017966
399300.SZ,2022-09-02,4023.6131,-0.0049771752112123
399300.SZ,2022-09-05,4015.4264,-0.0020346638199384
399300.SZ,2022-09-06,4052.2802,0.0091780539172627
399300.SZ,2022-09-07,4054.983,0.0006669825053065
399300.SZ,2022-09-08,4037.6839,-0.0042661337914363
399300.SZ,2022-09-09,4093.7874,0.0138949708272111
399300.SZ,2022-09-13,4111.1145,0.0042325353778751
399300.SZ,2022-09-14,4065.359,-0.0111297070417278
399300.SZ,2022-09-15,4027.1186,-0.0094064017470536
399300.SZ,2022-09-16,3932.6826,-0.0234500170916246
399300.SZ,2022-09-19,3928.0001,-0.001190663085803
399300.SZ,2022-09-20,3932.8361,0.001231160864787
399300.SZ,2022-09-21,3903.7348,-0.007399571011871
399300.SZ,2022-09-22,3869.344,-0.0088097172994436
399300.SZ,2022-09-23,3856.0212,-0.0034431676273807
399300.SZ,2022-09-26,3836.6773,-0.0050165439961793
399300.SZ,2022-09-27,3892.295,0.0144963195106349
399300.SZ,2022-09-28,3828.7098,-0.0163361718472007
399300.SZ,2022-09-29,3827.1434,-0.0004091195420452
399300.SZ,2022-09-30,3804.8853,-0.0058158521052542
399300.SZ,2022-10-10,3720.9365,-0.0220634246188708
399300.SZ,2022-10-11,3727.6867,0.0018141131943532
399300.SZ,2022-10-12,3784.3064,0.0151889642442322
399300.SZ,2022-10-13,3752.6729,-0.0083591275801557
399300.SZ,2022-10-14,3842.4698,0.0239287842007225
399300.SZ,2022-10-17,3846.4119,0.0010259286878455
399300.SZ,2022-10-18,3838.2667,-0.0021176099210798
399300.SZ,2022-10-19,3776.5335,-0.0160836139917009
399300.SZ,2022-10-20,3754.9269,-0.0057212785216919
399300.SZ,2022-10-21,3742.8929,-0.0032048559986613
399300.SZ,2022-10-24,3633.3733,-0.0292606822920312
399300.SZ,2022-10-25,3627.4542,-0.0016290921717292
399300.SZ,2022-10-26,3656.9027,0.0081182279296592
399300.SZ,2022-10-27,3631.1448,-0.0070436383226712
399300.SZ,2022-10-28,3541.3295,-0.0247347062557241
399300.SZ,2022-10-31,3508.7034,-0.009212952367183
399300.SZ,2022-11-01,3634.1732,0.0357595914205801
399300.SZ,2022-11-02,3677.8051,0.0120060045569649
399300.SZ,2022-11-03,3647.8966,-0.0081321601299644
399300.SZ,2022-11-04,3767.1746,0.0326977469701306
399300.SZ,2022-11-07,3775.2971,0.0021561251766775
399300.SZ,2022-11-08,3749.3251,-0.0068794585729424
399300.SZ,2022-11-09,3714.2704,-0.0093496026791595
399300.SZ,2022-11-10,3685.6885,-0.0076951586508079
399300.SZ,2022-11-11,3788.4387,0.027878156279349
399300.SZ,2022-11-14,3794.0171,0.0014724799427268
399300.SZ,2022-11-15,3865.9726,0.0189655181048076
399300.SZ,2022-11-16,3834.3899,-0.0081694060635607
399300.SZ,2022-11-17,3818.664,-0.0041012782763693
399300.SZ,2022-11-18,3801.5686,-0.0044768013106154
399300.SZ,2022-11-21,3769.1269,-0.008533766824568
399300.SZ,2022-11-22,3769.5727,0.0001182767287564
399300.SZ,2022-11-23,3773.5287,0.0010494558176314
399300.SZ,2022-11-24,3756.8082,-0.004430998497507
399300.SZ,2022-11-25,3775.7764,0.0050490200697497
399300.SZ,2022-11-28,3733.2424,-0.0112649679149432
399300.SZ,2022-11-29,3848.4224,0.0308525371939416
399300.SZ,2022-11-30,3853.0365,0.0011989588253098
399300.SZ,2022-12-01,3894.7687,0.0108309900516125
399300.SZ,2022-12-02,3870.9478,-0.0061161269987611
399300.SZ,2022-12-05,3946.8759,0.0196148602158883
399300.SZ,2022-12-06,3968.1979,0.0054022473825436
399300.SZ,2022-12-07,3958.4409,-0.0024587987408591
399300.SZ,2022-12-08,3959.1798,0.0001866644011281
399300.SZ,2022-12-09,3998.2442,0.0098667910964791
399300.SZ,2022-12-12,3953.4433,-0.0112051434977383
399300.SZ,2022-12-13,3945.6813,-0.0019633517951299
399300.SZ,2022-12-14,3954.8857,0.0023327783721405
399300.SZ,2022-12-15,3951.9885,-0.0007325622583731
399300.SZ,2022-12-16,3954.227,0.0005664237130245
399300.SZ,2022-12-19,3893.2207,-0.0154281228669977
399300.SZ,2022-12-20,3829.0173,-0.0164910763985201
399300.SZ,2022-12-21,3830.5384,0.0003972559747902
399300.SZ,2022-12-22,3836.028,0.0014331144676684
399300.SZ,2022-12-23,3828.2188,-0.0020357515638571
399300.SZ,2022-12-26,3843.4887,0.0039887741003725
399300.SZ,2022-12-27,3887.854,0.0115429765670964
399300.SZ,2022-12-28,3871.2644,-0.0042670326612058
399300.SZ,2022-12-29,3856.7007,-0.0037620008594608
399300.SZ,2022-12-30,3871.6338,0.0038719883033704
399300.SZ,2023-01-03,3887.8992,0.0042011721253181
399300.SZ,2023-01-04,3892.9477,0.0012985161755223
399300.SZ,2023-01-05,3968.5782,0.0194275664170879
399300.SZ,2023-01-06,3980.8888,0.0031020177452973
399300.SZ,2023-01-09,4013.1196,0.008096382898211
399300.SZ,2023-01-10,4017.4737,0.0010849664186434
399300.SZ,2023-01-11,4010.0309,-0.0018526070251561
399300.SZ,2023-01-12,4017.8692,0.0019546732171065
399300.SZ,2023-01-13,4074.3772,0.0140641711283184
399300.SZ,2023-01-16,4137.9643,0.0156065815408548
399300.SZ,2023-01-17,4137.2422,-0.0001745060971164
399300.SZ,2023-01-18,4130.3143,-0.0016745212547623
399300.SZ,2023-01-19,4156.0077,0.0062206888226399
399300.SZ,2023-01-20,4181.5267,0.0061402677381949
399300.SZ,2023-01-30,4201.345,0.004739489048342
399300.SZ,2023-01-31,4156.8578,-0.0105887995391953
399300.SZ,2023-02-01,4195.9332,0.0094002253336644
399300.SZ,2023-02-02,4181.1493,-0.0035233878365843
399300.SZ,2023-02-03,4141.6319,-0.0094513247828772
399300.SZ,2023-02-06,4086.8779,-0.0132203926669582
399300.SZ,2023-02-07,4094.2335,0.0017998090914337
399300.SZ,2023-02-08,4076.1411,-0.0044189956435068
399300.SZ,2023-02-09,4130.8565,0.0134233331618476
399300.SZ,2023-02-10,4106.3097,-0.0059423027645719
399300.SZ,2023-02-13,4143.574,0.0090748878488147
399300.SZ,2023-02-14,4145.2902,0.0004141835043856
399300.SZ,2023-02-15,4123.6893,-0.0052109500077944
399300.SZ,2023-02-16,4093.4876,-0.0073239513946892
399300.SZ,2023-02-17,4034.507,-0.0144083983544984
399300.SZ,2023-02-20,4133.4896,0.0245340013042485
399300.SZ,2023-02-21,4144.3536,0.0026282877305414
399300.SZ,2023-02-22,4106.9506,-0.0090250503721497
399300.SZ,2023-02-23,4103.6463,-0.0008045628793293
399300.SZ,2023-02-24,4061.0457,-0.0103811578497884
399300.SZ,2023-02-27,4043.8444,-0.004235682449966
399300.SZ,2023-02-28,4069.4587,0.0063341457945316
399300.SZ,2023-03-01,4126.9415,0.0141254167292568
399300.SZ,2023-03-02,4117.7377,-0.0022301745735916
399300.SZ,2023-03-03,4130.5513,0.0031118057859782
399300.SZ,2023-03-06,4109.0102,-0.0052150665699274
399300.SZ,2023-03-07,4048.8519,-0.0146405818121355
399300.SZ,2023-03-08,4034.1077,-0.0036415755291024
399300.SZ,2023-03-09,4019.8505,-0.0035341644448412
399300.SZ,2023-03-10,3967.1352,-0.0131137463942999
399300.SZ,2023-03-13,4008.686,0.0104737544614057
399300.SZ,2023-03-14,3984.6956,-0.005984604431477
399300.SZ,2023-03-15,3986.902,0.0005537185826691
399300.SZ,2023-03-16,3939.1505,-0.0119770939942842
399300.SZ,2023-03-17,3958.8194,0.0049931831749001
399300.SZ,2023-03-20,3939.077,-0.0049869413088153
399300.SZ,2023-03-21,3982.3782,0.0109927274841288
399300.SZ,2023-03-22,3999.4427,0.0042850023636629
399300.SZ,2023-03-23,4039.0895,0.0099130811400298
399300.SZ,2023-03-24,4027.0457,-0.0029818106283606
399300.SZ,2023-03-27,4012.4771,-0.0036176892653589
399300.SZ,2023-03-28,3999.5147,-0.0032305231100259
399300.SZ,2023-03-29,4006.144,0.0016575260993538
399300.SZ,2023-03-30,4038.5257,0.008083009497412
399300.SZ,2023-03-31,4050.9257,0.003070427408695
399300.SZ,2023-04-03,4090.5676,0.0097858867172013
399300.SZ,2023-04-04,4103.1052,0.0030650025194547
399300.SZ,2023-04-06,4096.64,-0.0015756846790083
399300.SZ,2023-04-07,4123.2799,0.006502865763162
399300.SZ,2023-04-10,4104.8118,-0.0044789828602225
399300.SZ,2023-04-11,4100.1479,-0.001136203126292
399300.SZ,2023-04-12,4097.2876,-0.0006976089813736
399300.SZ,2023-04-13,4068.9786,-0.0069092050067462
399300.SZ,2023-04-14,4091.9988,0.0056574885893967
399300.SZ,2023-04-17,4149.3836,0.0140236600264889
399300.SZ,2023-04-18,4162.032,0.0030482599873389
399300.SZ,2023-04-19,4124.5589,-0.0090035588385674
399300.SZ,2023-04-20,4113.0192,-0.0027978022086192
399300.SZ,2023-04-21,4032.5672,-0.0195603268761789
399300.SZ,2023-04-24,3982.6429,-0.0123802772586157
399300.SZ,2023-04-25,3962.6658,-0.0050160409812287
399300.SZ,2023-04-26,3959.2323,-0.0008664621679678
399300.SZ,2023-04-27,3988.4185,0.0073716816262587
399300.SZ,2023-04-28,4029.0858,0.0101963472489157
399300.SZ,2023-05-04,4030.2471,0.0002882291561028
399300.SZ,2023-05-05,4016.8774,-0.0033173400211615
399300.SZ,2023-05-08,4062.6624,0.0113981571854795
399300.SZ,2023-05-09,4027.8754,-0.0085626115524637
399300.SZ,2023-05-10,3996.8695,-0.0076978299775608
399300.SZ,2023-05-11,3990.6637,-0.0015526651545665
399300.SZ,2023-05-12,3937.7622,-0.0132563162363192
399300.SZ,2023-05-15,3998.8872,0.0155227758547735
399300.SZ,2023-05-16,3978.2054,-0.0051718888194696
399300.SZ,2023-05-17,3960.165,-0.0045348085847954
399300.SZ,2023-05-18,3956.0701,-0.0010340225722917
399300.SZ,2023-05-19,3944.5403,-0.0029144579617028
399300.SZ,2023-05-22,3969.3277,0.0062839768679761
399300.SZ,2023-05-23,3913.1882,-0.0141433270928977
399300.SZ,2023-05-24,3859.0935,-0.0138236898496219
399300.SZ,2023-05-25,3850.4996,-0.0022269219442337
399300.SZ,2023-05-26,3850.9511,0.0001172575112071
399300.SZ,2023-05-29,3833.9416,-0.0044169607866483
399300.SZ,2023-05-30,3837.7531,0.0009941465983727
399300.SZ,2023-05-31,3798.5434,-0.0102168375552872
399300.SZ,2023-06-01,3806.8679,0.0021914979304962
399300.SZ,2023-06-02,3861.8337,0.0144385887411537
399300.SZ,2023-06-05,3844.2492,-0.0045534068440078
399300.SZ,2023-06-06,3808.1629,-0.0093870865603614
399300.SZ,2023-06-07,3789.3418,-0.0049423043326217
399300.SZ,2023-06-08,3820.1867,0.0081399096803567
399300.SZ,2023-06-09,3836.7026,0.0043233227318444
399300.SZ,2023-06-12,3844.4324,0.0020146987676346
399300.SZ,2023-06-13,3864.9074,0.0053258837377396
399300.SZ,2023-06-14,3864.0247,-0.0002283883955408
399300.SZ,2023-06-15,3925.4994,0.015909499750351
399300.SZ,2023-06-16,3963.3509,0.0096424674017272
399300.SZ,2023-06-19,3930.9079,-0.0081857500934372
399300.SZ,2023-06-20,3924.2377,-0.0016968599035352
399300.SZ,2023-06-21,3864.0323,-0.0153419350718739
399300.SZ,2023-06-26,3809.6962,-0.0140620201337343
399300.SZ,2023-06-27,3845.4334,0.009380590504828
399300.SZ,2023-06-28,3840.7986,-0.0012052737670609
399300.SZ,2023-06-29,3821.8435,-0.0049351975914592
399300.SZ,2023-06-30,3842.4516,0.0053921883509882
399300.SZ,2023-07-03,3892.8821,0.0131245634948271
399300.SZ,2023-07-04,3899.0133,0.0015749770587709
399300.SZ,2023-07-05,3868.8054,-0.0077475755212221
399300.SZ,2023-07-06,3842.7547,-0.0067335255477053
399300.SZ,2023-07-07,3825.6988,-0.004438456610306
399300.SZ,2023-07-10,3844.3269,0.0048692019350817
399300.SZ,2023-07-11,3869.4861,0.0065445006770885
399300.SZ,2023-07-12,3843.4369,-0.0067319533723095
399300.SZ,2023-07-13,3898.4229,0.0143064661735436
399300.SZ,2023-07-14,3899.1027,0.0001743782081722
399300.SZ,2023-07-17,3867.1749,-0.0081884993693548
399300.SZ,2023-07-18,3854.9393,-0.0031639634400812
399300.SZ,2023-07-19,3850.8663,-0.0010565665716188
399300.SZ,2023-07-20,3823.6946,-0.0070559967246851
399300.SZ,2023-07-21,3821.91,-0.000466721374662
399300.SZ,2023-07-24,3805.221,-0.0043666648351217
399300.SZ,2023-07-25,3915.1153,0.0288798732057875
399300.SZ,2023-07-26,3907.0128,-0.002069543137082
399300.SZ,2023-07-27,3902.3458,-0.0011945187382031
399300.SZ,2023-07-28,3992.7376,0.0231634520959163
399300.SZ,2023-07-31,4014.6301,0.0054830800801934
399300.SZ,2023-08-01,3998.001,-0.0041421250739887
399300.SZ,2023-08-02,3969.895,-0.0070300132491213
399300.SZ,2023-08-03,4004.9839,0.0088387476243074
399300.SZ,2023-08-04,4020.5792,0.0038939732067337
399300.SZ,2023-08-07,3990.1531,-0.0075675912565035
399300.SZ,2023-08-08,3979.7322,-0.0026116541743724
399300.SZ,2023-08-09,3967.5652,-0.0030572408867108
399300.SZ,2023-08-10,3975.7166,0.0020545094003747
399300.SZ,2023-08-11,3884.2538,-0.0230053621025201
399300.SZ,2023-08-14,3855.9061,-0.0072981070392464
399300.SZ,2023-08-15,3846.5357,-0.002430142165547
399300.SZ,2023-08-16,3818.3338,-0.0073317660875993
399300.SZ,2023-08-17,3831.1008,0.0033436050038371
399300.SZ,2023-08-18,3784.0038,-0.0122933335505033
399300.SZ,2023-08-21,3729.555,-0.0143892033089396
399300.SZ,2023-08-22,3758.2271,0.0076878072585067
399300.SZ,2023-08-23,3696.6339,-0.0163888978396223
399300.SZ,2023-08-24,3723.4293,0.0072485944577849
399300.SZ,2023-08-25,3709.1517,-0.0038345296364294
399300.SZ,2023-08-28,3752.6194,0.0117190407715057
399300.SZ,2023-08-29,3790.1067,0.0099896355063344
399300.SZ,2023-08-30,3788.5097,-0.0004213601690948
399300.SZ,2023-08-31,3765.2678,-0.006134839776179
399300.SZ,2023-09-01,3791.4912,0.0069645511004554
399300.SZ,2023-09-04,3848.9517,0.0151551189146899
399300.SZ,2023-09-05,3820.3174,-0.0074395061907376
399300.SZ,2023-09-06,3812.0283,-0.0021697411843319
399300.SZ,2023-09-07,3758.4748,-0.0140485578241903
399300.SZ,2023-09-08,3739.9927,-0.0049174468324225
399300.SZ,2023-09-11,3767.537,0.0073648004714019
399300.SZ,2023-09-12,3760.6048,-0.001839981929839
399300.SZ,2023-09-13,3736.6513,-0.0063695871472588
399300.SZ,2023-09-14,3733.5077,-0.0008412880270631
399300.SZ,2023-09-15,3708.7766,-0.0066240924051127
399300.SZ,2023-09-18,3727.711,0.0051052953688286
399300.SZ,2023-09-19,3720.5021,-0.0019338677274068
399300.SZ,2023-09-20,3705.6898,-0.0039812637116909
399300.SZ,2023-09-21,3672.4448,-0.0089713391552632
399300.SZ,2023-09-22,3738.9327,0.018104533524915
399300.SZ,2023-09-25,3714.6037,-0.0065069371267366
399300.SZ,2023-09-26,3692.8928,-0.0058447419303437
399300.SZ,2023-09-27,3700.495,0.0020586029467195
399300.SZ,2023-09-28,3689.5172,-0.0029665760931983
399300.SZ,2023-10-09,3684.7272,-0.0012982728471898
399300.SZ,2023-10-10,3657.1259,-0.0074907309284659
399300.SZ,2023-10-11,3667.5483,0.0028498882141301
399300.SZ,2023-10-12,3702.3824,0.0094979253579292
399300.SZ,2023-10-13,3663.4104,-0.0105261952412045
399300.SZ,2023-10-16,3626.5972,-0.01004888777954
399300.SZ,2023-10-17,3639.4018,0.0035307477764554
399300.SZ,2023-10-18,3610.5767,-0.0079202851413657
399300.SZ,2023-10-19,3533.5445,-0.0213351512515992
399300.SZ,2023-10-20,3510.5889,-0.0064964796679367
399300.SZ,2023-10-23,3474.2438,-0.0103529923426807
399300.SZ,2023-10-24,3487.1302,0.0037091236947734
399300.SZ,2023-10-25,3504.4576,0.0049689569950672
399300.SZ,2023-10-26,3514.1448,0.0027642508786522
399300.SZ,2023-10-27,3562.3851,0.013727465072014
399300.SZ,2023-10-30,3583.7718,0.0060034778384852
399300.SZ,2023-10-31,3572.5056,-0.0031436711455791
399300.SZ,2023-11-01,3571.0268,-0.0004139391691926
399300.SZ,2023-11-02,3554.1889,-0.0047151424346633
399300.SZ,2023-11-03,3584.1364,0.0084259730820721
399300.SZ,2023-11-06,3632.6084,0.0135240388730741
399300.SZ,2023-11-07,3619.7593,-0.0035371552848911
399300.SZ,2023-11-08,3611.0723,-0.002399883329259
399300.SZ,2023-11-09,3612.8263,0.0004857282973813
399300.SZ,2023-11-10,3586.4893,-0.0072898605725938
399300.SZ,2023-11-13,3579.4141,-0.0019727369603472
399300.SZ,2023-11-14,3582.0584,0.0007387521885215
399300.SZ,2023-11-15,3607.2454,0.0070314319833535
399300.SZ,2023-11-16,3572.3641,-0.0096697884762705
399300.SZ,2023-11-17,3568.0685,-0.0012024530198363
399300.SZ,2023-11-20,3576.3233,0.002313520606457
399300.SZ,2023-11-21,3581.0674,0.0013265299588547
399300.SZ,2023-11-22,3544.4162,-0.01023471381745
399300.SZ,2023-11-23,3561.5204,0.0048256748177597
399300.SZ,2023-11-24,3538.0087,-0.0066015907138984
399300.SZ,2023-11-27,3511.9424,-0.007367505908055
399300.SZ,2023-11-28,3518.5232,0.0018738348328264
399300.SZ,2023-11-29,3488.3073,-0.0085876654159904
399300.SZ,2023-11-30,3496.2028,0.0022634187074057
399300.SZ,2023-12-01,3482.8813,-0.0038102766807462
399300.SZ,2023-12-04,3460.138,-0.0065300244369511
399300.SZ,2023-12-05,3394.2571,-0.0190399631459785
399300.SZ,2023-12-06,3399.598,0.001573510739655
399300.SZ,2023-12-07,3391.2823,-0.0024460833310291
399300.SZ,2023-12-08,3399.4618,0.0024119195267229
399300.SZ,2023-12-11,3419.4548,0.0058812250809818
399300.SZ,2023-12-12,3426.803,0.0021489390647888
399300.SZ,2023-12-13,3369.605,-0.0166913592640136
399300.SZ,2023-12-14,3351.9639,-0.0052353614147652
399300.SZ,2023-12-15,3341.5517,-0.0031062983703374
399300.SZ,2023-12-18,3329.3657,-0.0036468087565426
399300.SZ,2023-12-19,3334.0412,0.0014043215498977
399300.SZ,2023-12-20,3297.5022,-0.0109593726676203
399300.SZ,2023-12-21,3330.8698,0.0101190531427091
399300.SZ,2023-12-22,3337.2281,0.0019089007922195
399300.SZ,2023-12-25,3347.4508,0.0030632308292022
399300.SZ,2023-12-26,3324.7902,-0.0067695095025743
399300.SZ,2023-12-27,3336.3572,0.0034790165105755
399300.SZ,2023-12-28,3414.5403,0.0234336719101899
399300.SZ,2023-12-29,3431.1099,0.0048526590826882
399300.SZ,2024-01-02,3386.3522,-0.0130446710552757
399300.SZ,2024-01-03,3378.2971,-0.0023786952816071
399300.SZ,2024-01-04,3347.0519,-0.0092488017113709
399300.SZ,2024-01-05,3329.1114,-0.0053600901736838
399300.SZ,2024-01-08,3286.0564,-0.0129328805278188
399300.SZ,2024-01-09,3292.4994,0.0019607088910587
399300.SZ,2024-01-10,3277.129,-0.0046683076084995
399300.SZ,2024-01-11,3295.6717,0.0056582148581882
399300.SZ,2024-01-12,3284.1667,-0.0034909423775431
399300.SZ,2024-01-15,3280.9195,-0.0009887439635754
399300.SZ,2024-01-16,3300.8762,0.0060826545729024
399300.SZ,2024-01-17,3229.082,-0.0217500432157983
399300.SZ,2024-01-18,3274.7286,0.014136091929533
399300.SZ,2024-01-19,3269.7763,-0.0015122779945794
399300.SZ,2024-01-22,3218.9016,-0.0155590766255171
399300.SZ,2024-01-23,3231.9329,0.0040483685490726
399300.SZ,2024-01-24,3277.1089,0.0139780129717421
399300.SZ,2024-01-25,3342.9189,0.0200817250839604
399300.SZ,2024-01-26,3333.8213,-0.0027214539963862
399300.SZ,2024-01-29,3303.9604,-0.0089569587908026
399300.SZ,2024-01-30,3245.0387,-0.0178336580547393
399300.SZ,2024-01-31,3215.3518,-0.0091483962887716
399300.SZ,2024-02-01,3217.7109,0.0007336988755008
399300.SZ,2024-02-02,3179.6276,-0.0118355256838021
399300.SZ,2024-02-05,3200.4218,0.0065398224622279
399300.SZ,2024-02-06,3311.6922,0.0347674172198175
399300.SZ,2024-02-07,3343.6303,0.0096440424022496
399300.SZ,2024-02-08,3364.9297,0.0063701420578705
399300.SZ,2024-02-19,3403.8078,0.0115539115126237
399300.SZ,2024-02-20,3410.8542,0.0020701521396127
399300.SZ,2024-02-21,3456.8713,0.0134913711644431
399300.SZ,2024-02-22,3486.6747,0.0086214953967189
399300.SZ,2024-02-23,3489.7416,0.000879606003967
399300.SZ,2024-02-26,3453.3585,-0.0104257289422231
399300.SZ,2024-02-27,3494.7874,0.0119966982866099
399300.SZ,2024-02-28,3450.2598,-0.0127411470008161
399300.SZ,2024-02-29,3516.0826,0.0190776358348436
399300.SZ,2024-03-01,3537.8038,0.0061776705700826
399300.SZ,2024-03-04,3540.8686,0.0008663001605684
399300.SZ,2024-03-05,3565.5143,0.0069603543040259
399300.SZ,2024-03-06,3551.0481,-0.0040572547977159
399300.SZ,2024-03-07,3529.7195,-0.0060062830464052
399300.SZ,2024-03-08,3544.9099,0.004303571431101
399300.SZ,2024-03-11,3589.2635,0.0125119117978147
399300.SZ,2024-03-12,3597.4939,0.0022930609580489
399300.SZ,2024-03-13,3572.361,-0.0069862244936677
399300.SZ,2024-03-14,3562.2229,-0.0028379270739994
399300.SZ,2024-03-15,3569.993,0.0021812503647651
399300.SZ,2024-03-18,3603.528,0.0093935758417453
399300.SZ,2024-03-19,3577.6303,-0.0071867625282778
399300.SZ,2024-03-20,3585.3838,0.0021672166629402
399300.SZ,2024-03-21,3581.0902,-0.0011975286997168
399300.SZ,2024-03-22,3545.0023,-0.0100773501879399
399300.SZ,2024-03-25,3525.7634,-0.0054270486651024
399300.SZ,2024-03-26,3543.7467,0.0051005407793387
399300.SZ,2024-03-27,3502.7866,-0.011558416407132
399300.SZ,2024-03-28,3520.9648,0.0051896395858086
399300.SZ,2024-03-29,3537.4843,0.0046917538056614
399300.SZ,2024-04-01,3595.6466,0.0164417125469644
399300.SZ,2024-04-02,3580.6759,-0.004163562681605
399300.SZ,2024-04-03,3567.8031,-0.0035950754437171
399300.SZ,2024-04-08,3536.4077,-0.0087996448010261
399300.SZ,2024-04-09,3533.4871,-0.0008258663162622
399300.SZ,2024-04-10,3504.7086,-0.0081445040509698
399300.SZ,2024-04-11,3504.2447,-0.0001323647849067
399300.SZ,2024-04-12,3475.8389,-0.0081061119961172
399300.SZ,2024-04-15,3549.0759,0.0210703090986177
399300.SZ,2024-04-16,3511.1146,-0.010696108246093
399300.SZ,2024-04-17,3565.403,0.0154618707119384
399300.SZ,2024-04-18,3569.8018,0.001233745526102
399300.SZ,2024-04-19,3541.6619,-0.0078827625668181
399300.SZ,2024-04-22,3530.9045,-0.0030373876173781
399300.SZ,2024-04-23,3506.2249,-0.0069895971414689
399300.SZ,2024-04-24,3521.6219,0.0043913326837647
399300.SZ,2024-04-25,3530.2813,0.0024589238271151
399300.SZ,2024-04-26,3584.2686,0.0152926340459045
399300.SZ,2024-04-29,3623.9124,0.0110604992047751
399300.SZ,2024-04-30,3604.3943,-0.0053859193726648
399300.SZ,2024-05-06,3657.8767,0.0148381102478161
399300.SZ,2024-05-07,3659.0076,0.0003091684309644
399300.SZ,2024-05-08,3630.2233,-0.0078666958767726
399300.SZ,2024-05-09,3664.561,0.0094588396256505
399300.SZ,2024-05-10,3666.2771,0.0004682962024644
399300.SZ,2024-05-13,3664.6907,-0.0004327005179176
399300.SZ,2024-05-14,3657.0454,-0.0020862060746354
399300.SZ,2024-05-15,3626.0559,-0.0084739172229035
399300.SZ,2024-05-16,3640.3592,0.0039445889402862
399300.SZ,2024-05-17,3677.9696,0.0103315079456993
399300.SZ,2024-05-20,3690.9623,0.0035325740593397
399300.SZ,2024-05-21,3676.1611,-0.0040101195289912
399300.SZ,2024-05-22,3684.451,0.0022550426312928
399300.SZ,2024-05-23,3641.7917,-0.0115781971316757
399300.SZ,2024-05-24,3601.4754,-0.0110704574344546
399300.SZ,2024-05-27,3635.7079,0.0095051322577408
399300.SZ,2024-05-28,3609.1724,-0.0072985786344387
399300.SZ,2024-05-29,3613.5223,0.0012052347513242
399300.SZ,2024-05-30,3594.3121,-0.0053161979932986
399300.SZ,2024-05-31,3579.9247,-0.0040028243512855
399300.SZ,2024-06-03,3588.7483,0.0024647445796834
399300.SZ,2024-06-04,3615.6714,0.0075020864517023
399300.SZ,2024-06-05,3594.7936,-0.0057742526049242
399300.SZ,2024-06-06,3592.2454,-0.0007088585002488
399300.SZ,2024-06-07,3574.1143,-0.005047288807162
399300.SZ,2024-06-11,3542.8771,-0.0087398436026514
399300.SZ,2024-06-12,3544.1225,0.0003515222134009
399300.SZ,2024-06-13,3526.1306,-0.0050765457458087
399300.SZ,2024-06-14,3541.5331,0.0043681025314263
399300.SZ,2024-06-17,3536.1986,-0.0015062685705238
399300.SZ,2024-06-18,3545.5902,0.0026558463090844
399300.SZ,2024-06-19,3528.749,-0.0047499003127886
399300.SZ,2024-06-20,3503.2817,-0.0072170902492638
399300.SZ,2024-06-21,3495.6198,-0.002187063632365
399300.SZ,2024-06-24,3476.8102,-0.0053809055550034
399300.SZ,2024-06-25,3457.9023,-0.0054382893837574
399300.SZ,2024-06-26,3480.2648,0.0064670710910483
399300.SZ,2024-06-27,3454.1175,-0.0075130202736297
399300.SZ,2024-06-28,3461.657,0.0021827572455193
399300.SZ,2024-07-01,3478.1827,0.0047739276306115
399300.SZ,2024-07-02,3471.7857,-0.0018391788332452
399300.SZ,2024-07-03,3463.4141,-0.0024113239477885
399300.SZ,2024-07-04,3445.8128,-0.0050820662767411
399300.SZ,2024-07-05,3431.0605,-0.0042812250276625
399300.SZ,2024-07-08,3401.7604,-0.0085396628826568
399300.SZ,2024-07-09,3439.8111,0.0111855908487852
399300.SZ,2024-07-10,3428.9657,-0.0031529056929898
399300.SZ,2024-07-11,3468.169,0.0114329810881455
399300.SZ,2024-07-12,3472.4014,0.0012203557554433
399300.SZ,2024-07-15,3476.2467,0.0011073892551707
399300.SZ,2024-07-16,3498.2827,0.0063390207605231
399300.SZ,2024-07-17,3501.5836,0.0009435772586359
399300.SZ,2024-07-18,3520.931,0.0055253285970382
399300.SZ,2024-07-19,3539.0156,0.0051363119583995
399300.SZ,2024-07-22,3514.9249,-0.0068071754190629
399300.SZ,2024-07-23,3439.8779,-0.0213509540417208
399300.SZ,2024-07-24,3418.1663,-0.0063117356578267
399300.SZ,2024-07-25,3399.2716,-0.0055277298825395
399300.SZ,2024-07-26,3409.2931,0.0029481315938391
399300.SZ,2024-07-29,3390.742,-0.0054413332781507
399300.SZ,2024-07-30,3369.3821,-0.006299476633728
399300.SZ,2024-07-31,3442.0844,0.0215773390616635
399300.SZ,2024-08-01,3419.2666,-0.0066290646446671
399300.SZ,2024-08-02,3384.3919,-0.0101994679209862
399300.SZ,2024-08-05,3343.3205,-0.0121355331219178
399300.SZ,2024-08-06,3342.9789,-0.000102173871754
399300.SZ,2024-08-07,3341.489,-0.0004456803481469
399300.SZ,2024-08-08,3342.9369,0.0004333098208613
399300.SZ,2024-08-09,3331.6274,-0.0033831030433151
399300.SZ,2024-08-12,3325.8645,-0.0017297552541438
399300.SZ,2024-08-13,3334.3903,0.0025634838701336
399300.SZ,2024-08-14,3309.2389,-0.0075430281811941
399300.SZ,2024-08-15,3341.953,0.0098856870079704
399300.SZ,2024-08-16,3345.634,0.0011014517559044
399300.SZ,2024-08-19,3356.9677,0.0033876090451017
399300.SZ,2024-08-20,3332.7034,-0.0072280409489791
399300.SZ,2024-08-21,3321.635,-0.003321147630479
399300.SZ,2024-08-22,3313.1357,-0.0025587700033268
399300.SZ,2024-08-23,3327.1905,0.0042421443830387
399300.SZ,2024-08-26,3324.2231,-0.0008918635707814
399300.SZ,2024-08-27,3305.3338,-0.0056823201788112
399300.SZ,2024-08-28,3286.4956,-0.0056993336043699
399300.SZ,2024-08-29,3277.6812,-0.0026820057206223
399300.SZ,2024-08-30,3321.4323,0.0133481865167361
399300.SZ,2024-09-02,3265.011,-0.0169870389951949
399300.SZ,2024-09-03,3273.4282,0.0025780005029079
399300.SZ,2024-09-04,3252.1649,-0.0064957282398921
399300.SZ,2024-09-05,3257.7578,0.0017197467446989
399300.SZ,2024-09-06,3231.3457,-0.0081074473983302
399300.SZ,2024-09-09,3192.9516,-0.0118817680200542
399300.SZ,2024-09-10,3195.7552,0.0008780590347814
399300.SZ,2024-09-11,3186.1299,-0.0030119015373893
399300.SZ,2024-09-12,3172.4747,-0.0042858265132252
399300.SZ,2024-09-13,3159.247,-0.0041695210366847
399300.SZ,2024-09-18,3171.0102,0.0037234189033019
399300.SZ,2024-09-19,3196.0357,0.0078919645228512
399300.SZ,2024-09-20,3201.0497,0.0015688185210196
399300.SZ,2024-09-23,3212.7639,0.0036594870738808
399300.SZ,2024-09-24,3351.909,0.0433100919740787
399300.SZ,2024-09-25,3401.533,0.0148046978602343
399300.SZ,2024-09-26,3545.3204,0.0422713523578928
399300.SZ,2024-09-27,3703.6849,0.044668600332991
399300.SZ,2024-09-30,4017.8545,0.0848262226627323
399300.SZ,2024-10-08,4256.0962,0.0592957510034273
399300.SZ,2024-10-09,3955.9839,-0.0705135142387053
399300.SZ,2024-10-10,3997.7879,0.0105672826423786
399300.SZ,2024-10-11,3887.167,-0.0276705274934671
399300.SZ,2024-10-14,3961.3424,0.01908212330471
399300.SZ,2024-10-15,3855.9949,-0.0265938889806647
399300.SZ,2024-10-16,3831.589,-0.0063293392841365
399300.SZ,2024-10-17,3788.2217,-0.0113183590411184
399300.SZ,2024-10-18,3925.234,0.0361679729568098
399300.SZ,2024-10-21,3935.1974,0.0025382945322496
399300.SZ,2024-10-22,3957.7755,0.0057374758379338
399300.SZ,2024-10-23,3973.2089,0.0038995137546331
399300.SZ,2024-10-24,3928.8334,-0.0111686803077482
399300.SZ,2024-10-25,3956.421,0.0070218299406636
399300.SZ,2024-10-28,3964.1569,0.0019552772568944
399300.SZ,2024-10-29,3924.649,-0.0099662805980258
399300.SZ,2024-10-30,3889.4487,-0.0089690313707034
399300.SZ,2024-10-31,3891.0396,0.0004090296910201
399300.SZ,2024-11-01,3890.0203,-0.000261960839463
399300.SZ,2024-11-04,3944.7619,0.0140723173089867
399300.SZ,2024-11-05,4044.5725,0.0253020594221415
399300.SZ,2024-11-06,4024.2831,-0.0050164510587954
399300.SZ,2024-11-07,4145.6952,0.0301698705043886
399300.SZ,2024-11-08,4104.047,-0.010046131707898
399300.SZ,2024-11-11,4131.1312,0.0065993883598312
399300.SZ,2024-11-12,4085.743,-0.0109868696496494
399300.SZ,2024-11-13,4110.8901,0.0061548413593315
399300.SZ,2024-11-14,4039.6191,-0.0173371212234546
399300.SZ,2024-11-15,3968.8308,-0.0175235085902033
399300.SZ,2024-11-18,3950.3806,-0.0046487746466793
399300.SZ,2024-11-19,3976.8912,0.0067108976790741
399300.SZ,2024-11-20,3985.7727,0.002233277088395
399300.SZ,2024-11-21,3989.2979,0.0008844458190002
399300.SZ,2024-11-22,3865.6989,-0.0309826448408377
399300.SZ,2024-11-25,3848.0909,-0.0045549331325313
399300.SZ,2024-11-26,3840.1847,-0.0020545772450438
399300.SZ,2024-11-27,3907.0447,0.0174106209006041
399300.SZ,2024-11-28,3872.5505,-0.0088287190571431
399300.SZ,2024-11-29,3916.5832,0.0113704650204045
399300.SZ,2024-12-02,3947.632,0.007927522132046
399300.SZ,2024-12-03,3951.8912,0.0010789252898952
399300.SZ,2024-12-04,3930.5568,-0.0053985291902773
399300.SZ,2024-12-05,3921.5881,-0.0022817886768612
399300.SZ,2024-12-06,3973.1405,0.0131457967245463
399300.SZ,2024-12-09,3966.5708,-0.0016535282354097
399300.SZ,2024-12-10,3995.6369,0.0073277653332193
399300.SZ,2024-12-11,3988.8308,-0.0017033830076
399300.SZ,2024-12-12,4028.5048,0.0099462729780366
399300.SZ,2024-12-13,3933.1808,-0.0236623771678265
399300.SZ,2024-12-16,3911.8416,-0.0054254307353478
399300.SZ,2024-12-17,3922.0334,0.0026053713422342
399300.SZ,2024-12-18,3941.89,0.0050628329682251
399300.SZ,2024-12-19,3945.4635,0.000906544830018
399300.SZ,2024-12-20,3927.7441,-0.0044910819730051
399300.SZ,2024-12-23,3933.5718,0.0014837270075716
399300.SZ,2024-12-24,3983.6882,0.0127406851960856
399300.SZ,2024-12-25,3985.6291,0.0004872118254637
399300.SZ,2024-12-26,3987.4801,0.0004644185280562
399300.SZ,2024-12-27,3981.0307,-0.0016174124605663
399300.SZ,2024-12-30,3999.0549,0.0045275209759121
399300.SZ,2024-12-31,3934.9109,-0.0160397898013353
399300.SZ,2025-01-02,3820.3952,-0.0291024886992993
399300.SZ,2025-01-03,3775.1648,-0.0118391940184617
399300.SZ,2025-01-06,3768.9697,-0.0016410144531968
399300.SZ,2025-01-07,3796.1055,0.007199792558693
399300.SZ,2025-01-08,3789.2153,-0.001815070734994
399300.SZ,2025-01-09,3779.8773,-0.0024643624763153
399300.SZ,2025-01-10,3732.4806,-0.0125392165507595
399300.SZ,2025-01-13,3722.513,-0.0026705028286013
399300.SZ,2025-01-14,3820.5395,0.0263334204608554
399300.SZ,2025-01-15,3796.026,-0.0064162404288713
399300.SZ,2025-01-16,3800.3836,0.001147937342895
399300.SZ,2025-01-17,3812.3429,0.0031468665426299
399300.SZ,2025-01-20,3829.6764,0.004546679156274
399300.SZ,2025-01-21,3832.6145,0.000767192758114
399300.SZ,2025-01-22,3797.0166,-0.0092881504257733
399300.SZ,2025-01-23,3803.7439,0.0017717331022466
399300.SZ,2025-01-24,3832.8637,0.0076555627207184
399300.SZ,2025-01-27,3817.0802,-0.0041179392838832
399300.SZ,2025-02-05,3795.0848,-0.0057623625513553
399300.SZ,2025-02-06,3842.8314,0.0125811681467564
399300.SZ,2025-02-07,3892.7028,0.0129777746689589
399300.SZ,2025-02-10,3901.0618,0.0021473511925955
399300.SZ,2025-02-11,3883.1352,-0.0045953129991428
399300.SZ,2025-02-12,3919.8617,0.0094579503695879
399300.SZ,2025-02-13,3905.1398,-0.003755719238768
399300.SZ,2025-02-14,3939.0085,0.0086728521217089
399300.SZ,2025-02-17,3947.3983,0.0021299268584975
399300.SZ,2025-02-18,3912.7829,-0.0087691682899087
399300.SZ,2025-02-19,3940.1602,0.0069968870493681
399300.SZ,2025-02-20,3928.8959,-0.0028588431505905
399300.SZ,2025-02-21,3978.444,0.0126112020427926
399300.SZ,2025-02-24,3969.7169,-0.002193596290409
399300.SZ,2025-02-25,3925.6505,-0.0111006404512119
399300.SZ,2025-02-26,3959.9413,0.0087350618706376
399300.SZ,2025-02-27,3968.1159,0.0020643235292401
399300.SZ,2025-02-28,3890.0487,-0.0196736189081573
399300.SZ,2025-03-03,3888.4738,-0.0004048535433501
399300.SZ,2025-03-04,3885.2208,-0.0008365750079118
399300.SZ,2025-03-05,3902.5706,0.0044655891886504
399300.SZ,2025-03-06,3956.2369,0.0137515257251208
399300.SZ,2025-03-07,3944.0143,-0.0030894509881347
399300.SZ,2025-03-10,3928.8018,-0.0038571107614897
399300.SZ,2025-03-11,3941.4157,0.0032106226381793
399300.SZ,2025-03-12,3927.2315,-0.0035987576748122
399300.SZ,2025-03-13,3911.5793,-0.0039855557279981
399300.SZ,2025-03-14,4006.5567,0.024281087692636
399300.SZ,2025-03-17,3996.7876,-0.0024382782352736
399300.SZ,2025-03-18,4007.7229,0.0027360222995087
399300.SZ,2025-03-19,4010.168,0.0006100970703337
399300.SZ,2025-03-20,3974.9918,-0.0087717522058926
399300.SZ,2025-03-21,3914.6956,-0.0151688866377032
399300.SZ,2025-03-24,3934.8486,0.0051480375638912
399300.SZ,2025-03-25,3932.2951,-0.000648944917474
399300.SZ,2025-03-26,3919.3566,-0.0032903176569835
399300.SZ,2025-03-27,3932.4117,0.0033309293673353
399300.SZ,2025-03-28,3915.1662,-0.004385476729204
399300.SZ,2025-03-31,3887.3056,-0.0071160708324463
399300.SZ,2025-04-01,3887.6841,9.736821308825584e-05
399300.SZ,2025-04-02,3884.3858,-0.0008483971215664
399300.SZ,2025-04-03,3861.5034,-0.0058908669679514
399300.SZ,2025-04-07,3589.4406,-0.0704551496704626
399300.SZ,2025-04-08,3650.759,0.0170829961638034
399300.SZ,2025-04-09,3686.7943,0.0098706323808281
399300.SZ,2025-04-10,3735.1151,0.013106454027012
399300.SZ,2025-04-11,3750.5167,0.0041234606130344
399300.SZ,2025-04-14,3759.1422,0.0022998164492906
399300.SZ,2025-04-15,3761.2348,0.0005566695508354
399300.SZ,2025-04-16,3772.8204,0.0030802650236034
399300.SZ,2025-04-17,3772.2221,-0.0001585816276863
399300.SZ,2025-04-18,3772.523,7.976730744463367e-05
399300.SZ,2025-04-21,3784.8806,0.0032756857943609
399300.SZ,2025-04-22,3783.9522,-0.0002452917537213
399300.SZ,2025-04-23,3786.8824,0.0007743755325448
399300.SZ,2025-04-24,3784.3574,-0.0006667753928667
399300.SZ,2025-04-25,3786.9937,0.0006966308203342
399300.SZ,2025-04-28,3781.6188,-0.0014193052394039
399300.SZ,2025-04-29,3775.0767,-0.0017299734177331
399300.SZ,2025-04-30,3770.5705,-0.0011936711113711
399300.SZ,2025-05-06,3808.5424,0.0100705980699737
399300.SZ,2025-05-07,3831.627,0.0060612690041208
399300.SZ,2025-05-08,3852.8963,0.0055509839553797
399300.SZ,2025-05-09,3846.1566,-0.0017492554886566
399300.SZ,2025-05-12,3890.6096,0.0115577717246353
399300.SZ,2025-05-13,3896.2583,0.0014518804456762
399300.SZ,2025-05-14,3943.2108,0.0120506640948316
399300.SZ,2025-05-15,3907.1992,-0.0091325576608787
399300.SZ,2025-05-16,3889.0854,-0.0046360062727285
399300.SZ,2025-05-19,3877.1453,-0.0030701562891881
399300.SZ,2025-05-20,3898.1705,0.0054228558315831
399300.SZ,2025-05-21,3916.3807,0.0046714734514563
399300.SZ,2025-05-22,3913.8651,-0.0006423277491894
399300.SZ,2025-05-23,3882.2741,-0.0080715607699406
399300.SZ,2025-05-26,3860.1067,-0.005709900802728
399300.SZ,2025-05-27,3839.3969,-0.005365084856333
399300.SZ,2025-05-28,3836.2366,-0.0008231240693037
399300.SZ,2025-05-29,3858.6998,0.0058555303914258
399300.SZ,2025-05-30,3840.2323,-0.0047859385174249
399300.SZ,2025-06-03,3852.0127,0.0030676269245482
399300.SZ,2025-06-04,3868.7429,0.0043432359400061
399300.SZ,2025-06-05,3877.5557,0.0022779492532314
399300.SZ,2025-06-06,3873.9841,-0.000921095730488
399300.SZ,2025-06-09,3885.2459,0.0029070330980449
399300.SZ,2025-06-10,3865.4652,-0.0050912350232451
399300.SZ,2025-06-11,3894.6252,0.0075437233272723
399300.SZ,2025-06-12,3892.1992,-0.0006229097475155
399300.SZ,2025-06-13,3864.1822,-0.0071982441186463
399300.SZ,2025-06-16,3873.7951,0.0024876932562858
399300.SZ,2025-06-17,3870.3786,-0.0008819516551094
399300.SZ,2025-06-18,3874.9708,0.0011864989125354
399300.SZ,2025-06-19,3843.0912,-0.0082270555432315
399300.SZ,2025-06-20,3846.6443,0.0009245422018608
399300.SZ,2025-06-23,3857.9016,0.0029265248154086
399300.SZ,2025-06-24,3904.0342,0.0119579514417889
399300.SZ,2025-06-25,3960.0662,0.0143523332864246
399300.SZ,2025-06-26,3946.0195,-0.0035470871673812
399300.SZ,2025-06-27,3921.7578,-0.0061483984050256
399300.SZ,2025-06-30,3936.0791,0.003651755342974
399300.SZ,2025-07-01,3942.762,0.0016978571391006
399300.SZ,2025-07-02,3943.6849,0.0002340744888988
399300.SZ,2025-07-03,3968.0676,0.0061827201255353
399300.SZ,2025-07-04,3982.2034,0.0035623889068825
399300.SZ,2025-07-07,3965.1746,-0.0042762255689903
399300.SZ,2025-07-08,3998.4527,0.008392593859549
399300.SZ,2025-07-09,3991.4006,-0.0017637072460554
399300.SZ,2025-07-10,4010.0243,0.0046659561057338
399300.SZ,2025-07-11,4014.807,0.0011926860393338
399300.SZ,2025-07-14,4017.6678,0.0007125622726074
399300.SZ,2025-07-15,4019.0644,0.0003476146036762
399300.SZ,2025-07-16,4007.2019,-0.0029515575814113
399300.SZ,2025-07-17,4034.491,0.0068100137405104
399300.SZ,2025-07-18,4058.5486,0.0059629826910012
399300.SZ,2025-07-21,4085.6072,0.0066670631959415
399300.SZ,2025-07-22,4118.9582,0.0081630461195585
399300.SZ,2025-07-23,4119.7685,0.0001967245018412
399300.SZ,2025-07-24,4149.0368,0.0071043554995868
399300.SZ,2025-07-25,4127.1634,-0.005271922389312
399300.SZ,2025-07-28,4135.8242,0.0020984873048641
399300.SZ,2025-07-29,4152.0247,0.0039171152390857
399300.SZ,2025-07-30,4151.2379,-0.0001894979092971
399300.SZ,2025-07-31,4075.5912,-0.0182226848526315
399300.SZ,2025-08-01,4054.9286,-0.0050698411558057
399300.SZ,2025-08-04,4070.7023,0.0038900068425371
399300.SZ,2025-08-05,4103.45,0.0080447297754984
399300.SZ,2025-08-06,4113.4852,0.0024455519136337
399300.SZ,2025-08-07,4114.666,0.0002870558522978
399300.SZ,2025-08-08,4104.9669,-0.0023572022613742
399300.SZ,2025-08-11,4122.5106,0.0042737738031455
399300.SZ,2025-08-12,4143.8252,0.0051702959841997
399300.SZ,2025-08-13,4176.5776,0.0079039048268734
399300.SZ,2025-08-14,4173.3131,-0.0007816208179632
399300.SZ,2025-08-15,4202.3533,0.0069585481137275
399300.SZ,2025-08-18,4239.4125,0.0088186778584276
399300.SZ,2025-08-19,4223.3741,-0.0037831657098714
399300.SZ,2025-08-20,4271.3958,0.0113704585156215
399300.SZ,2025-08-21,4288.0707,0.0039038526937729
399300.SZ,2025-08-22,4377.9977,0.0209714359420425
399300.SZ,2025-08-25,4469.2217,0.0208369227786484
399300.SZ,2025-08-26,4452.5905,-0.003721274332844
399300.SZ,2025-08-27,4386.1266,-0.0149270183278701
399300.SZ,2025-08-28,4463.782,0.0177047785168811
399300.SZ,2025-08-29,4496.7591,0.0073877039694143
399300.SZ,2025-09-01,4523.7111,0.0059936499600345
399300.SZ,2025-09-02,4490.4528,-0.0073519946930299
399300.SZ,2025-09-03,4459.8296,-0.0068196240699823
399300.SZ,2025-09-04,4365.2085,-0.0212163038695469
399300.SZ,2025-09-05,4460.3249,0.0217896579281378
399300.SZ,2025-09-08,4467.5733,0.0016250834104036
399300.SZ,2025-09-09,4436.2584,-0.0070093757611096
399300.SZ,2025-09-10,4445.3649,0.0020527433658958
399300.SZ,2025-09-11,4548.0345,0.0230958767861779
399300.SZ,2025-09-12,4521.998,-0.0057247806717385
399300.SZ,2025-09-15,4533.0557,0.0024453128904524
399300.SZ,2025-09-16,4523.3367,-0.0021440283647959
399300.SZ,2025-09-17,4551.023,0.0061207692100391
399300.SZ,2025-09-18,4498.109,-0.0116268364277657
399300.SZ,2025-09-19,4501.9195,0.0008471337622097
399300.SZ,2025-09-22,4522.608,0.0045954842151221
399300.SZ,2025-09-23,4519.7781,-0.000625723034143
399300.SZ,2025-09-24,4566.0708,0.010242250609604
399300.SZ,2025-09-25,4593.4875,0.0060044404042092
399300.SZ,2025-09-26,4550.0487,-0.00945660568359
399300.SZ,2025-09-29,4620.0528,0.0153853518095312
399300.SZ,2025-09-30,4640.6935,0.004467632924022
399300.SZ,2025-10-09,4709.482,0.0148228923112461
399300.SZ,2025-10-10,4616.8341,-0.01967263066299
399300.SZ,2025-10-13,4593.9785,-0.0049504919399204
399300.SZ,2025-10-14,4539.0644,-0.0119534952111769
399300.SZ,2025-10-15,4606.2879,0.0148099903583653
399300.SZ,2025-10-16,4618.4218,0.0026342035633508
399300.SZ,2025-10-17,4514.2345,-0.022559069853689
399300.SZ,2025-10-20,4538.2201,0.0053133261021331
399300.SZ,2025-10-21,4607.8715,0.015347735117563
399300.SZ,2025-10-22,4592.57,-0.0033207306236731
399300.SZ,2025-10-23,4606.3447,0.0029993445935501
399300.SZ,2025-10-24,4660.6835,0.0117965118850094
399300.SZ,2025-10-27,4716.0186,0.0118727435578924
399300.SZ,2025-10-28,4691.973,-0.0050987076259623
399300.SZ,2025-10-29,4747.8378,0.011906462377341
399300.SZ,2025-10-30,4709.911,-0.0079882257140292
399300.SZ,2025-10-31,4640.6676,-0.0147016366126664
399300.SZ,2025-11-03,4653.4028,0.0027442603301301
399300.SZ,2025-11-04,4618.699,-0.0074577253445586
399300.SZ,2025-11-05,4627.257,0.0018529027329989
399300.SZ,2025-11-06,4693.4032,0.0142949051673595
399300.SZ,2025-11-07,4678.7944,-0.0031126241188909
399300.SZ,2025-11-10,4695.0507,0.0034744634216028
399300.SZ,2025-11-11,4652.1655,-0.0091341292651002
399300.SZ,2025-11-12,4645.9079,-0.0013450940212681
399300.SZ,2025-11-13,4702.0738,0.0120893270398236
399300.SZ,2025-11-14,4628.1398,-0.0157237004659518
399300.SZ,2025-11-17,4598.0525,-0.0065009488261352
399300.SZ,2025-11-18,4568.1928,-0.0064939884875172
399300.SZ,2025-11-19,4588.2922,0.0043998580795452
399300.SZ,2025-11-20,4564.9483,-0.0050877099762739
399300.SZ,2025-11-21,4453.6076,-0.0243903528984106
399300.SZ,2025-11-24,4448.0478,-0.0012483811999961
399300.SZ,2025-11-25,4490.4047,0.009522582019015
399300.SZ,2025-11-26,4517.6255,0.0060619925861025
399300.SZ,2025-11-27,4515.4027,-0.0004920283896928
399300.SZ,2025-11-28,4526.6616,0.0024934431651024
399300.SZ,2025-12-01,4576.4856,0.0110067869884507
399300.SZ,2025-12-02,4554.3347,-0.0048401550744526
399300.SZ,2025-12-03,4531.0486,-0.0051129531608645
399300.SZ,2025-12-04,4546.5664,0.0034247701514389
399300.SZ,2025-12-05,4584.5368,0.0083514451696999
399300.SZ,2025-12-08,4621.7545,0.0081180938497429
399300.SZ,2025-12-09,4598.2232,-0.0050914214504469
399300.SZ,2025-12-10,4591.8273,-0.0013909503131558
399300.SZ,2025-12-11,4552.1848,-0.0086332732940543
399300.SZ,2025-12-12,4580.95,0.0063189877528697
399300.SZ,2025-12-15,4552.0596,-0.0063066394525153
399300.SZ,2025-12-16,4497.5545,-0.0119737228396569
399300.SZ,2025-12-17,4579.875,0.0183033913207721
399300.SZ,2025-12-18,4552.7926,-0.0059133491634597
399300.SZ,2025-12-19,4568.1781,0.0033793544647739
399300.SZ,2025-12-22,4611.6235,0.0095104435617341
399300.SZ,2025-12-23,4620.7341,0.0019755732444333
399300.SZ,2025-12-24,4634.0586,0.0028836327110881
399300.SZ,2025-12-25,4642.5357,0.0018293035828247
399300.SZ,2025-12-26,4657.24,0.0031672992843112
399300.SZ,2025-12-29,4639.3721,-0.0038365856172325
399300.SZ,2025-12-30,4651.2818,0.0025670930770997
399300.SZ,2025-12-31,4629.9395,-0.0045884770946363
399300.SZ,2026-01-05,4717.7457,0.0189648698433315
399300.SZ,2026-01-06,4790.6938,0.0154624909095884
399300.SZ,2026-01-07,4776.6658,-0.0029281771254092
399300.SZ,2026-01-08,4737.6536,-0.0081672450268553
399300.SZ,2026-01-09,4758.9221,0.0044892475887219
399300.SZ,2026-01-12,4789.9155,0.0065126932840526
399300.SZ,2026-01-13,4761.0324,-0.0060299811134455
399300.SZ,2026-01-14,4741.9306,-0.0040121130030538
399300.SZ,2026-01-15,4751.4293,0.0020031292739712
399300.SZ,2026-01-16,4731.8728,-0.0041159193929286
399300.SZ,2026-01-19,4734.4556,0.0005458303951026
399300.SZ,2026-01-20,4718.8782,-0.0032902198934974
399300.SZ,2026-01-21,4723.0692,0.0008881348113625
399300.SZ,2026-01-22,4723.7091,0.0001354839348954
399300.SZ,2026-01-23,4702.4966,-0.0044906448621062
399300.SZ,2026-01-26,4706.964,0.0009500060031939
399300.SZ,2026-01-27,4705.6918,-0.0002702803760555
399300.SZ,2026-01-28,4717.9914,0.0026137708381157
399300.SZ,2026-01-29,4753.8697,0.0076045708773442
399300.SZ,2026-01-30,4706.3401,-0.0099980864010639
399300.SZ,2026-02-02,4605.9799,-0.0213244682423184
399300.SZ,2026-02-03,4660.1074,0.0117515710392048
399300.SZ,2026-02-04,4698.6832,0.0082778778875354
399300.SZ,2026-02-05,4670.4188,-0.0060153874600441
399300.SZ,2026-02-06,4643.5959,-0.0057431466317324
399300.SZ,2026-02-09,4719.0559,0.0162503373732412
399300.SZ,2026-02-10,4724.2956,0.0011103280213315
399300.SZ,2026-02-11,4713.8185,-0.0022177062756191
399300.SZ,2026-02-12,4719.578,0.0012218332122886
399300.SZ,2026-02-13,4660.4056,-0.0125376463743157
399300.SZ,2026-02-24,4707.544,0.0101146561149096
399300.SZ,2026-02-25,4735.8858,0.0060205066590988
399300.SZ,2026-02-26,4726.8739,-0.0019028963916318
399300.SZ,2026-02-27,4710.6469,-0.0034329242419604
399300.SZ,2026-03-02,4728.6688,0.0038257802765901
399300.SZ,2026-03-03,4655.8962,-0.0153896589247274
399300.SZ,2026-03-04,4602.6247,-0.0114417284474683
399300.SZ,2026-03-05,4647.6921,0.0097916738681735
399300.SZ,2026-03-06,4660.439,0.0027426300464266
399300.SZ,2026-03-09,4615.4551,-0.0096522881213551
399300.SZ,2026-03-10,4674.7562,0.0128483754505595
399300.SZ,2026-03-11,4704.4959,0.0063617649194198
399300.SZ,2026-03-12,4687.5601,-0.0035999181123742
399300.SZ,2026-03-13,4669.14,-0.0039295709509942
399300.SZ,2026-03-16,4671.5591,0.0005181039763211
399300.SZ,2026-03-17,4637.4392,-0.007303750047816
399300.SZ,2026-03-18,4658.3324,0.0045053313043976
399300.SZ,2026-03-19,4583.2511,-0.0161176347140877
399300.SZ,2026-03-20,4567.0179,-0.0035418526381852
399300.SZ,2026-03-23,4417.9971,-0.0326297823356462
399300.SZ,2026-03-24,4474.7224,0.0128395964768741
399300.SZ,2026-03-25,4537.4656,0.0140216966308348
399300.SZ,2026-03-26,4477.5343,-0.0132081001341366
399300.SZ,2026-03-27,4502.5698,0.0055913586189613
399300.SZ,2026-03-30,4491.95,-0.0023586086327856
399300.SZ,2026-03-31,4450.0493,-0.0093279533387504
399300.SZ,2026-04-01,4526.0668,0.0170823950197585
399300.SZ,2026-04-02,4478.9141,-0.0104180300653096
399300.SZ,2026-04-03,4440.7889,-0.0085121525326865
399300.SZ,2026-04-07,4440.6162,-3.88894865052114e-05
399300.SZ,2026-04-08,4595.556,0.0348915089757135
399300.SZ,2026-04-09,4566.2237,-0.0063827532511844
399300.SZ,2026-04-10,4636.5655,0.0154048081350022
399300.SZ,2026-04-13,4646.1546,0.0020681472093946
399300.SZ,2026-04-14,4701.2837,0.0118655328430095
399300.SZ,2026-04-15,4685.2464,-0.0034112597799618
399300.SZ,2026-04-16,4736.6077,0.0109623476793023
