ts_code,symbol,name,area,industry,list_date
000001.SZ,000001,平安银行,深圳,银行,19910403
000002.SZ,000002,万科Ａ,深圳,全国地产,19910129
000004.SZ,000004,*ST国华,深圳,软件服务,19901201
000006.SZ,000006,深振业Ａ,深圳,区域地产,19920427
000007.SZ,000007,全新好,深圳,其他商业,19920413
000008.SZ,000008,神州高铁,北京,运输设备,19920507
000009.SZ,000009,中国宝安,深圳,电气设备,19910625
000010.SZ,000010,美丽生态,深圳,建筑工程,19951027
000011.SZ,000011,深物业A,深圳,房产服务,19920330
000012.SZ,000012,南玻Ａ,深圳,玻璃,19920228
000014.SZ,000014,沙河股份,深圳,全国地产,19920602
000016.SZ,000016,深康佳Ａ,深圳,家用电器,19920327
000017.SZ,000017,深中华A,深圳,服饰,19920331
000019.SZ,000019,深粮控股,深圳,农业综合,19921012
000020.SZ,000020,深华发Ａ,深圳,元器件,19920428
000021.SZ,000021,深科技,深圳,元器件,19940202
000025.SZ,000025,特力Ａ,深圳,综合类,19930621
000026.SZ,000026,飞亚达,深圳,服饰,19930603
000027.SZ,000027,深圳能源,深圳,火力发电,19930903
000028.SZ,000028,国药一致,深圳,医药商业,19930809
000029.SZ,000029,深深房Ａ,深圳,区域地产,19930915
000030.SZ,000030,富奥股份,吉林,汽车配件,19930929
000031.SZ,000031,大悦城,深圳,全国地产,19931008
000032.SZ,000032,深桑达Ａ,深圳,建筑工程,19931028
000034.SZ,000034,神州数码,深圳,软件服务,19940509
000035.SZ,000035,中国天楹,江苏,环境保护,19940408
000036.SZ,000036,华联控股,深圳,全国地产,19940617
000037.SZ,000037,深南电A,深圳,火力发电,19940701
000039.SZ,000039,中集集团,深圳,运输设备,19940408
000042.SZ,000042,中洲控股,深圳,全国地产,19940921
000045.SZ,000045,深纺织Ａ,深圳,元器件,19940815
000048.SZ,000048,京基智农,深圳,农业综合,19941101
000049.SZ,000049,德赛电池,深圳,电气设备,19950320
000050.SZ,000050,深天马Ａ,深圳,元器件,19950315
000055.SZ,000055,方大集团,深圳,其他建材,19960415
000056.SZ,000056,皇庭国际,深圳,其他商业,19960708
000058.SZ,000058,深赛格,深圳,商品城,19961226
000059.SZ,000059,华锦股份,辽宁,石油加工,19970130
000060.SZ,000060,中金岭南,深圳,铅锌,19970123
000061.SZ,000061,农产品,深圳,农业综合,19970110
000062.SZ,000062,深圳华强,深圳,元器件,19970130
000063.SZ,000063,中兴通讯,深圳,通信设备,19971118
000065.SZ,000065,北方国际,北京,建筑工程,19980605
000066.SZ,000066,中国长城,深圳,IT设备,19970626
000068.SZ,000068,华控赛格,深圳,环境保护,19970611
000069.SZ,000069,华侨城Ａ,深圳,全国地产,19970910
000070.SZ,000070,特发信息,深圳,通信设备,20000511
000078.SZ,000078,海王生物,深圳,医药商业,19981218
000088.SZ,000088,盐田港,深圳,港口,19970728
000089.SZ,000089,深圳机场,深圳,机场,19980420
000090.SZ,000090,天健集团,深圳,建筑工程,19990721
000096.SZ,000096,广聚能源,深圳,石油贸易,20000724
000099.SZ,000099,中信海直,深圳,空运,20000731
000100.SZ,000100,TCL科技,广东,元器件,20040130
000151.SZ,000151,中成股份,北京,商贸代理,20000906
000153.SZ,000153,丰原药业,安徽,化学制药,20000920
000155.SZ,000155,川能动力,四川,新型电力,20000926
000156.SZ,000156,华数传媒,浙江,影视音像,20000906
000157.SZ,000157,中联重科,湖南,工程机械,20001012
000158.SZ,000158,常山北明,河北,软件服务,20000724
000159.SZ,000159,国际实业,新疆,石油贸易,20000926
000166.SZ,000166,申万宏源,新疆,证券,20150126
000301.SZ,000301,东方盛虹,江苏,化纤,20000529
000333.SZ,000333,美的集团,广东,家用电器,20130918
000338.SZ,000338,潍柴动力,山东,汽车配件,20070430
000400.SZ,000400,许继电气,河南,电气设备,19970418
000401.SZ,000401,金隅冀东,河北,水泥,19960614
000402.SZ,000402,金融街,北京,全国地产,19960626
000403.SZ,000403,派林生物,山西,生物制药,19960628
000404.SZ,000404,长虹华意,江西,家用电器,19960619
000407.SZ,000407,胜利股份,山东,供气供热,19960703
000408.SZ,000408,藏格矿业,青海,农药化肥,19960628
000409.SZ,000409,云鼎科技,山东,软件服务,19960627
000410.SZ,000410,沈阳机床,辽宁,机床制造,19960718
000411.SZ,000411,英特集团,浙江,医药商业,19960716
000415.SZ,000415,渤海租赁,新疆,多元金融,19960716
000417.SZ,000417,合百集团,安徽,百货,19960812
000419.SZ,000419,通程控股,湖南,百货,19960816
000420.SZ,000420,吉林化纤,吉林,化纤,19960802
000421.SZ,000421,南京公用,江苏,供气供热,19960806
000422.SZ,000422,湖北宜化,湖北,农药化肥,19960815
000423.SZ,000423,东阿阿胶,山东,中成药,19960729
000425.SZ,000425,徐工机械,江苏,工程机械,19960828
000426.SZ,000426,兴业银锡,内蒙,铅锌,19960828
000428.SZ,000428,华天酒店,湖南,酒店餐饮,19960808
000429.SZ,000429,粤高速Ａ,广东,路桥,19980220
000430.SZ,000430,ST张家界,湖南,旅游景点,19960829
000488.SZ,000488,ST晨鸣,山东,造纸,20001120
000498.SZ,000498,山东路桥,山东,建筑工程,19970609
000501.SZ,000501,武商集团,湖北,百货,19921120
000503.SZ,000503,国新健康,山东,软件服务,19921130
000504.SZ,000504,*ST生物,湖南,医疗保健,19921208
000505.SZ,000505,京粮控股,海南,食品,19921221
000506.SZ,000506,招金黄金,山东,黄金,19930312
000507.SZ,000507,珠海港,广东,新型电力,19930326
000509.SZ,000509,华塑控股,四川,元器件,19930507
000510.SZ,000510,新金路,四川,化工原料,19930507
000513.SZ,000513,丽珠集团,广东,化学制药,19931028
000514.SZ,000514,渝开发,重庆,区域地产,19930712
000516.SZ,000516,国际医学,陕西,医疗保健,19930809
000517.SZ,000517,荣安地产,浙江,区域地产,19930806
000518.SZ,000518,*ST四环,江苏,生物制药,19930908
000519.SZ,000519,中兵红箭,河南,专用机械,19931008
000520.SZ,000520,凤凰航运,湖北,水运,19931025
000521.SZ,000521,长虹美菱,安徽,家用电器,19931018
000523.SZ,000523,红棉股份,广东,食品,19931108
000524.SZ,000524,岭南控股,广东,旅游服务,19931118
000525.SZ,000525,红太阳,江苏,农药化肥,19931028
000526.SZ,000526,学大教育,福建,文教休闲,19931101
000528.SZ,000528,柳工,广西,工程机械,19931118
000529.SZ,000529,广弘控股,广东,食品,19931118
000530.SZ,000530,冰山冷热,辽宁,机械基件,19931208
000531.SZ,000531,穗恒运Ａ,广东,火力发电,19940106
000532.SZ,000532,华金资本,广东,多元金融,19940103
000533.SZ,000533,顺钠股份,广东,电气设备,19940103
000534.SZ,000534,万泽股份,广东,生物制药,19940110
000536.SZ,000536,华映科技,福建,元器件,19931126
000537.SZ,000537,绿发电力,天津,新型电力,19931210
000538.SZ,000538,云南白药,云南,中成药,19931215
000539.SZ,000539,粤电力Ａ,广东,火力发电,19931126
000541.SZ,000541,佛山照明,广东,家用电器,19931123
000543.SZ,000543,皖能电力,安徽,火力发电,19931220
000544.SZ,000544,中原环保,河南,环境保护,19931208
000545.SZ,000545,金浦钛业,吉林,化工原料,19931215
000546.SZ,000546,金圆股份,吉林,环境保护,19931215
000547.SZ,000547,航天发展,福建,通信设备,19931130
000548.SZ,000548,湖南投资,湖南,路桥,19931220
000550.SZ,000550,江铃汽车,江西,汽车整车,19931201
000551.SZ,000551,创元科技,江苏,专用机械,19940106
000552.SZ,000552,甘肃能化,甘肃,煤炭开采,19940106
000553.SZ,000553,安道麦A,湖北,农药化肥,19931203
000554.SZ,000554,泰山石油,山东,石油贸易,19931215
000555.SZ,000555,神州信息,深圳,软件服务,19940408
000557.SZ,000557,西部创业,宁夏,铁路,19940617
000558.SZ,000558,天府文旅,四川,旅游景点,19940509
000559.SZ,000559,万向钱潮,浙江,汽车配件,19940110
000560.SZ,000560,我爱我家,云南,房产服务,19940202
000561.SZ,000561,烽火电子,陕西,通信设备,19940509
000563.SZ,000563,陕国投Ａ,陕西,多元金融,19940110
000564.SZ,000564,供销大集,陕西,百货,19940110
000565.SZ,000565,渝三峡Ａ,重庆,染料涂料,19940408
000566.SZ,000566,海南海药,海南,化学制药,19940525
000567.SZ,000567,海德股份,海南,多元金融,19940525
000568.SZ,000568,泸州老窖,四川,白酒,19940509
000570.SZ,000570,苏常柴Ａ,江苏,农用机械,19940701
000571.SZ,000571,新大洲A,海南,煤炭开采,19940525
000572.SZ,000572,海马汽车,海南,汽车整车,19940808
000573.SZ,000573,粤宏远Ａ,广东,区域地产,19940815
000576.SZ,000576,甘化科工,广东,电气设备,19940907
000581.SZ,000581,威孚高科,江苏,汽车配件,19980924
000582.SZ,000582,北部湾港,广西,港口,19951102
000586.SZ,000586,汇源通信,四川,通信设备,19951220
000589.SZ,000589,贵州轮胎,贵州,汽车配件,19960308
000590.SZ,000590,古汉医药,湖南,中成药,19960119
000591.SZ,000591,太阳能,重庆,新型电力,19960208
000592.SZ,000592,平潭发展,福建,林业,19960327
000593.SZ,000593,德龙汇能,四川,供气供热,19960312
000595.SZ,000595,*ST宝实,宁夏,新型电力,19960419
000596.SZ,000596,古井贡酒,安徽,白酒,19960927
000597.SZ,000597,东北制药,辽宁,化学制药,19960523
000598.SZ,000598,兴蓉环境,四川,水务,19960529
000599.SZ,000599,青岛双星,山东,汽车配件,19960430
000600.SZ,000600,建投能源,河北,火力发电,19960606
000601.SZ,000601,韶能股份,广东,水力发电,19960830
000603.SZ,000603,盛达资源,北京,铅锌,19960823
000605.SZ,000605,渤海股份,北京,水务,19960913
000607.SZ,000607,华媒控股,浙江,广告包装,19960830
000608.SZ,000608,*ST阳光,广西,区域地产,19960919
000609.SZ,000609,ST中迪,北京,区域地产,19961010
000610.SZ,000610,西安旅游,陕西,旅游服务,19960926
000612.SZ,000612,焦作万方,河南,铝,19960926
000615.SZ,000615,*ST美谷,湖北,医疗保健,19961016
000617.SZ,000617,中油资本,新疆,多元金融,19961022
000619.SZ,000619,海螺新材,安徽,其他建材,19961023
000620.SZ,000620,盈新发展,北京,全国地产,19961029
000623.SZ,000623,吉林敖东,吉林,中成药,19961028
000625.SZ,000625,长安汽车,重庆,汽车整车,19970610
000626.SZ,000626,远大控股,江苏,商贸代理,19961128
000628.SZ,000628,高新发展,四川,建筑工程,19961118
000629.SZ,000629,钒钛股份,四川,小金属,19961115
000630.SZ,000630,铜陵有色,安徽,铜,19961120
000631.SZ,000631,顺发恒能,浙江,综合类,19961122
000632.SZ,000632,三木集团,福建,综合类,19961121
000633.SZ,000633,合金投资,新疆,小金属,19961112
000635.SZ,000635,英力特,宁夏,化工原料,19961120
000636.SZ,000636,风华高科,广东,元器件,19961129
000637.SZ,000637,茂化实华,广东,石油加工,19961114
000638.SZ,000638,*ST万方,吉林,农业综合,19961126
000639.SZ,000639,西王食品,山东,食品,19961126
000650.SZ,000650,仁和药业,江西,中成药,19961210
000651.SZ,000651,格力电器,广东,家用电器,19961118
000652.SZ,000652,泰达股份,天津,批发业,19961128
000655.SZ,000655,金岭矿业,山东,普钢,19961128
000656.SZ,000656,*ST金科,重庆,全国地产,19961128
000657.SZ,000657,中钨高新,海南,小金属,19961205
000659.SZ,000659,珠海中富,广东,广告包装,19961203
000661.SZ,000661,长春高新,吉林,生物制药,19961218
000663.SZ,000663,永安林业,福建,林业,19961206
000665.SZ,000665,湖北广电,湖北,影视音像,19961210
000668.SZ,000668,*ST荣控,山东,房产服务,19961210
000669.SZ,000669,ST金鸿,湖南,供气供热,19961210
000670.SZ,000670,盈方微,湖北,元器件,19961217
000672.SZ,000672,上峰水泥,甘肃,水泥,19961218
000676.SZ,000676,智度股份,广东,互联网,19961224
000677.SZ,000677,恒天海龙,山东,化纤,19961226
000678.SZ,000678,襄阳轴承,湖北,汽车配件,19970106
000679.SZ,000679,大连友谊,辽宁,百货,19970124
000680.SZ,000680,山推股份,山东,工程机械,19970122
000681.SZ,000681,视觉中国,江苏,互联网,19970121
000682.SZ,000682,东方电子,山东,电气设备,19970121
000683.SZ,000683,博源化工,内蒙,化工原料,19970131
000685.SZ,000685,中山公用,广东,水务,19970123
000686.SZ,000686,东北证券,吉林,证券,19970227
000688.SZ,000688,国城矿业,四川,铅锌,19970120
000690.SZ,000690,宝新能源,广东,火力发电,19970128
000691.SZ,000691,*ST亚太,甘肃,化工原料,19970228
000692.SZ,000692,惠天热电,辽宁,供气供热,19970227
000695.SZ,000695,滨海能源,天津,化工原料,19970218
000697.SZ,000697,ST炼石,陕西,航空,19970325
000698.SZ,000698,ST沈化,辽宁,石油加工,19970220
000700.SZ,000700,模塑科技,江苏,汽车配件,19970228
000701.SZ,000701,厦门信达,福建,商贸代理,19970226
000702.SZ,000702,正虹科技,湖南,饲料,19970318
000703.SZ,000703,恒逸石化,广西,化纤,19970328
000705.SZ,000705,浙江震元,浙江,医药商业,19970410
000707.SZ,000707,双环科技,湖北,化工原料,19970415
000708.SZ,000708,中信特钢,湖北,特种钢,19970326
000709.SZ,000709,河钢股份,河北,普钢,19970416
000710.SZ,000710,贝瑞基因,四川,医疗保健,19970422
000711.SZ,000711,ST京蓝,黑龙江,环境保护,19970411
000712.SZ,000712,锦龙股份,广东,证券,19970415
000713.SZ,000713,国投丰乐,安徽,种植业,19970422
000715.SZ,000715,中兴商业,辽宁,百货,19970508
000716.SZ,000716,黑芝麻,广西,食品,19970418
000717.SZ,000717,中南股份,广东,普钢,19970508
000718.SZ,000718,苏宁环球,吉林,区域地产,19970408
000719.SZ,000719,中原传媒,河南,出版业,19970331
000720.SZ,000720,新能泰山,山东,电气设备,19970509
000721.SZ,000721,西安饮食,陕西,酒店餐饮,19970430
000722.SZ,000722,湖南发展,湖南,水力发电,19970522
000723.SZ,000723,美锦能源,山西,焦炭加工,19970515
000725.SZ,000725,京东方Ａ,北京,元器件,20010112
000726.SZ,000726,鲁泰Ａ,山东,纺织,20001225
000727.SZ,000727,冠捷科技,江苏,元器件,19970520
000728.SZ,000728,国元证券,安徽,证券,19970616
000729.SZ,000729,燕京啤酒,北京,啤酒,19970716
000731.SZ,000731,四川美丰,四川,农药化肥,19970617
000733.SZ,000733,振华科技,贵州,元器件,19970703
000735.SZ,000735,罗牛山,海南,农业综合,19970611
000736.SZ,000736,*ST中地,重庆,全国地产,19970425
000737.SZ,000737,北方铜业,山西,铜,19970428
000738.SZ,000738,航发控制,江苏,航空,19970626
000739.SZ,000739,普洛药业,浙江,化学制药,19970509
000750.SZ,000750,国海证券,广西,证券,19970709
000751.SZ,000751,锌业股份,辽宁,铅锌,19970626
000752.SZ,000752,ST西发,西藏,啤酒,19970625
000753.SZ,000753,漳州发展,福建,综合类,19970626
000755.SZ,000755,山西高速,山西,路桥,19970627
000756.SZ,000756,新华制药,山东,化学制药,19970806
000757.SZ,000757,浩物股份,四川,汽车服务,19970627
000758.SZ,000758,中色股份,北京,铅锌,19970416
000759.SZ,000759,中百集团,湖北,超市连锁,19970519
000761.SZ,000761,本钢板材,辽宁,普钢,19980115
000762.SZ,000762,西藏矿业,西藏,小金属,19970708
000766.SZ,000766,通化金马,吉林,化学制药,19970430
000767.SZ,000767,晋控电力,山西,火力发电,19970609
000768.SZ,000768,中航西飞,陕西,航空,19970626
000776.SZ,000776,广发证券,广东,证券,19970611
000777.SZ,000777,中核科技,江苏,机械基件,19970710
000778.SZ,000778,新兴铸管,河北,钢加工,19970606
000779.SZ,000779,甘咨询,甘肃,建筑工程,19970528
000782.SZ,000782,恒申新材,广东,化纤,19970619
000783.SZ,000783,长江证券,湖北,证券,19970731
000785.SZ,000785,居然智家,湖北,百货,19970711
000786.SZ,000786,北新建材,北京,其他建材,19970606
000788.SZ,000788,北大医药,重庆,化学制药,19970616
000789.SZ,000789,万年青,江西,水泥,19970923
000790.SZ,000790,华神科技,四川,中成药,19980327
000791.SZ,000791,甘肃能源,甘肃,水力发电,19971014
000792.SZ,000792,盐湖股份,青海,农药化肥,19970904
000793.SZ,000793,*ST华闻,海南,出版业,19970729
000795.SZ,000795,英洛华,浙江,矿物制品,19970808
000796.SZ,000796,凯撒旅业,海南,旅游服务,19970703
000797.SZ,000797,中国武夷,福建,全国地产,19970715
000798.SZ,000798,中水渔业,北京,渔业,19980212
000799.SZ,000799,酒鬼酒,湖南,白酒,19970718
000800.SZ,000800,一汽解放,吉林,汽车整车,19970618
000801.SZ,000801,四川九洲,四川,家用电器,19980506
000802.SZ,000802,北京文化,北京,影视音像,19980108
000803.SZ,000803,山高环能,四川,环境保护,19980303
000807.SZ,000807,云铝股份,云南,铝,19980408
000809.SZ,000809,和展能源,辽宁,电气设备,19980616
000810.SZ,000810,创维数字,四川,家用电器,19980602
000811.SZ,000811,冰轮环境,山东,工程机械,19980528
000812.SZ,000812,陕西金叶,陕西,广告包装,19980623
000813.SZ,000813,德展健康,新疆,化学制药,19980519
000815.SZ,000815,美利云,宁夏,通信设备,19980609
000816.SZ,000816,智慧农业,江苏,农用机械,19970818
000818.SZ,000818,航锦科技,辽宁,化工原料,19971017
000819.SZ,000819,岳阳兴长,湖南,石油加工,19970625
000820.SZ,000820,*ST节能,江西,综合类,19980630
000821.SZ,000821,ST京机,湖北,电气设备,19980626
000822.SZ,000822,山东海化,山东,化工原料,19980703
000823.SZ,000823,超声电子,广东,元器件,19971008
000825.SZ,000825,太钢不锈,山西,特种钢,19981021
000826.SZ,000826,启迪环境,湖北,环境保护,19980225
000828.SZ,000828,东莞控股,广东,路桥,19970617
000829.SZ,000829,天音控股,江西,其他商业,19971202
000830.SZ,000830,鲁西化工,山东,化工原料,19980807
000831.SZ,000831,中国稀土,江西,小金属,19980911
000833.SZ,000833,粤桂股份,广西,综合类,19981111
000837.SZ,000837,秦川机床,陕西,机床制造,19980928
000838.SZ,000838,财信发展,重庆,区域地产,19970626
000839.SZ,000839,国安股份,北京,综合类,19971031
000848.SZ,000848,承德露露,河北,软饮料,19971113
000850.SZ,000850,华茂股份,安徽,纺织,19981007
000852.SZ,000852,石化机械,湖北,化工机械,19981126
000856.SZ,000856,冀东装备,河北,专用机械,19980813
000858.SZ,000858,五粮液,四川,白酒,19980427
000859.SZ,000859,国风新材,安徽,塑料,19981119
000860.SZ,000860,顺鑫农业,北京,白酒,19981104
000862.SZ,000862,银星能源,宁夏,新型电力,19980915
000863.SZ,000863,三湘印象,上海,区域地产,19970925
000868.SZ,000868,安凯客车,安徽,汽车整车,19970725
000869.SZ,000869,张裕Ａ,山东,红黄酒,20001026
000875.SZ,000875,电投绿能,吉林,火力发电,20020926
000876.SZ,000876,新希望,四川,饲料,19980311
000877.SZ,000877,天山股份,新疆,水泥,19990107
000878.SZ,000878,云南铜业,云南,铜,19980602
000880.SZ,000880,潍柴重机,山东,专用机械,19980402
000881.SZ,000881,中广核技,辽宁,化工原料,19980902
000882.SZ,000882,华联股份,北京,其他商业,19980616
000883.SZ,000883,湖北能源,湖北,水力发电,19980519
000885.SZ,000885,城发环境,河南,环境保护,19990319
000886.SZ,000886,海南高速,海南,区域地产,19980123
000887.SZ,000887,中鼎股份,安徽,汽车配件,19981203
000888.SZ,000888,峨眉山Ａ,四川,旅游景点,19971021
000889.SZ,000889,中嘉博创,河北,通信设备,19971218
000890.SZ,000890,法尔胜,江苏,环境保护,19990119
000892.SZ,000892,欢瑞世纪,重庆,影视音像,19990115
000893.SZ,000893,亚钾国际,广东,农药化肥,19981224
000895.SZ,000895,双汇发展,河南,食品,19981210
000897.SZ,000897,津滨发展,天津,区域地产,19990422
000898.SZ,000898,鞍钢股份,辽宁,普钢,19971225
000899.SZ,000899,赣能股份,江西,火力发电,19971126
000900.SZ,000900,现代投资,湖南,路桥,19990128
000901.SZ,000901,航天科技,黑龙江,汽车配件,19990401
000902.SZ,000902,新洋丰,湖北,农药化肥,19990408
000903.SZ,000903,ST云动,云南,汽车配件,19990415
000905.SZ,000905,厦门港务,福建,港口,19990429
000906.SZ,000906,浙商中拓,浙江,仓储物流,19990707
000908.SZ,000908,ST景峰,湖南,化学制药,19990203
000909.SZ,000909,*ST数源,浙江,区域地产,19990507
000910.SZ,000910,大亚圣象,江苏,家居用品,19990630
000911.SZ,000911,广农糖业,广西,食品,19990527
000912.SZ,000912,泸天化,四川,农药化肥,19990603
000913.SZ,000913,钱江摩托,浙江,摩托车,19990514
000915.SZ,000915,华特达因,山东,化学制药,19990609
000917.SZ,000917,电广传媒,湖南,广告包装,19990325
000919.SZ,000919,金陵药业,江苏,化学制药,19991118
000920.SZ,000920,沃顿科技,贵州,塑料,19990616
000921.SZ,000921,海信家电,广东,家用电器,19990713
000922.SZ,000922,佳电股份,黑龙江,电气设备,19990618
000923.SZ,000923,河钢资源,河北,普钢,19990714
000925.SZ,000925,众合科技,浙江,运输设备,19990611
000926.SZ,000926,福星股份,湖北,区域地产,19990618
000927.SZ,000927,中国铁物,天津,仓储物流,19990727
000928.SZ,000928,中钢国际,吉林,建筑工程,19990312
000929.SZ,000929,*ST兰黄,甘肃,啤酒,19990623
000930.SZ,000930,中粮科技,安徽,农业综合,19990712
000931.SZ,000931,中关村,北京,化学制药,19990712
000932.SZ,000932,华菱钢铁,湖南,普钢,19990803
000933.SZ,000933,神火股份,河南,铝,19990831
000935.SZ,000935,四川双马,四川,水泥,19990824
000936.SZ,000936,华西股份,江苏,化纤,19990810
000937.SZ,000937,冀中能源,河北,煤炭开采,19990909
000938.SZ,000938,紫光股份,北京,IT设备,19991104
000948.SZ,000948,南天信息,云南,软件服务,19991014
000949.SZ,000949,新乡化纤,河南,化纤,19991021
000950.SZ,000950,重药控股,重庆,医药商业,19990916
000951.SZ,000951,中国重汽,山东,汽车整车,19991125
000952.SZ,000952,广济药业,湖北,化学制药,19991112
000953.SZ,000953,河化股份,广西,化学制药,19991202
000955.SZ,000955,欣龙控股,海南,纺织,19991209
000957.SZ,000957,中通客车,山东,汽车整车,20000113
000958.SZ,000958,电投产融,河北,新型电力,19991223
000959.SZ,000959,首钢股份,北京,普钢,19991216
000960.SZ,000960,锡业股份,云南,小金属,20000221
000962.SZ,000962,东方钽业,宁夏,小金属,20000120
000963.SZ,000963,华东医药,浙江,化学制药,20000127
000965.SZ,000965,天保基建,天津,区域地产,20000406
000966.SZ,000966,长源电力,湖北,火力发电,20000316
000967.SZ,000967,盈峰环境,浙江,环境保护,20000330
000968.SZ,000968,蓝焰控股,山西,石油开采,20000622
000969.SZ,000969,安泰科技,北京,小金属,20000529
000970.SZ,000970,中科三环,北京,矿物制品,20000420
000972.SZ,000972,*ST中基,新疆,食品,20000926
000973.SZ,000973,佛塑科技,广东,塑料,20000525
000975.SZ,000975,山金国际,内蒙,黄金,20000608
000977.SZ,000977,浪潮信息,山东,IT设备,20000608
000978.SZ,000978,桂林旅游,广西,旅游景点,20000518
000980.SZ,000980,众泰汽车,浙江,汽车配件,20000616
000981.SZ,000981,山子高科,甘肃,汽车配件,20000622
000983.SZ,000983,山西焦煤,山西,煤炭开采,20000726
000985.SZ,000985,大庆华科,黑龙江,化工原料,20000726
000987.SZ,000987,越秀资本,广东,多元金融,20000718
000988.SZ,000988,华工科技,湖北,专用机械,20000608
000989.SZ,000989,九芝堂,湖南,中成药,20000628
000990.SZ,000990,诚志股份,江西,化工原料,20000706
000993.SZ,000993,闽东电力,福建,水力发电,20000731
000995.SZ,000995,皇台酒业,甘肃,白酒,20000807
000997.SZ,000997,新大陆,福建,IT设备,20000807
000998.SZ,000998,隆平高科,湖南,种植业,20001211
000999.SZ,000999,华润三九,深圳,中成药,20000309
001201.SZ,001201,东瑞股份,广东,农业综合,20210428
001202.SZ,001202,炬申股份,广东,仓储物流,20210429
001203.SZ,001203,大中矿业,内蒙,普钢,20210510
001205.SZ,001205,盛航股份,江苏,水运,20210513
001206.SZ,001206,依依股份,天津,造纸,20210518
001207.SZ,001207,联科科技,山东,化工原料,20210623
001208.SZ,001208,华菱线缆,湖南,电气设备,20210624
001209.SZ,001209,洪兴股份,广东,服饰,20210723
001210.SZ,001210,金房能源,北京,供气供热,20210729
001211.SZ,001211,双枪科技,浙江,家居用品,20210805
001212.SZ,001212,中旗新材,广东,其他建材,20210823
001213.SZ,001213,中铁特货,北京,铁路,20210908
001215.SZ,001215,千味央厨,河南,食品,20210906
001216.SZ,001216,华瓷股份,湖南,家居用品,20211019
001217.SZ,001217,华尔泰,安徽,化工原料,20210929
001218.SZ,001218,丽臣实业,湖南,化工原料,20211015
001219.SZ,001219,青岛食品,山东,食品,20211021
001220.SZ,001220,世盟股份,北京,仓储物流,20260203
001221.SZ,001221,悍高集团,广东,家居用品,20250730
001222.SZ,001222,源飞宠物,浙江,文教休闲,20220818
001223.SZ,001223,欧克科技,江西,专用机械,20221212
001225.SZ,001225,和泰机电,浙江,专用机械,20230222
001226.SZ,001226,拓山重工,安徽,工程机械,20220622
001227.SZ,001227,兰州银行,甘肃,银行,20220117
001228.SZ,001228,永泰运,浙江,仓储物流,20220429
001229.SZ,001229,魅视科技,广东,IT设备,20220808
001230.SZ,001230,劲旅环境,安徽,环境保护,20220715
001231.SZ,001231,农心科技,陕西,农药化肥,20220819
001233.SZ,001233,海安集团,福建,汽车配件,20251125
001234.SZ,001234,泰慕士,江苏,服饰,20220111
001236.SZ,001236,弘业期货,江苏,多元金融,20220805
001238.SZ,001238,浙江正特,浙江,家居用品,20220919
001239.SZ,001239,永达股份,湖南,工程机械,20231212
001255.SZ,001255,博菲电气,浙江,电气设备,20220930
001256.SZ,001256,炜冈科技,浙江,轻工机械,20221205
001257.SZ,001257,盛龙股份,河南,小金属,20260331
001258.SZ,001258,立新能源,新疆,新型电力,20220727
001259.SZ,001259,利仁科技,北京,家用电器,20220831
001260.SZ,001260,坤泰股份,山东,汽车配件,20230216
001266.SZ,001266,宏英智能,上海,电器仪表,20220228
001267.SZ,001267,汇绿生态,湖北,通信设备,20211117
001268.SZ,001268,联合精密,广东,机械基件,20220630
001269.SZ,001269,欧晶科技,内蒙,矿物制品,20220930
001270.SZ,001270,*ST铖昌,浙江,半导体,20220606
001277.SZ,001277,速达股份,河南,专用机械,20240903
001278.SZ,001278,一彬科技,浙江,汽车配件,20230308
001279.SZ,001279,强邦新材,安徽,广告包装,20241011
001280.SZ,001280,中国铀业,北京,小金属,20251203
001282.SZ,001282,三联锻造,安徽,汽车配件,20230524
001283.SZ,001283,豪鹏科技,深圳,电气设备,20220905
001285.SZ,001285,瑞立科密,广东,汽车配件,20250930
001286.SZ,001286,陕西能源,陕西,火力发电,20230410
001287.SZ,001287,中电港,深圳,元器件,20230410
001288.SZ,001288,运机集团,四川,专用机械,20211101
001289.SZ,001289,龙源电力,北京,新型电力,20220124
001296.SZ,001296,长江材料,重庆,其他建材,20211224
001298.SZ,001298,好上好,深圳,元器件,20221031
001299.SZ,001299,美能能源,陕西,供气供热,20221031
001300.SZ,001300,三柏硕,山东,文教休闲,20221019
001301.SZ,001301,尚太科技,河北,电气设备,20221228
001306.SZ,001306,夏厦精密,浙江,机械基件,20231116
001308.SZ,001308,康冠科技,深圳,元器件,20220318
001309.SZ,001309,德明利,深圳,半导体,20220701
001311.SZ,001311,多利科技,安徽,汽车配件,20230227
001313.SZ,001313,粤海饲料,广东,饲料,20220216
001314.SZ,001314,亿道信息,深圳,元器件,20230214
001316.SZ,001316,润贝航科,深圳,批发业,20220624
001317.SZ,001317,三羊马,重庆,铁路,20211130
001318.SZ,001318,阳光乳业,江西,乳制品,20220520
001319.SZ,001319,铭科精技,广东,汽车配件,20220512
001322.SZ,001322,箭牌家居,广东,家居用品,20221026
001323.SZ,001323,慕思股份,广东,家居用品,20220623
001324.SZ,001324,长青科技,江苏,运输设备,20230522
001325.SZ,001325,元创股份,浙江,橡胶,20251218
001326.SZ,001326,联域股份,深圳,电气设备,20231109
001328.SZ,001328,登康口腔,重庆,日用化工,20230410
001330.SZ,001330,博纳影业,新疆,影视音像,20220818
001331.SZ,001331,胜通能源,山东,供气供热,20220908
001332.SZ,001332,锡装股份,江苏,专用机械,20220920
001333.SZ,001333,光华股份,浙江,化工原料,20221208
001335.SZ,001335,信凯科技,浙江,化工原料,20250415
001336.SZ,001336,楚环科技,浙江,专用机械,20220725
001337.SZ,001337,四川黄金,四川,黄金,20230303
001338.SZ,001338,永顺泰,广东,啤酒,20221116
001339.SZ,001339,智微智能,深圳,IT设备,20220815
001356.SZ,001356,富岭股份,浙江,塑料,20250123
001358.SZ,001358,兴欣新材,浙江,化工原料,20231221
001359.SZ,001359,平安电工,湖北,矿物制品,20240328
001360.SZ,001360,南矿集团,江西,工程机械,20230410
001366.SZ,001366,播恩集团,江西,饲料,20230307
001367.SZ,001367,海森药业,浙江,化学制药,20230410
001368.SZ,001368,通达创智,福建,文教休闲,20230313
001369.SZ,001369,双欣材料,内蒙,化纤,20251230
001373.SZ,001373,翔腾新材,江苏,元器件,20230601
001376.SZ,001376,百通能源,江西,供气供热,20231103
001378.SZ,001378,德冠新材,广东,塑料,20231030
001379.SZ,001379,腾达科技,山东,机械基件,20240119
001380.SZ,001380,华纬科技,浙江,汽车配件,20230516
001382.SZ,001382,新亚电缆,广东,电气设备,20250321
001386.SZ,001386,马可波罗,广东,家居用品,20251022
001387.SZ,001387,雪祺电气,安徽,家用电器,20240111
001388.SZ,001388,信通电子,山东,电气设备,20250701
001389.SZ,001389,广合科技,广东,元器件,20240402
001390.SZ,001390,古麒绒材,安徽,纺织,20250529
001391.SZ,001391,国货航,北京,仓储物流,20241230
001395.SZ,001395,亚联机械,吉林,专用机械,20250127
001396.SZ,001396,誉帆科技,上海,建筑工程,20251230
001400.SZ,001400,江顺科技,江苏,专用机械,20250424
001696.SZ,001696,宗申动力,重庆,摩托车,19970306
001872.SZ,001872,招商港口,深圳,港口,19930505
001896.SZ,001896,豫能控股,河南,火力发电,19980122
001914.SZ,001914,招商积余,深圳,房产服务,19940928
001965.SZ,001965,招商公路,天津,路桥,20171225
001979.SZ,001979,招商蛇口,深圳,全国地产,20151230
002001.SZ,002001,新和成,浙江,化学制药,20040625
002003.SZ,002003,伟星股份,浙江,服饰,20040625
002004.SZ,002004,华邦健康,重庆,农药化肥,20040625
002005.SZ,002005,ST德豪,安徽,家用电器,20040625
002006.SZ,002006,精工科技,浙江,专用机械,20040625
002007.SZ,002007,华兰生物,河南,生物制药,20040625
002008.SZ,002008,大族激光,深圳,专用机械,20040625
002009.SZ,002009,天奇股份,江苏,工程机械,20040629
002010.SZ,002010,传化智联,浙江,仓储物流,20040629
002011.SZ,002011,盾安环境,浙江,家用电器,20040705
002012.SZ,002012,凯恩股份,浙江,造纸,20040705
002014.SZ,002014,永新股份,安徽,塑料,20040708
002015.SZ,002015,协鑫能科,江苏,新型电力,20040708
002016.SZ,002016,世荣兆业,广东,区域地产,20040708
002017.SZ,002017,东信和平,广东,通信设备,20040713
002019.SZ,002019,亿帆医药,浙江,化学制药,20040713
002020.SZ,002020,京新药业,浙江,化学制药,20040715
002021.SZ,002021,中捷资源,浙江,纺织机械,20040715
002022.SZ,002022,科华生物,上海,医疗保健,20040721
002023.SZ,002023,海特高新,四川,航空,20040721
002024.SZ,002024,ST易购,江苏,电器连锁,20040721
002025.SZ,002025,航天电器,贵州,元器件,20040726
002026.SZ,002026,山东威达,山东,机械基件,20040727
002027.SZ,002027,分众传媒,上海,广告包装,20040804
002028.SZ,002028,思源电气,上海,电气设备,20040805
002029.SZ,002029,七匹狼,福建,服饰,20040806
002030.SZ,002030,达安基因,广东,医疗保健,20040809
002031.SZ,002031,巨轮智能,广东,汽车配件,20040816
002032.SZ,002032,苏泊尔,浙江,家用电器,20040817
002033.SZ,002033,丽江股份,云南,旅游景点,20040825
002034.SZ,002034,旺能环境,浙江,环境保护,20040826
002035.SZ,002035,华帝股份,广东,家用电器,20040901
002036.SZ,002036,联创电子,江西,元器件,20040903
002037.SZ,002037,保利联合,贵州,化工原料,20040908
002038.SZ,002038,双鹭药业,北京,生物制药,20040909
002039.SZ,002039,黔源电力,贵州,水力发电,20050303
002040.SZ,002040,南京港,江苏,港口,20050325
002041.SZ,002041,登海种业,山东,种植业,20050418
002042.SZ,002042,华孚时尚,安徽,纺织,20050427
002043.SZ,002043,兔宝宝,浙江,其他建材,20050510
002044.SZ,002044,美年健康,浙江,医疗保健,20050518
002045.SZ,002045,国光电器,广东,元器件,20050523
002046.SZ,002046,国机精工,河南,机械基件,20050526
002047.SZ,002047,*ST宝鹰,深圳,装修装饰,20050531
002048.SZ,002048,宁波华翔,浙江,汽车配件,20050603
002049.SZ,002049,紫光国微,河北,半导体,20050606
002050.SZ,002050,三花智控,浙江,家用电器,20050607
002051.SZ,002051,中工国际,北京,建筑工程,20060619
002052.SZ,002052,同洲电子,深圳,家用电器,20060627
002053.SZ,002053,云南能投,云南,新型电力,20060627
002054.SZ,002054,德美化工,广东,染料涂料,20060725
002055.SZ,002055,ST得润,深圳,元器件,20060725
002056.SZ,002056,横店东磁,浙江,电气设备,20060802
002057.SZ,002057,中钢天源,安徽,矿物制品,20060802
002058.SZ,002058,*ST威尔,上海,电气设备,20060802
002059.SZ,002059,云南旅游,云南,旅游景点,20060810
002060.SZ,002060,广东建工,广东,建筑工程,20060810
002061.SZ,002061,浙江交科,浙江,建筑工程,20060816
002062.SZ,002062,宏润建设,浙江,建筑工程,20060816
002063.SZ,002063,远光软件,广东,软件服务,20060823
002064.SZ,002064,华峰化学,浙江,化纤,20060823
002065.SZ,002065,东华软件,北京,软件服务,20060823
002066.SZ,002066,瑞泰科技,北京,其他建材,20060823
002067.SZ,002067,景兴纸业,浙江,造纸,20060915
002068.SZ,002068,黑猫股份,江西,化工原料,20060915
002069.SZ,002069,獐子岛,辽宁,渔业,20060928
002072.SZ,002072,凯瑞德,湖北,商贸代理,20061018
002073.SZ,002073,软控股份,山东,专用机械,20061018
002074.SZ,002074,国轩高科,安徽,电气设备,20061018
002075.SZ,002075,沙钢股份,江苏,特种钢,20061025
002076.SZ,002076,*ST星光,广东,家用电器,20061025
002077.SZ,002077,大港股份,江苏,半导体,20061116
002078.SZ,002078,太阳纸业,山东,造纸,20061116
002079.SZ,002079,苏州固锝,江苏,电气设备,20061116
002080.SZ,002080,中材科技,江苏,玻璃,20061120
002081.SZ,002081,金螳螂,江苏,装修装饰,20061120
002082.SZ,002082,万邦德,浙江,中成药,20061120
002083.SZ,002083,孚日股份,山东,纺织,20061124
002084.SZ,002084,海鸥住工,广东,家居用品,20061124
002085.SZ,002085,万丰奥威,浙江,汽车配件,20061128
002086.SZ,002086,东方海洋,山东,渔业,20061128
002088.SZ,002088,鲁阳节能,山东,矿物制品,20061130
002090.SZ,002090,金智科技,江苏,电气设备,20061208
002091.SZ,002091,江苏国泰,江苏,商贸代理,20061208
002092.SZ,002092,中泰化学,新疆,化工原料,20061208
002093.SZ,002093,国脉科技,福建,文教休闲,20061215
002094.SZ,002094,青岛金王,山东,日用化工,20061215
002095.SZ,002095,生意宝,浙江,互联网,20061215
002096.SZ,002096,易普力,湖南,化工原料,20061222
002097.SZ,002097,山河智能,湖南,工程机械,20061222
002098.SZ,002098,浔兴股份,福建,服饰,20061222
002099.SZ,002099,海翔药业,浙江,化学制药,20061226
002100.SZ,002100,天康生物,新疆,饲料,20061226
002101.SZ,002101,广东鸿图,广东,汽车配件,20061229
002102.SZ,002102,能特科技,湖北,化学制药,20061229
002103.SZ,002103,广博股份,浙江,文教休闲,20070110
002104.SZ,002104,恒宝股份,江苏,通信设备,20070110
002105.SZ,002105,信隆健康,深圳,摩托车,20070112
002106.SZ,002106,莱宝高科,深圳,元器件,20070112
002107.SZ,002107,沃华医药,山东,中成药,20070124
002108.SZ,002108,沧州明珠,河北,塑料,20070124
002109.SZ,002109,兴化股份,陕西,化工原料,20070126
002110.SZ,002110,三钢闽光,福建,普钢,20070126
002111.SZ,002111,威海广泰,山东,航空,20070126
002112.SZ,002112,三变科技,浙江,电气设备,20070208
002114.SZ,002114,罗平锌电,云南,铅锌,20070215
002115.SZ,002115,三维通信,浙江,互联网,20070215
002116.SZ,002116,中国海诚,上海,建筑工程,20070215
002117.SZ,002117,东港股份,山东,广告包装,20070302
002119.SZ,002119,康强电子,浙江,半导体,20070302
002120.SZ,002120,韵达股份,浙江,仓储物流,20070306
002121.SZ,002121,科陆电子,深圳,电器仪表,20070306
002122.SZ,002122,ST汇洲,浙江,机床制造,20070328
002123.SZ,002123,梦网科技,辽宁,互联网,20070328
002124.SZ,002124,天邦食品,浙江,农业综合,20070403
002125.SZ,002125,湘潭电化,湖南,化工原料,20070403
002126.SZ,002126,银轮股份,浙江,汽车配件,20070418
002127.SZ,002127,南极电商,江苏,互联网,20070418
002128.SZ,002128,电投能源,内蒙,煤炭开采,20070418
002129.SZ,002129,TCL中环,天津,电气设备,20070420
002130.SZ,002130,沃尔核材,深圳,电气设备,20070420
002131.SZ,002131,利欧股份,浙江,互联网,20070427
002132.SZ,002132,恒星科技,河南,钢加工,20070427
002133.SZ,002133,广宇集团,浙江,全国地产,20070427
002134.SZ,002134,天津普林,天津,元器件,20070516
002135.SZ,002135,东南网架,浙江,钢加工,20070530
002136.SZ,002136,安纳达,安徽,化工原料,20070530
002137.SZ,002137,实益达,深圳,元器件,20070613
002138.SZ,002138,顺络电子,深圳,元器件,20070613
002139.SZ,002139,拓邦股份,深圳,元器件,20070629
002140.SZ,002140,东华科技,安徽,建筑工程,20070712
002141.SZ,002141,贤丰控股,广东,农业综合,20070720
002142.SZ,002142,宁波银行,浙江,银行,20070719
002144.SZ,002144,宏达高科,浙江,纺织,20070803
002145.SZ,002145,钛能化学,甘肃,化工原料,20070803
002146.SZ,002146,荣盛发展,河北,全国地产,20070808
002148.SZ,002148,北纬科技,北京,互联网,20070810
002149.SZ,002149,西部材料,陕西,小金属,20070810
002150.SZ,002150,正泰电源,江苏,机械基件,20070810
002151.SZ,002151,北斗星通,北京,通信设备,20070813
002152.SZ,002152,广电运通,广东,IT设备,20070813
002153.SZ,002153,石基信息,北京,软件服务,20070813
002154.SZ,002154,报喜鸟,浙江,服饰,20070816
002155.SZ,002155,湖南黄金,湖南,黄金,20070816
002156.SZ,002156,通富微电,江苏,半导体,20070816
002157.SZ,002157,正邦科技,江西,农业综合,20070817
002158.SZ,002158,汉钟精机,上海,工程机械,20070817
002159.SZ,002159,三特索道,湖北,旅游服务,20070817
002160.SZ,002160,常铝股份,江苏,铝,20070821
002161.SZ,002161,远望谷,深圳,通信设备,20070821
002162.SZ,002162,悦心健康,上海,陶瓷,20070823
002163.SZ,002163,海南发展,深圳,装修装饰,20070823
002164.SZ,002164,宁波东力,浙江,机械基件,20070823
002165.SZ,002165,红宝丽,江苏,化工原料,20070913
002166.SZ,002166,莱茵生物,广西,中成药,20070913
002167.SZ,002167,东方锆业,广东,小金属,20070913
002168.SZ,002168,*ST惠程,重庆,电气设备,20070919
002169.SZ,002169,智光电气,广东,电气设备,20070919
002170.SZ,002170,芭田股份,深圳,农药化肥,20070919
002171.SZ,002171,楚江新材,安徽,铜,20070921
002172.SZ,002172,澳洋健康,江苏,医疗保健,20070921
002173.SZ,002173,创新医疗,浙江,医疗保健,20070925
002174.SZ,002174,游族网络,福建,互联网,20070925
002175.SZ,002175,东方智造,广西,电器仪表,20071012
002176.SZ,002176,江特电机,江西,小金属,20071012
002177.SZ,002177,御银股份,广东,其他商业,20071101
002178.SZ,002178,延华智能,上海,软件服务,20071101
002179.SZ,002179,中航光电,河南,元器件,20071101
002180.SZ,002180,纳思达,广东,IT设备,20071113
002181.SZ,002181,粤传媒,广东,出版业,20071116
002182.SZ,002182,宝武镁业,江苏,小金属,20071113
002183.SZ,002183,怡亚通,深圳,仓储物流,20071113
002184.SZ,002184,海得控制,上海,机械基件,20071116
002185.SZ,002185,华天科技,甘肃,半导体,20071120
002186.SZ,002186,全聚德,北京,酒店餐饮,20071120
002187.SZ,002187,广百股份,广东,百货,20071122
002188.SZ,002188,中天服务,浙江,房产服务,20071122
002189.SZ,002189,中光学,河南,元器件,20071203
002190.SZ,002190,成飞集成,四川,汽车配件,20071203
002191.SZ,002191,劲嘉股份,深圳,广告包装,20071205
002192.SZ,002192,融捷股份,广东,小金属,20071205
002193.SZ,002193,如意集团,山东,纺织,20071207
002194.SZ,002194,武汉凡谷,湖北,通信设备,20071207
002195.SZ,002195,岩山科技,上海,软件服务,20071212
002196.SZ,002196,方正电机,浙江,纺织机械,20071212
002197.SZ,002197,证通电子,深圳,IT设备,20071218
002198.SZ,002198,嘉应制药,广东,中成药,20071218
002199.SZ,002199,*ST东晶,浙江,元器件,20071221
002200.SZ,002200,*ST交投,云南,建筑工程,20071221
002201.SZ,002201,九鼎新材,江苏,玻璃,20071226
002202.SZ,002202,金风科技,新疆,电气设备,20071226
002203.SZ,002203,海亮股份,浙江,铜,20080116
002204.SZ,002204,大连重工,辽宁,专用机械,20080116
002205.SZ,002205,国统股份,新疆,水泥,20080123
002206.SZ,002206,海利得,浙江,化纤,20080123
002207.SZ,002207,准油股份,新疆,石油开采,20080128
002208.SZ,002208,合肥城建,安徽,区域地产,20080128
002209.SZ,002209,达意隆,广东,轻工机械,20080130
002210.SZ,002210,飞马国际,深圳,环境保护,20080130
002211.SZ,002211,ST宏达,上海,橡胶,20080201
002212.SZ,002212,天融信,广东,软件服务,20080201
002213.SZ,002213,大为股份,深圳,半导体,20080201
002214.SZ,002214,*ST大立,浙江,电器仪表,20080218
002215.SZ,002215,诺普信,深圳,农药化肥,20080218
002216.SZ,002216,三全食品,河南,食品,20080220
002217.SZ,002217,合力泰,福建,元器件,20080220
002218.SZ,002218,拓日新能,深圳,新型电力,20080228
002219.SZ,002219,新里程,甘肃,医疗保健,20080306
002221.SZ,002221,东华能源,广东,石油加工,20080306
002222.SZ,002222,福晶科技,福建,元器件,20080319
002223.SZ,002223,鱼跃医疗,江苏,医疗保健,20080418
002224.SZ,002224,三力士,浙江,橡胶,20080425
002225.SZ,002225,濮耐股份,河南,其他建材,20080425
002226.SZ,002226,江南化工,安徽,化工原料,20080506
002227.SZ,002227,奥特迅,深圳,电气设备,20080506
002228.SZ,002228,合兴包装,福建,广告包装,20080508
002229.SZ,002229,鸿博股份,福建,广告包装,20080508
002230.SZ,002230,科大讯飞,安徽,软件服务,20080512
002232.SZ,002232,启明信息,吉林,软件服务,20080509
002233.SZ,002233,塔牌集团,广东,水泥,20080516
002234.SZ,002234,民和股份,山东,农业综合,20080516
002235.SZ,002235,安妮股份,福建,造纸,20080516
002236.SZ,002236,大华股份,浙江,IT设备,20080520
002237.SZ,002237,恒邦股份,山东,黄金,20080520
002238.SZ,002238,天威视讯,深圳,影视音像,20080526
002239.SZ,002239,奥特佳,江苏,汽车配件,20080522
002240.SZ,002240,盛新锂能,四川,小金属,20080523
002241.SZ,002241,歌尔股份,山东,元器件,20080522
002242.SZ,002242,九阳股份,山东,家用电器,20080528
002243.SZ,002243,力合科创,深圳,广告包装,20080528
002244.SZ,002244,滨江集团,浙江,区域地产,20080529
002245.SZ,002245,蔚蓝锂芯,江苏,电气设备,20080605
002246.SZ,002246,北化股份,四川,化工原料,20080605
002247.SZ,002247,聚力文化,浙江,其他建材,20080612
002248.SZ,002248,华东数控,山东,机床制造,20080612
002249.SZ,002249,大洋电机,广东,电气设备,20080619
002250.SZ,002250,联化科技,浙江,化工原料,20080619
002251.SZ,002251,步步高,湖南,超市连锁,20080619
002252.SZ,002252,上海莱士,上海,生物制药,20080623
002253.SZ,002253,*ST智胜,四川,软件服务,20080623
002254.SZ,002254,泰和新材,山东,化纤,20080625
002255.SZ,002255,海陆重工,江苏,专用机械,20080625
002256.SZ,002256,兆新股份,深圳,新型电力,20080625
002258.SZ,002258,利尔化学,四川,农药化肥,20080708
002259.SZ,002259,升达林业,四川,供气供热,20080716
002261.SZ,002261,拓维信息,湖南,软件服务,20080723
002262.SZ,002262,恩华药业,江苏,化学制药,20080723
002263.SZ,002263,大东南,浙江,塑料,20080728
002264.SZ,002264,新华都,福建,互联网,20080731
002265.SZ,002265,建设工业,云南,专用机械,20080806
002266.SZ,002266,浙富控股,浙江,环境保护,20080806
002267.SZ,002267,陕天然气,陕西,供气供热,20080813
002268.SZ,002268,电科网安,四川,IT设备,20080811
002269.SZ,002269,美邦服饰,上海,服饰,20080828
002270.SZ,002270,华明装备,山东,电气设备,20080905
002271.SZ,002271,东方雨虹,北京,其他建材,20080910
002272.SZ,002272,川润股份,四川,机械基件,20080919
002273.SZ,002273,水晶光电,浙江,元器件,20080919
002274.SZ,002274,华昌化工,江苏,农药化肥,20080925
002275.SZ,002275,桂林三金,广西,中成药,20090710
002276.SZ,002276,万马股份,浙江,电气设备,20090710
002277.SZ,002277,友阿股份,湖南,百货,20090717
002278.SZ,002278,神开股份,上海,化工机械,20090811
002279.SZ,002279,久其软件,北京,软件服务,20090811
002281.SZ,002281,光迅科技,湖北,通信设备,20090821
002282.SZ,002282,博深股份,河北,机械基件,20090821
002283.SZ,002283,天润工业,山东,汽车配件,20090821
002284.SZ,002284,亚太股份,浙江,汽车配件,20090828
002285.SZ,002285,世联行,深圳,房产服务,20090828
002286.SZ,002286,保龄宝,山东,食品,20090828
002287.SZ,002287,奇正藏药,西藏,中成药,20090828
002289.SZ,002289,*ST宇顺,深圳,元器件,20090903
