ts_code,trade_date,open,high,low,close,vol,amount
000777.SZ,20260416,22.59,22.75,22.51,22.67,61619.12,139516.204
000777.SZ,20260415,22.8,23.13,22.51,22.6,88215.49,201619.539
000777.SZ,20260414,22.67,22.72,22.41,22.69,71485.22,161515.088
000777.SZ,20260413,22.4,22.55,22.2,22.49,55706.58,124982.868
000777.SZ,20260410,22.52,22.84,22.52,22.58,67311.43,152614.925
000777.SZ,20260409,22.58,22.58,22.22,22.42,57670.84,129055.683
000777.SZ,20260408,22.0,22.6,22.0,22.6,90680.07,202657.865
000777.SZ,20260407,21.37,21.55,21.26,21.51,50366.94,108042.293
000777.SZ,20260403,21.91,22.0,21.25,21.35,69619.08,149471.425
000777.SZ,20260402,22.5,22.73,21.71,21.81,88027.43,194535.568
000777.SZ,20260401,22.6,22.72,22.4,22.65,69141.69,156053.962
000777.SZ,20260331,22.66,22.85,22.25,22.27,60214.92,135486.304
000777.SZ,20260330,22.4,22.89,22.25,22.66,53840.0,121608.286
000777.SZ,20260327,22.08,22.8,22.01,22.68,72228.52,162600.543
000777.SZ,20260326,23.0,23.15,22.3,22.45,94197.13,213003.895
000777.SZ,20260325,22.67,23.37,22.65,23.08,113556.03,262182.442
000777.SZ,20260324,22.56,22.79,22.06,22.68,103544.87,232198.728
000777.SZ,20260323,22.28,23.19,22.0,22.22,149065.59,336696.144
000777.SZ,20260320,24.06,24.28,22.87,22.9,179807.65,420771.561
000777.SZ,20260319,24.4,24.55,23.78,24.04,163915.34,394917.064
000777.SZ,20260318,25.5,25.75,24.24,24.82,211169.99,522724.343
000777.SZ,20260317,26.43,26.44,25.36,25.53,250913.25,650478.762
000777.SZ,20260316,26.85,27.19,26.01,26.7,387734.87,1028203.277
000777.SZ,20260313,24.87,27.12,24.68,26.84,509453.96,1343171.61
000777.SZ,20260312,25.73,25.73,24.57,25.1,212118.2,531987.235
000777.SZ,20260311,25.99,26.15,25.58,25.79,131599.02,340228.632
000777.SZ,20260310,25.73,26.23,25.63,25.98,164387.91,426447.809
000777.SZ,20260309,25.0,25.72,24.85,25.61,177331.22,449532.97
000777.SZ,20260306,25.36,25.7,24.91,25.33,152415.89,385861.467
000777.SZ,20260305,24.73,26.26,24.73,25.5,294807.06,753481.388
000777.SZ,20260304,23.8,25.06,23.79,24.5,156410.93,385186.39
000777.SZ,20260303,25.75,25.96,23.96,23.99,255071.56,631418.329
000777.SZ,20260302,25.98,26.38,25.56,25.75,239850.72,623176.855
000777.SZ,20260227,26.33,26.38,25.87,26.18,160751.09,419272.542
000777.SZ,20260226,25.6,26.34,25.44,26.32,224274.42,583502.524
000777.SZ,20260225,25.27,25.73,25.1,25.65,129005.15,329474.732
000777.SZ,20260224,24.95,25.35,24.9,25.26,92727.37,233772.485
000777.SZ,20260213,25.09,25.16,24.65,24.67,75868.2,188639.39
000777.SZ,20260212,24.6,25.34,24.51,25.13,103866.0,259923.399
000777.SZ,20260211,25.01,25.12,24.64,24.65,77673.49,193136.323
000777.SZ,20260210,25.28,25.38,24.9,25.04,73588.96,184601.051
000777.SZ,20260209,25.09,25.4,25.02,25.27,107741.91,271919.994
000777.SZ,20260206,24.82,25.3,24.72,24.88,85278.54,213747.485
000777.SZ,20260205,25.31,25.49,24.85,25.02,78048.74,195782.082
000777.SZ,20260204,25.47,25.97,25.26,25.54,113307.28,289752.759
000777.SZ,20260203,25.07,25.55,24.8,25.47,123222.28,311695.047
000777.SZ,20260202,25.04,25.54,24.69,24.76,134157.07,337784.087
000777.SZ,20260130,25.22,25.23,24.4,24.78,129913.15,321734.364
000777.SZ,20260129,25.59,25.83,25.1,25.24,138204.82,351989.698
000777.SZ,20260128,25.9,25.94,25.34,25.68,122755.08,314460.027
000777.SZ,20260127,25.9,26.12,25.1,25.86,171269.86,438198.179
000777.SZ,20260126,26.94,27.05,26.0,26.22,205311.85,542436.527
000777.SZ,20260123,27.93,27.93,26.96,27.06,266306.31,726011.377
000777.SZ,20260122,26.73,27.96,26.66,27.78,317255.66,870337.18
000777.SZ,20260121,26.0,26.56,25.82,26.27,140881.08,369443.646
000777.SZ,20260120,27.37,27.65,26.22,26.37,250710.5,669078.988
000777.SZ,20260119,27.81,29.11,27.54,27.65,307551.48,864394.194
000777.SZ,20260116,27.63,28.0,26.75,26.79,216172.43,588327.285
000777.SZ,20260115,28.0,28.1,26.8,27.61,324123.2,887699.382
000777.SZ,20260114,27.82,29.77,27.82,28.39,430006.28,1233431.325
000777.SZ,20260113,30.86,30.88,27.82,28.0,505399.57,1445749.397
000777.SZ,20260112,29.01,31.29,29.01,30.86,562546.06,1713529.707
000777.SZ,20260109,28.52,29.2,27.8,28.57,501627.26,1428866.62
000777.SZ,20260108,27.5,29.56,27.37,28.34,636120.89,1824442.211
000777.SZ,20260107,26.16,28.38,25.96,27.73,693104.59,1910013.873
000777.SZ,20260106,26.27,26.69,25.68,26.3,375612.18,981129.9
000777.SZ,20260105,26.21,26.8,25.83,26.42,486808.39,1280156.939
000777.SZ,20251231,26.0,26.32,25.3,25.85,361479.52,932441.514
000777.SZ,20251230,26.2,27.14,25.68,25.85,542236.75,1419734.151
000777.SZ,20251229,27.0,28.38,26.42,26.6,966504.0,2631062.248
000777.SZ,20251226,23.45,25.81,22.86,25.81,800054.17,2018748.34
000777.SZ,20251225,21.33,23.46,21.18,23.46,486323.27,1114700.99
000777.SZ,20251224,20.96,21.46,20.71,21.33,111768.9,237030.995
000777.SZ,20251223,21.03,21.05,20.8,20.92,87346.62,182831.678
000777.SZ,20251222,21.18,21.64,21.03,21.1,142470.77,302168.769
000777.SZ,20251219,20.65,21.08,20.57,20.86,184563.71,384901.062
000777.SZ,20251218,20.41,20.57,20.17,20.17,104148.09,212085.367
000777.SZ,20251217,20.43,20.66,19.9,20.61,128209.94,260124.302
000777.SZ,20251216,21.4,21.42,20.35,20.47,158812.5,327885.643
000777.SZ,20251215,21.75,21.92,21.31,21.35,176774.28,381214.685
000777.SZ,20251212,20.78,21.99,20.66,21.82,339175.13,728311.661
000777.SZ,20251211,20.66,20.9,20.58,20.69,119771.68,248719.441
000777.SZ,20251210,20.55,20.69,20.39,20.61,77649.17,159477.329
000777.SZ,20251209,21.0,21.11,20.66,20.68,106108.32,220941.538
000777.SZ,20251208,21.23,21.33,21.09,21.14,152931.95,323772.374
000777.SZ,20251205,20.55,21.35,20.55,21.23,193029.91,406612.148
000777.SZ,20251204,20.35,20.79,20.33,20.52,103014.99,212199.96
000777.SZ,20251203,20.92,20.99,20.34,20.41,117155.31,241634.734
000777.SZ,20251202,20.79,20.79,20.47,20.53,76181.95,156571.116
000777.SZ,20251201,20.59,20.77,20.52,20.71,93527.11,193040.245
000777.SZ,20251128,20.33,20.58,20.22,20.58,89676.52,183356.132
000777.SZ,20251127,20.38,20.66,20.22,20.31,122919.16,251126.152
000777.SZ,20251126,20.53,20.55,20.18,20.21,114902.42,233758.076
000777.SZ,20251125,20.61,20.92,20.45,20.58,127948.42,264567.537
000777.SZ,20251124,20.3,20.71,20.04,20.54,126020.06,257598.833
000777.SZ,20251121,21.01,21.16,20.08,20.1,196769.57,403083.544
000777.SZ,20251120,21.75,21.8,21.15,21.21,127323.73,272458.201
000777.SZ,20251119,21.55,21.88,21.4,21.6,149760.68,323783.956
000777.SZ,20251118,21.96,21.96,21.45,21.58,170958.62,369520.826
000777.SZ,20251117,22.3,22.52,21.76,21.99,275368.43,606908.694
000777.SZ,20251114,23.82,24.2,22.7,22.77,360849.49,840028.548
000777.SZ,20251113,24.0,24.29,23.53,24.16,295652.46,709855.354
000777.SZ,20251112,24.65,24.65,23.48,24.02,350947.62,837755.478
000777.SZ,20251111,23.71,25.15,23.44,24.89,598720.85,1470530.542
000777.SZ,20251110,23.9,23.99,23.4,23.98,406474.89,964871.607
000777.SZ,20251107,24.0,25.23,23.7,24.41,630464.17,1543761.611
000777.SZ,20251106,23.63,24.8,23.37,24.39,672529.24,1624656.75
000777.SZ,20251105,24.09,25.39,23.6,23.84,758952.39,1841203.41
000777.SZ,20251104,23.88,25.48,23.64,24.39,1064370.37,2634227.557
000777.SZ,20251103,22.0,23.16,21.71,23.16,542969.4,1220966.604
000777.SZ,20251031,21.7,21.7,21.01,21.05,169443.17,360024.538
000777.SZ,20251030,21.97,22.05,21.56,21.67,225314.3,490372.027
000777.SZ,20251029,21.52,22.5,21.5,22.27,350284.12,775772.869
000777.SZ,20251028,21.61,22.15,21.52,21.76,205654.33,449836.598
000777.SZ,20251027,22.15,22.19,21.6,21.79,316943.89,693302.956
000777.SZ,20251024,22.22,22.22,21.23,21.84,379652.74,822860.802
000777.SZ,20251023,20.42,21.96,19.73,21.93,362415.64,757546.653
000777.SZ,20251022,20.48,20.91,20.2,20.62,154237.26,317505.316
000777.SZ,20251021,20.53,20.79,20.45,20.61,120695.32,248808.558
000777.SZ,20251020,20.72,20.76,20.3,20.5,113139.75,231760.295
000777.SZ,20251017,21.28,21.33,20.4,20.46,180237.07,376314.459
000777.SZ,20251016,21.78,21.84,21.0,21.07,236737.25,503382.074
000777.SZ,20251015,21.26,22.17,21.22,21.94,350968.13,763815.532
000777.SZ,20251014,21.98,22.49,21.35,21.58,435740.11,951906.555
000777.SZ,20251013,20.8,22.1,20.65,21.91,476736.63,1024482.756
000777.SZ,20251010,21.09,21.9,20.67,21.45,634419.49,1354046.902
000777.SZ,20251009,20.13,21.08,20.13,21.08,327211.23,682199.256
000777.SZ,20250930,19.3,19.32,19.13,19.16,65043.84,124858.902
000777.SZ,20250929,19.22,19.29,19.12,19.21,63275.02,121508.706
000777.SZ,20250926,19.7,19.7,19.27,19.29,86159.61,167013.728
000777.SZ,20250925,19.46,19.89,19.46,19.68,137655.53,271829.604
000777.SZ,20250924,19.39,19.47,19.21,19.41,73010.0,141222.171
000777.SZ,20250923,19.3,19.64,19.1,19.56,120029.39,232634.403
000777.SZ,20250922,19.12,19.35,19.1,19.3,60411.56,116130.936
000777.SZ,20250919,19.19,19.36,19.1,19.16,63631.8,122131.264
000777.SZ,20250918,19.41,19.63,19.17,19.28,93481.22,181720.716
000777.SZ,20250917,19.45,19.52,19.28,19.42,71666.49,138984.232
000777.SZ,20250916,19.71,19.8,19.44,19.49,90761.72,177295.742
000777.SZ,20250915,19.79,19.95,19.48,19.66,93938.08,184425.131
000777.SZ,20250912,19.71,20.12,19.6,19.83,122406.75,242950.741
000777.SZ,20250911,19.33,19.67,19.2,19.67,85910.74,166811.424
000777.SZ,20250910,19.59,19.68,19.3,19.4,62885.97,122222.484
000777.SZ,20250909,19.91,20.05,19.52,19.59,84811.0,167416.131
000777.SZ,20250908,19.72,20.03,19.49,19.97,117246.49,232047.769
000777.SZ,20250905,19.13,19.51,19.1,19.5,76387.16,147860.324
000777.SZ,20250904,19.41,19.58,18.77,19.06,103625.1,199638.883
000777.SZ,20250903,19.7,19.89,19.39,19.53,103699.73,203883.452
000777.SZ,20250902,20.13,20.17,19.62,19.69,127581.96,252758.91
000777.SZ,20250901,20.19,20.29,19.99,20.13,84196.01,169538.275
000777.SZ,20250829,20.15,20.46,20.1,20.2,103745.57,209963.267
000777.SZ,20250828,20.75,20.75,19.76,20.31,282485.85,570224.373
000777.SZ,20250827,21.51,21.69,20.85,20.86,198560.29,423621.331
000777.SZ,20250826,21.8,21.82,21.46,21.55,149998.27,323763.942
000777.SZ,20250825,21.3,21.81,21.25,21.81,289934.69,625638.641
000777.SZ,20250822,21.22,21.29,20.93,21.28,134756.87,284530.166
000777.SZ,20250821,21.15,21.42,21.09,21.22,162357.68,345610.713
000777.SZ,20250820,21.0,21.16,20.8,21.15,122106.48,255943.147
000777.SZ,20250819,21.25,21.28,20.97,21.03,108945.45,229683.192
000777.SZ,20250818,21.03,21.35,21.0,21.25,136940.44,290208.983
000777.SZ,20250815,20.73,21.11,20.7,21.05,97634.28,204593.196
000777.SZ,20250814,21.19,21.26,20.83,20.83,127638.23,268404.735
000777.SZ,20250813,21.34,21.46,21.22,21.26,123301.84,262498.121
000777.SZ,20250812,21.29,21.46,20.91,21.41,149878.47,316767.876
000777.SZ,20250811,21.42,21.48,21.15,21.38,105008.19,223708.788
000777.SZ,20250808,21.36,21.68,21.2,21.42,136439.35,292908.668
000777.SZ,20250807,21.32,21.39,20.95,21.32,126294.59,267350.428
000777.SZ,20250806,21.09,21.38,20.99,21.3,144284.6,306355.05
000777.SZ,20250805,21.13,21.15,20.9,21.02,83156.48,174485.629
000777.SZ,20250804,20.72,21.1,20.66,21.08,102012.69,213288.072
000777.SZ,20250801,20.96,21.03,20.74,20.87,97586.78,203519.947
000777.SZ,20250731,21.0,21.23,20.83,20.96,111946.51,235306.369
000777.SZ,20250730,21.89,21.89,20.94,21.09,202043.03,430517.383
000777.SZ,20250729,21.69,21.89,21.46,21.71,147200.0,317979.914
000777.SZ,20250728,21.6,21.85,21.53,21.8,151634.0,329153.311
000777.SZ,20250725,22.19,22.2,21.61,21.68,206439.04,449951.092
000777.SZ,20250724,22.04,22.3,21.88,22.13,272958.42,602126.241
000777.SZ,20250723,23.67,23.69,22.04,22.09,557278.47,1277708.978
000777.SZ,20250722,21.52,22.63,21.4,22.45,483710.0,1070178.752
000777.SZ,20250721,21.06,21.55,21.0,21.52,261774.19,559432.937
000777.SZ,20250718,21.23,21.35,20.95,21.12,171098.38,361092.676
000777.SZ,20250717,21.33,21.39,21.04,21.28,200758.09,426347.573
000777.SZ,20250716,21.41,21.49,20.94,21.18,259002.36,548792.7
000777.SZ,20250715,22.46,22.5,21.1,21.54,623048.43,1356761.321
000777.SZ,20250714,22.07,22.07,22.05,22.07,226734.79,500403.206
000777.SZ,20250711,19.97,20.12,19.92,20.06,141780.39,284006.758
000777.SZ,20250710,19.93,20.04,19.74,19.94,200144.2,397529.556
000777.SZ,20250709,20.15,20.56,20.0,20.06,244350.24,494857.285
000777.SZ,20250708,20.25,20.59,19.91,20.33,442203.26,892649.103
000777.SZ,20250707,21.38,21.76,20.95,21.72,198333.86,425779.76
000777.SZ,20250704,21.5,21.85,21.3,21.41,244880.0,527135.41
000777.SZ,20250703,21.92,22.13,21.43,21.62,255978.37,554128.269
000777.SZ,20250702,22.1,23.22,21.9,21.92,352202.32,790716.471
000777.SZ,20250701,22.05,22.95,21.87,22.36,407103.63,913110.382
000777.SZ,20250630,21.13,22.18,21.1,21.99,342699.35,742800.617
000777.SZ,20250627,21.05,21.33,20.88,21.12,183974.62,388474.486
000777.SZ,20250626,21.4,21.95,21.05,21.24,306025.23,654167.342
000777.SZ,20250625,21.26,21.87,20.92,21.65,395931.34,846124.199
000777.SZ,20250624,21.3,21.55,21.1,21.25,443372.15,944661.529
000777.SZ,20250623,20.9,22.8,20.35,22.1,585681.06,1262882.029
000777.SZ,20250620,21.01,21.15,20.6,20.9,377551.82,787612.657
000777.SZ,20250619,22.5,22.65,21.02,21.6,797564.92,1724377.709
000777.SZ,20250618,22.78,23.96,22.5,23.36,1000456.29,2327053.657
000777.SZ,20250617,19.91,21.78,19.86,21.78,250682.86,532612.757
000777.SZ,20250616,20.28,20.28,19.66,19.8,228236.1,454420.291
000777.SZ,20250613,19.71,20.55,19.55,20.09,366145.09,733637.91
000777.SZ,20250612,19.26,19.92,19.12,19.78,309433.25,607515.006
000777.SZ,20250611,19.1,19.5,18.9,19.26,138599.24,266326.932
000777.SZ,20250610,19.4,19.84,18.99,19.16,204418.22,394917.749
000777.SZ,20250609,19.47,19.74,19.3,19.51,226576.37,442006.525
000777.SZ,20250606,19.18,19.31,18.94,19.1,137931.73,264063.986
000777.SZ,20250605,19.2,19.37,19.04,19.18,171989.92,329625.679
000777.SZ,20250604,19.87,19.94,19.18,19.26,257140.56,500900.607
000777.SZ,20250603,19.24,19.66,18.94,19.47,243104.02,469908.396
000777.SZ,20250530,20.53,20.77,19.34,19.57,402451.39,792253.95
000777.SZ,20250529,20.53,21.46,20.35,20.64,513246.43,1068476.861
000777.SZ,20250528,20.41,21.92,19.7,21.05,613413.59,1284084.719
000777.SZ,20250527,20.07,21.84,19.68,20.43,721309.06,1468662.957
000777.SZ,20250526,18.5,19.9,18.38,19.9,357455.7,678771.734
000777.SZ,20250523,17.78,18.72,17.64,18.09,248611.27,456364.832
000777.SZ,20250522,17.79,17.95,17.58,17.62,59582.85,105586.104
000777.SZ,20250521,18.14,18.14,17.82,17.9,59700.27,106978.318
000777.SZ,20250520,18.2,18.45,18.0,18.07,89847.1,162951.05
000777.SZ,20250519,17.9,18.3,17.71,18.19,131903.48,238678.623
000777.SZ,20250516,17.33,18.08,17.33,17.89,158333.48,283504.775
000777.SZ,20250515,17.62,17.63,17.33,17.38,63640.0,111016.538
000777.SZ,20250514,17.51,17.75,17.46,17.62,59128.0,104101.027
000777.SZ,20250513,17.76,17.85,17.51,17.59,63437.0,111800.05
000777.SZ,20250512,17.47,17.8,17.41,17.66,87776.0,154699.375
000777.SZ,20250509,17.69,17.69,17.31,17.38,71895.1,125343.444
000777.SZ,20250508,17.41,17.98,17.35,17.73,135596.51,240103.433
000777.SZ,20250507,17.61,17.73,17.34,17.49,106211.25,185758.219
000777.SZ,20250506,16.98,17.63,16.94,17.59,133939.94,233382.28
000777.SZ,20250430,16.8,16.99,16.79,16.82,85474.63,144103.07
000777.SZ,20250429,17.25,17.33,16.9,16.95,140335.78,238757.531
000777.SZ,20250428,18.5,18.8,17.31,17.38,293652.78,526904.463
000777.SZ,20250425,17.6,17.9,17.43,17.68,104124.75,183296.651
000777.SZ,20250424,16.88,17.87,16.8,17.78,246606.18,432541.174
000777.SZ,20250423,16.71,17.2,16.64,16.88,86003.78,145168.823
000777.SZ,20250422,16.65,16.87,16.56,16.64,68070.16,113906.648
000777.SZ,20250421,16.47,16.68,16.35,16.67,66731.16,110612.369
000777.SZ,20250418,16.6,16.65,16.29,16.48,72346.0,118809.755
000777.SZ,20250417,16.35,16.94,16.22,16.69,99490.97,165723.922
000777.SZ,20250416,16.7,16.7,16.14,16.29,76556.94,125551.795
000777.SZ,20250415,16.66,16.69,16.25,16.45,69131.0,113189.489
000777.SZ,20250414,16.26,16.8,16.26,16.6,106733.08,177127.543
000777.SZ,20250411,16.02,16.34,15.89,16.19,79789.55,129058.457
000777.SZ,20250410,16.08,16.41,16.02,16.05,115202.0,186568.454
000777.SZ,20250409,15.37,16.15,14.5,15.9,138516.93,215517.225
000777.SZ,20250408,15.66,15.99,15.02,15.37,150172.59,231394.108
000777.SZ,20250407,16.75,16.86,15.82,15.82,147761.0,238316.711
000777.SZ,20250403,17.46,18.44,17.42,17.58,119439.02,213592.196
000777.SZ,20250402,17.89,17.95,17.54,17.62,100229.22,177251.516
000777.SZ,20250401,17.15,18.3,17.15,18.04,207097.74,369894.67
000777.SZ,20250331,17.25,17.29,16.9,17.15,89679.48,153200.144
000777.SZ,20250328,17.88,18.21,17.26,17.42,154355.2,271604.988
000777.SZ,20250327,18.37,18.42,17.73,17.82,149739.02,268479.103
000777.SZ,20250326,18.48,18.96,18.34,18.5,178614.44,333200.822
000777.SZ,20250325,17.9,19.59,17.89,18.79,321147.81,611249.52
000777.SZ,20250324,18.55,18.73,17.54,17.94,152090.24,273986.912
000777.SZ,20250321,18.94,19.2,18.61,18.64,136803.0,258738.904
000777.SZ,20250320,18.67,19.23,18.52,18.96,124277.31,234878.502
000777.SZ,20250319,18.71,19.05,18.65,18.76,89349.18,168102.304
000777.SZ,20250318,18.9,19.03,18.67,18.83,90640.61,170387.602
000777.SZ,20250317,18.55,19.48,18.46,18.93,165546.63,314024.021
000777.SZ,20250314,18.3,18.62,18.12,18.49,94137.93,173871.592
000777.SZ,20250313,18.7,18.71,18.21,18.39,121650.1,224325.328
000777.SZ,20250312,18.65,18.78,18.46,18.58,121106.01,225444.534
000777.SZ,20250311,18.4,18.72,18.25,18.48,94265.4,173810.48
000777.SZ,20250310,18.41,18.66,18.31,18.61,120934.69,223927.411
000777.SZ,20250307,18.61,18.78,18.26,18.4,132640.94,245714.308
000777.SZ,20250306,18.5,18.86,18.36,18.6,182599.92,339273.989
000777.SZ,20250305,18.15,18.79,18.15,18.47,158470.52,292913.54
000777.SZ,20250304,17.9,18.39,17.82,18.27,123609.44,224653.078
000777.SZ,20250303,18.29,18.88,18.1,18.19,230079.73,424577.934
000777.SZ,20250228,17.98,18.28,17.7,17.84,125273.73,224855.068
000777.SZ,20250227,18.45,18.51,17.81,18.01,128667.27,232217.803
000777.SZ,20250226,18.15,18.7,18.05,18.42,196440.97,360283.269
000777.SZ,20250225,17.22,18.68,17.12,18.31,306071.4,552960.298
000777.SZ,20250224,17.25,17.49,17.1,17.35,86091.21,149219.017
000777.SZ,20250221,17.3,17.36,17.1,17.32,84249.0,145223.507
000777.SZ,20250220,17.27,17.39,17.06,17.3,93243.61,160777.289
000777.SZ,20250219,16.82,17.41,16.76,17.26,102386.36,175392.399
000777.SZ,20250218,17.15,17.15,16.75,16.83,85815.83,145460.865
000777.SZ,20250217,17.04,17.24,17.01,17.15,86502.8,147988.33
000777.SZ,20250214,17.3,17.3,17.0,17.04,92170.2,157794.59
000777.SZ,20250213,17.85,17.88,17.29,17.29,114074.25,199469.092
000777.SZ,20250212,17.65,17.99,17.56,17.85,112547.33,200703.439
000777.SZ,20250211,17.79,17.79,17.4,17.65,96910.2,170119.081
000777.SZ,20250210,17.25,17.89,17.24,17.81,199428.45,351875.689
000777.SZ,20250207,17.18,17.45,16.91,17.23,136888.66,235805.021
000777.SZ,20250206,17.03,17.18,16.86,17.18,91496.22,156269.074
000777.SZ,20250205,16.79,17.09,16.58,17.03,88009.11,148605.199
000777.SZ,20250127,17.14,17.29,16.71,16.71,90318.19,152861.055
000777.SZ,20250124,17.43,17.43,16.84,17.1,124569.39,211945.105
000777.SZ,20250123,17.68,17.93,17.35,17.35,155162.66,274890.611
000777.SZ,20250122,17.49,17.9,17.33,17.59,131167.79,231442.935
000777.SZ,20250121,17.55,17.63,17.22,17.49,118461.6,206405.959
000777.SZ,20250120,17.5,17.85,17.35,17.41,157396.84,277048.498
000777.SZ,20250117,17.77,17.83,17.53,17.57,191709.81,338482.544
000777.SZ,20250116,18.21,18.56,17.65,18.06,358466.69,646838.397
000777.SZ,20250115,21.0,21.0,18.18,18.65,589742.92,1141151.86
000777.SZ,20250114,19.88,19.88,19.88,19.88,61364.96,121993.54
000777.SZ,20241227,17.71,18.16,17.58,18.07,165182.98,295456.554
000777.SZ,20241226,16.68,17.8,16.68,17.45,123219.0,213892.873
000777.SZ,20241225,17.05,17.1,16.55,16.78,57469.0,96428.184
000777.SZ,20241224,16.45,17.07,16.45,17.0,84506.67,142559.023
000777.SZ,20241223,17.06,17.18,16.39,16.46,85497.28,143199.498
000777.SZ,20241220,16.91,17.25,16.72,17.02,53949.72,91535.932
000777.SZ,20241219,16.75,17.0,16.5,16.9,70140.12,117288.319
000777.SZ,20241218,16.8,17.11,16.8,16.86,59516.1,101033.89
000777.SZ,20241217,17.36,17.53,16.81,16.93,73764.0,126169.464
000777.SZ,20241216,17.7,17.85,17.38,17.48,55797.1,97929.439
000777.SZ,20241213,18.07,18.08,17.7,17.72,64105.92,114270.337
000777.SZ,20241212,18.1,18.19,17.95,18.08,60315.02,108956.477
000777.SZ,20241211,17.75,18.05,17.75,18.04,53946.01,96949.646
000777.SZ,20241210,18.42,18.54,17.84,17.91,101403.62,184053.397
000777.SZ,20241209,17.88,18.4,17.75,18.02,105705.7,191245.36
000777.SZ,20241206,17.78,17.95,17.62,17.91,65142.3,116095.611
000777.SZ,20241205,17.53,17.97,17.45,17.77,62975.2,111704.879
000777.SZ,20241204,17.95,18.05,17.54,17.7,82213.34,146319.669
000777.SZ,20241203,18.01,18.45,17.75,17.95,86156.12,155198.228
000777.SZ,20241202,17.24,18.32,17.24,18.13,171738.74,308481.262
000777.SZ,20241129,16.8,17.64,16.72,17.24,108612.1,186888.205
000777.SZ,20241128,17.05,17.33,16.84,16.9,78545.0,134368.128
000777.SZ,20241127,16.8,17.13,16.41,17.11,80766.32,135551.864
000777.SZ,20241126,17.15,17.22,16.82,16.85,67841.0,115436.966
000777.SZ,20241125,17.37,17.56,16.73,17.14,137677.0,234557.841
000777.SZ,20241122,18.88,18.97,17.47,17.47,195431.53,354559.942
000777.SZ,20241121,17.5,18.66,17.47,18.34,239564.97,437723.805
000777.SZ,20241120,17.02,17.42,16.96,17.38,91019.75,156617.518
000777.SZ,20241119,16.7,17.49,16.7,17.4,132102.59,225586.543
000777.SZ,20241118,17.53,17.6,16.6,16.75,135269.97,230422.305
000777.SZ,20241115,17.79,18.02,17.41,17.43,93487.58,165447.501
000777.SZ,20241114,18.53,18.66,17.72,17.83,112296.22,204081.46
000777.SZ,20241113,18.53,18.88,18.24,18.71,117257.43,217796.805
000777.SZ,20241112,19.1,19.41,18.29,18.72,215273.91,402750.82
000777.SZ,20241111,18.44,19.84,18.44,19.26,240949.37,461539.562
000777.SZ,20241108,19.2,19.25,18.5,18.56,196266.07,367648.05
000777.SZ,20241107,18.0,19.41,17.82,19.0,295629.39,553751.209
000777.SZ,20241106,18.09,18.36,17.81,18.0,159947.09,289158.969
000777.SZ,20241105,17.58,18.16,17.5,18.07,152490.12,273348.798
000777.SZ,20241104,17.35,17.83,17.21,17.58,140002.84,245324.711
000777.SZ,20241101,18.28,18.8,17.43,17.46,226287.93,406908.195
000777.SZ,20241031,18.11,18.79,17.85,18.42,257791.08,470810.707
000777.SZ,20241030,18.1,18.46,18.03,18.2,155753.51,283429.326
000777.SZ,20241029,19.45,19.66,18.33,18.4,303845.36,572478.857
000777.SZ,20241028,17.88,19.5,17.63,19.29,355312.9,664072.558
000777.SZ,20241025,17.11,18.3,16.97,17.94,339887.91,601052.614
000777.SZ,20241024,17.61,17.92,17.31,17.45,179647.36,314733.634
000777.SZ,20241023,18.75,18.8,17.63,17.73,430755.24,775244.664
000777.SZ,20241022,16.68,18.38,16.66,18.38,413625.08,736691.126
000777.SZ,20241021,16.66,17.0,16.52,16.71,213780.37,358117.563
000777.SZ,20241018,15.93,16.97,15.82,16.54,268333.25,436883.265
000777.SZ,20241017,16.42,16.87,16.2,16.29,275304.87,455267.692
000777.SZ,20241016,15.59,15.9,15.45,15.7,80123.68,126030.801
000777.SZ,20241015,15.72,16.12,15.48,15.64,115453.65,182587.787
000777.SZ,20241014,15.34,15.98,15.34,15.83,127299.87,199722.777
000777.SZ,20241011,16.17,16.18,15.08,15.34,148443.63,231983.82
000777.SZ,20241010,15.43,16.79,15.4,16.07,239984.15,386232.774
000777.SZ,20241009,16.4,16.4,15.36,15.43,223417.58,352369.645
000777.SZ,20241008,17.64,17.64,16.0,16.72,377241.61,629939.918
000777.SZ,20240930,15.39,16.06,14.89,16.04,246763.8,384619.146
000777.SZ,20240927,14.3,14.94,14.07,14.7,149230.31,216034.892
000777.SZ,20240926,13.6,14.0,13.53,14.0,87999.0,121478.459
000777.SZ,20240925,13.66,13.96,13.57,13.58,113446.0,156250.925
000777.SZ,20240924,13.07,13.59,13.01,13.59,86254.11,115321.123
000777.SZ,20240923,12.96,13.11,12.9,13.07,44735.4,58315.411
000777.SZ,20240920,13.16,13.2,12.79,12.97,53860.0,69677.267
000777.SZ,20240919,13.13,13.3,13.02,13.19,63651.0,83836.156
000777.SZ,20240918,12.79,13.05,12.71,12.99,34816.2,44792.861
000777.SZ,20240913,12.87,13.04,12.78,12.79,29585.0,38069.988
000777.SZ,20240912,12.99,13.14,12.9,12.91,29461.0,38332.505
000777.SZ,20240911,13.0,13.04,12.9,12.95,26739.0,34614.253
000777.SZ,20240910,13.03,13.11,12.76,13.04,42518.0,54996.212
000777.SZ,20240909,12.95,13.13,12.88,13.04,42258.41,54836.128
000777.SZ,20240906,13.5,13.52,13.0,13.02,77105.0,101851.476
000777.SZ,20240905,13.56,13.66,13.4,13.46,52451.02,70827.736
000777.SZ,20240904,13.57,13.76,13.49,13.55,52274.02,71113.573
000777.SZ,20240903,13.44,13.85,13.41,13.75,71794.0,97952.973
000777.SZ,20240902,14.11,14.17,13.41,13.44,105577.0,144908.855
000777.SZ,20240830,13.88,14.51,13.76,14.17,130712.34,185154.389
000777.SZ,20240829,13.7,14.04,13.44,13.88,98149.55,135106.969
000777.SZ,20240828,13.36,13.85,13.35,13.64,76777.0,105099.66
000777.SZ,20240827,13.78,13.79,13.32,13.39,69202.0,93328.834
000777.SZ,20240826,13.98,14.11,13.7,13.8,55476.02,76856.152
000777.SZ,20240823,13.95,14.08,13.63,13.99,96358.2,133506.449
000777.SZ,20240822,13.97,14.11,13.65,14.0,104277.4,145241.323
000777.SZ,20240821,14.45,14.55,13.89,13.99,176152.17,248316.275
000777.SZ,20240820,16.01,16.09,14.37,14.79,261652.17,392580.841
000777.SZ,20240819,15.86,16.15,15.72,15.97,88404.0,140858.194
000777.SZ,20240816,16.1,16.17,15.82,15.87,100294.0,159865.098
000777.SZ,20240815,15.49,16.21,15.35,16.11,177352.75,283068.456
000777.SZ,20240814,15.48,15.52,15.16,15.33,77097.55,118112.744
000777.SZ,20240813,15.52,15.55,15.21,15.43,78881.57,121099.929
000777.SZ,20240812,15.3,16.01,15.3,15.45,163582.15,256657.001
000777.SZ,20240809,14.7,15.85,14.7,15.35,187870.29,290339.067
000777.SZ,20240808,14.61,14.87,14.45,14.82,51090.73,75004.274
000777.SZ,20240807,14.73,14.92,14.63,14.75,49575.02,73333.58
000777.SZ,20240806,14.43,14.82,14.4,14.77,77694.0,113845.481
000777.SZ,20240805,14.46,14.95,14.28,14.33,96765.0,141020.82
000777.SZ,20240802,14.66,15.0,14.51,14.59,82746.0,122284.492
000777.SZ,20240801,14.66,15.01,14.6,14.8,87940.0,130636.223
000777.SZ,20240731,14.09,14.68,14.04,14.66,102843.09,148945.729
000777.SZ,20240730,13.98,14.19,13.92,14.09,45085.0,63378.809
000777.SZ,20240729,14.14,14.45,14.1,14.14,67732.0,96410.064
000777.SZ,20240726,13.7,14.22,13.7,14.1,93200.0,130805.386
000777.SZ,20240725,13.42,13.89,13.42,13.67,51137.0,69801.301
000777.SZ,20240724,13.47,13.94,13.36,13.58,74142.0,101379.385
000777.SZ,20240723,13.92,14.0,13.45,13.48,71854.0,98234.944
000777.SZ,20240722,14.01,14.01,13.66,13.96,53732.57,74480.059
000777.SZ,20240719,14.09,14.19,13.95,13.99,49560.6,69726.124
000777.SZ,20240718,13.87,14.22,13.72,14.14,70231.27,98175.472
000777.SZ,20240717,14.51,14.51,13.91,13.97,98689.83,139260.0
000777.SZ,20240716,14.42,14.56,14.32,14.54,44304.0,63953.645
000777.SZ,20240715,14.81,14.82,14.46,14.53,45082.75,65659.567
000777.SZ,20240712,14.79,15.19,14.65,14.75,105056.45,156435.957
000777.SZ,20240711,14.51,14.83,14.33,14.82,88823.12,129856.944
000777.SZ,20240710,14.91,14.91,14.43,14.48,72388.2,105821.872
000777.SZ,20240709,14.52,15.03,14.19,14.9,103609.0,151182.361
000777.SZ,20240708,14.6,14.77,14.38,14.52,63893.99,93117.852
000777.SZ,20240705,14.65,14.8,14.42,14.78,54273.19,79284.711
000777.SZ,20240704,14.72,14.83,14.45,14.64,59055.0,86267.538
000777.SZ,20240703,15.0,15.04,14.51,14.6,86828.07,127615.433
000777.SZ,20240702,15.45,15.45,15.0,15.07,68098.63,103320.244
000777.SZ,20240701,15.14,15.6,15.12,15.49,65082.93,100257.5
000777.SZ,20240628,14.83,15.49,14.77,15.28,91842.59,139617.228
000777.SZ,20240627,15.2,15.25,14.82,14.83,64952.0,97163.622
000777.SZ,20240626,15.09,15.33,14.81,15.27,65767.0,99022.042
000777.SZ,20240625,15.0,15.3,14.95,15.09,57090.15,86319.202
000777.SZ,20240624,15.35,15.35,14.85,14.96,77553.0,116784.259
000777.SZ,20240621,15.25,15.52,15.21,15.35,52041.42,80101.262
000777.SZ,20240620,15.87,15.87,15.25,15.29,99599.03,153975.744
000777.SZ,20240619,16.28,16.3,15.87,15.88,67398.02,107895.041
000777.SZ,20240618,15.92,16.54,15.78,16.3,105622.03,170815.879
000777.SZ,20240617,16.0,16.25,15.88,15.98,56504.4,90524.203
000777.SZ,20240614,16.1,16.26,16.02,16.18,58332.4,94141.528
000777.SZ,20240613,16.34,16.56,16.09,16.19,78040.4,127423.958
000777.SZ,20240612,15.93,16.43,15.92,16.34,86232.0,140163.315
000777.SZ,20240611,15.83,16.08,15.68,16.04,73418.0,116891.646
000777.SZ,20240607,15.95,16.05,15.62,15.96,91689.04,145473.639
000777.SZ,20240606,16.0,16.2,15.67,15.81,153487.48,243696.735
000777.SZ,20240605,17.3,17.34,16.1,16.22,189805.63,312869.194
000777.SZ,20240604,17.03,17.14,16.44,17.12,134489.93,225942.518
000777.SZ,20240603,17.0,17.36,16.82,17.03,109233.01,186203.468
000777.SZ,20240531,17.75,17.84,17.1,17.13,133010.7,230728.601
000777.SZ,20240530,17.54,17.87,17.46,17.57,108210.31,190802.088
000777.SZ,20240529,17.7,18.05,17.22,17.7,184960.19,324163.42
000777.SZ,20240528,16.95,18.54,16.72,17.82,316072.42,557190.965
000777.SZ,20240527,16.91,17.24,16.5,16.96,101364.04,170469.66
000777.SZ,20240524,16.71,17.11,16.71,16.81,87418.0,147886.963
000777.SZ,20240523,17.3,17.3,16.7,16.77,141830.06,240324.337
000777.SZ,20240522,17.86,18.03,17.19,17.31,155901.66,272932.852
000777.SZ,20240521,17.66,18.04,17.5,17.81,112406.95,199342.9
000777.SZ,20240520,17.36,17.86,17.3,17.78,150109.0,264851.847
000777.SZ,20240517,17.36,17.88,17.2,17.47,147905.17,258916.282
000777.SZ,20240516,17.38,17.8,17.16,17.47,218121.75,379889.137
000777.SZ,20240515,18.43,18.44,17.06,17.1,374802.44,655076.587
000777.SZ,20240514,18.55,19.07,18.53,18.67,204108.17,383988.377
000777.SZ,20240513,18.68,18.85,18.28,18.52,200430.27,371865.015
000777.SZ,20240510,18.64,19.12,18.33,19.06,347508.91,655545.562
000777.SZ,20240509,18.04,18.45,18.0,18.35,150037.27,273573.904
000777.SZ,20240508,18.65,18.65,17.94,18.05,239095.85,435817.077
000777.SZ,20240507,18.94,19.33,18.66,18.85,236944.04,447592.113
000777.SZ,20240506,18.52,19.15,18.17,19.11,317808.31,597985.427
000777.SZ,20240430,18.42,19.18,18.24,18.5,393282.05,737662.952
000777.SZ,20240429,18.15,18.59,18.0,18.41,280327.32,513233.261
000777.SZ,20240426,17.85,18.64,17.83,18.37,353648.11,648274.998
000777.SZ,20240425,18.9,19.01,17.72,17.92,536026.12,981891.007
000777.SZ,20240424,18.2,19.55,17.6,19.45,589735.57,1096454.904
000777.SZ,20240423,20.71,21.36,18.61,18.7,762587.67,1522161.051
000777.SZ,20240422,19.23,20.68,19.06,20.68,290079.62,582696.85
000777.SZ,20240419,18.15,19.75,18.1,18.8,524964.69,1001622.776
000777.SZ,20240418,18.79,19.23,18.39,18.45,464576.36,870001.215
000777.SZ,20240417,18.39,19.59,18.18,19.07,667712.66,1257473.058
000777.SZ,20240416,16.42,17.85,16.24,17.85,369137.3,647767.477
000777.SZ,20240415,15.44,16.35,14.95,16.23,206553.88,328910.382
000777.SZ,20240412,15.68,15.99,15.5,15.56,98075.32,154224.568
000777.SZ,20240411,15.52,15.99,15.35,15.68,87600.48,138176.943
000777.SZ,20240410,15.93,16.08,15.31,15.59,106329.11,166150.442
000777.SZ,20240409,16.3,16.32,15.78,15.94,93234.41,149026.424
000777.SZ,20240408,15.92,16.68,15.86,16.27,136844.29,222434.873
000777.SZ,20240403,16.46,16.5,15.97,16.19,121012.37,196005.888
000777.SZ,20240402,16.41,16.9,16.2,16.58,174029.14,288496.683
000777.SZ,20240401,16.32,16.73,15.99,16.43,202675.13,330718.83
000777.SZ,20240329,15.48,16.42,15.44,16.29,215834.16,345632.976
000777.SZ,20240328,15.1,15.73,15.05,15.46,152121.85,235351.997
000777.SZ,20240327,15.28,15.58,15.08,15.28,175307.73,269158.974
000777.SZ,20240326,15.59,15.75,14.98,15.34,172666.7,264962.789
000777.SZ,20240325,16.31,16.79,15.52,15.62,275215.61,440293.527
000777.SZ,20240322,16.61,17.28,16.28,16.46,363843.92,608911.848
000777.SZ,20240321,16.17,17.44,16.11,16.68,524491.7,887636.228
000777.SZ,20240320,14.49,15.85,14.49,15.85,187960.14,292891.125
000777.SZ,20240319,14.58,14.63,14.38,14.41,78343.94,113771.009
000777.SZ,20240318,14.37,14.57,14.33,14.56,64946.0,93836.554
000777.SZ,20240315,14.3,14.36,14.1,14.36,56781.0,80977.108
000777.SZ,20240314,14.3,14.44,14.16,14.32,61794.2,88528.286
000777.SZ,20240313,14.23,14.55,14.15,14.23,81968.92,117558.114
000777.SZ,20240312,14.44,14.52,14.2,14.26,68748.09,98515.767
000777.SZ,20240311,14.3,14.43,14.17,14.42,66164.46,94630.679
000777.SZ,20240308,14.26,14.39,14.12,14.31,58243.62,82926.651
000777.SZ,20240307,14.4,14.57,14.23,14.3,95728.65,137795.202
000777.SZ,20240306,13.9,14.8,13.85,14.44,142813.64,205621.155
000777.SZ,20240305,14.24,14.29,13.9,13.95,72374.52,101783.893
000777.SZ,20240304,13.97,14.34,13.66,14.33,92888.24,129798.175
000777.SZ,20240301,14.05,14.15,13.81,13.92,68837.75,96140.967
000777.SZ,20240229,13.17,13.99,13.15,13.92,81736.46,111103.64
000777.SZ,20240228,13.77,14.04,13.15,13.15,98347.6,134048.662
000777.SZ,20240227,13.49,13.83,13.35,13.8,83498.48,113593.991
000777.SZ,20240226,13.6,13.74,13.43,13.54,60229.6,81641.844
000777.SZ,20240223,13.36,13.64,13.23,13.58,63996.19,86119.73
000777.SZ,20240222,13.12,13.52,13.08,13.45,61904.7,82808.501
000777.SZ,20240221,12.85,13.5,12.8,13.25,66913.81,88980.62
000777.SZ,20240220,13.0,13.23,12.72,13.03,48539.5,63194.965
000777.SZ,20240219,12.88,13.11,12.6,13.05,70540.06,90987.425
000777.SZ,20240208,12.05,12.98,11.97,12.79,87954.1,109948.898
000777.SZ,20240207,12.04,12.62,11.68,11.99,92919.07,113060.138
000777.SZ,20240206,11.11,12.3,10.58,12.12,112388.12,128474.323
000777.SZ,20240205,12.3,12.3,11.23,11.24,145243.17,168197.189
000777.SZ,20240202,12.72,13.38,11.91,12.48,110218.1,139479.908
000777.SZ,20240201,13.24,13.26,12.8,12.84,94647.11,122628.531
000777.SZ,20240131,13.71,13.82,13.05,13.31,112968.49,151368.435
000777.SZ,20240130,13.9,14.34,13.77,13.78,78069.51,109333.288
000777.SZ,20240129,14.38,14.8,14.19,14.2,115452.04,166741.674
000777.SZ,20240126,14.35,14.8,14.27,14.4,108958.39,157735.385
000777.SZ,20240125,13.4,14.44,13.38,14.35,134135.4,188186.178
000777.SZ,20240124,12.69,13.53,12.45,13.44,120075.68,155580.13
000777.SZ,20240123,12.75,12.82,12.34,12.69,87055.69,109429.384
000777.SZ,20240122,13.79,13.8,12.73,12.84,80510.15,106632.334
000777.SZ,20240119,13.84,14.05,13.6,13.89,60113.72,83286.758
000777.SZ,20240118,14.08,14.15,13.4,13.84,116967.74,160048.151
000777.SZ,20240117,14.5,14.6,14.12,14.15,58117.28,83293.05
000777.SZ,20240116,14.5,14.65,14.3,14.55,63305.33,91479.635
000777.SZ,20240115,14.6,14.78,14.44,14.52,65950.02,96173.016
000777.SZ,20240112,14.75,15.09,14.62,14.63,82739.97,122878.734
000777.SZ,20240111,14.5,15.04,14.4,14.76,85178.92,125601.442
000777.SZ,20240110,14.48,14.89,14.24,14.51,96421.91,140738.018
000777.SZ,20240109,14.55,14.94,14.4,14.52,104069.29,152115.43
000777.SZ,20240108,14.8,15.06,14.52,14.62,131996.91,195078.779
000777.SZ,20240105,14.94,15.77,14.68,15.09,207917.26,317128.526
000777.SZ,20240104,15.15,15.16,14.8,14.98,148316.5,221930.959
000777.SZ,20240103,14.43,15.59,14.36,15.33,260070.0,391833.467
000777.SZ,20240102,14.96,14.99,14.5,14.57,185313.11,273537.855
000777.SZ,20231229,14.02,14.6,13.97,14.54,130186.89,186579.865
000777.SZ,20231228,14.09,14.13,13.84,13.99,79129.11,110371.252
000777.SZ,20231227,13.85,14.09,13.79,14.08,79578.55,111018.04
000777.SZ,20231226,13.84,14.02,13.71,13.91,83415.26,115731.352
000777.SZ,20231225,13.5,13.83,13.42,13.83,65866.46,89887.378
000777.SZ,20231222,13.63,13.82,13.44,13.52,56169.62,76498.216
000777.SZ,20231221,13.63,13.72,13.31,13.7,62458.3,84623.849
000777.SZ,20231220,13.8,14.0,13.57,13.57,60199.56,82950.268
000777.SZ,20231219,13.9,13.9,13.55,13.85,88882.07,121927.639
000777.SZ,20231218,13.5,14.1,13.4,13.9,154357.89,214432.973
000777.SZ,20231215,13.51,13.6,13.44,13.5,36266.38,49015.424
000777.SZ,20231214,13.64,13.71,13.53,13.56,42786.0,58225.56
000777.SZ,20231213,13.54,13.74,13.5,13.64,73310.86,100028.734
000777.SZ,20231212,13.2,13.58,13.15,13.58,77011.6,103262.48
000777.SZ,20231211,12.92,13.23,12.5,13.21,68422.13,88700.991
000777.SZ,20231208,13.31,13.43,12.95,12.95,62495.84,82038.396
000777.SZ,20231207,13.24,13.38,13.15,13.33,57427.11,76250.544
000777.SZ,20231206,13.19,13.49,13.15,13.34,67512.36,90134.191
000777.SZ,20231205,13.29,13.46,13.17,13.24,91772.41,122277.469
000777.SZ,20231204,13.04,13.35,13.04,13.31,76370.44,100971.499
000777.SZ,20231201,12.93,13.11,12.79,13.04,37595.5,48695.113
000777.SZ,20231130,13.05,13.06,12.79,12.89,33287.18,42985.263
000777.SZ,20231129,13.15,13.18,12.97,12.98,29297.82,38312.797
000777.SZ,20231128,13.02,13.11,12.95,13.09,28620.12,37385.127
000777.SZ,20231127,12.98,13.08,12.93,13.02,35631.57,46366.053
000777.SZ,20231124,13.11,13.15,12.89,12.99,37679.97,49008.486
000777.SZ,20231123,12.98,13.14,12.86,13.11,53897.99,70235.261
000777.SZ,20231122,13.07,13.1,12.91,12.92,29024.0,37755.511
000777.SZ,20231121,13.19,13.29,13.04,13.07,37167.0,48828.618
000777.SZ,20231120,13.14,13.22,13.04,13.18,45663.42,60069.144
000777.SZ,20231117,12.91,13.1,12.91,13.08,27156.0,35384.944
000777.SZ,20231116,13.12,13.16,12.96,12.96,34086.01,44544.35
000777.SZ,20231115,13.21,13.26,13.08,13.12,29938.97,39340.352
000777.SZ,20231114,13.15,13.28,13.04,13.11,42769.02,56129.17
000777.SZ,20231113,12.84,13.2,12.79,13.11,76156.25,99168.962
000777.SZ,20231110,12.85,12.89,12.58,12.84,38830.0,49573.951
000777.SZ,20231109,12.84,12.99,12.71,12.78,33021.0,42321.388
000777.SZ,20231108,12.74,13.01,12.65,12.84,56934.73,73002.222
000777.SZ,20231107,12.69,12.77,12.59,12.74,45657.0,57914.793
000777.SZ,20231106,12.79,12.86,12.63,12.75,66267.02,84327.702
000777.SZ,20231103,12.63,12.88,12.62,12.74,41302.02,52880.615
000777.SZ,20231102,12.79,12.84,12.63,12.64,32461.02,41324.335
000777.SZ,20231101,12.81,12.93,12.71,12.79,35677.75,45612.228
000777.SZ,20231031,12.95,13.09,12.73,12.8,58199.0,74806.021
000777.SZ,20231030,12.75,13.04,12.62,13.0,79588.1,102402.11
000777.SZ,20231027,12.78,12.79,12.31,12.66,80413.42,100919.04
000777.SZ,20231026,12.55,12.83,12.41,12.82,34253.0,43313.483
000777.SZ,20231025,12.6,12.74,12.47,12.62,30077.0,38036.741
000777.SZ,20231024,12.25,12.5,12.25,12.42,28600.3,35473.683
000777.SZ,20231023,12.55,12.61,12.17,12.26,38497.25,47525.621
000777.SZ,20231020,12.5,12.73,12.41,12.45,31099.64,39049.493
000777.SZ,20231019,12.61,12.83,12.54,12.58,31942.22,40369.239
000777.SZ,20231018,12.92,13.0,12.64,12.65,30738.14,39143.811
000777.SZ,20231017,13.11,13.16,12.9,12.97,30312.07,39302.198
000777.SZ,20231016,13.08,13.13,12.91,13.08,41131.05,53490.268
000777.SZ,20231013,13.1,13.24,12.93,13.03,31180.0,40534.137
000777.SZ,20231012,13.24,13.28,13.09,13.14,31258.25,41072.019
000777.SZ,20231011,13.18,13.39,13.12,13.16,29214.32,38555.766
000777.SZ,20231010,13.43,13.47,13.03,13.21,55724.85,73393.906
000777.SZ,20231009,13.24,13.47,13.22,13.43,60597.26,81015.422
000777.SZ,20230928,13.0,13.29,12.96,13.23,50850.38,66947.805
000777.SZ,20230927,12.76,13.06,12.7,13.02,43735.49,56720.647
000777.SZ,20230926,12.69,12.86,12.6,12.77,31855.05,40627.486
000777.SZ,20230925,12.85,12.96,12.72,12.73,33381.96,42800.588
000777.SZ,20230922,12.54,12.86,12.54,12.85,38368.18,48910.06
000777.SZ,20230921,12.64,12.76,12.53,12.6,29604.98,37360.306
000777.SZ,20230920,12.71,12.85,12.61,12.7,35077.0,44644.367
000777.SZ,20230919,12.81,12.81,12.63,12.7,36502.68,46424.778
000777.SZ,20230918,12.81,12.93,12.69,12.81,29092.0,37312.974
000777.SZ,20230915,12.87,13.07,12.7,12.83,36781.0,47311.125
000777.SZ,20230914,12.99,13.16,12.76,12.89,26523.57,34185.912
000777.SZ,20230913,13.2,13.33,12.91,12.99,36786.0,47929.042
000777.SZ,20230912,13.35,13.39,13.21,13.22,27942.92,37141.919
000777.SZ,20230911,13.21,13.5,13.13,13.4,51008.21,68105.138
000777.SZ,20230908,12.95,13.35,12.89,13.23,60069.64,78781.42
000777.SZ,20230907,13.38,13.49,12.92,12.96,49310.97,64544.374
000777.SZ,20230906,13.36,13.52,13.3,13.39,38947.43,52133.434
000777.SZ,20230905,13.46,13.55,13.38,13.43,34139.34,45877.926
000777.SZ,20230904,13.7,13.81,13.41,13.51,73044.92,98815.643
000777.SZ,20230901,13.63,13.72,13.6,13.65,33510.83,45773.334
000777.SZ,20230831,13.75,13.78,13.6,13.65,35914.34,49129.493
000777.SZ,20230830,13.87,13.87,13.65,13.73,59670.02,81922.417
000777.SZ,20230829,13.3,13.9,13.27,13.78,94149.88,127935.217
000777.SZ,20230828,13.98,13.98,13.28,13.34,116689.93,158256.265
000777.SZ,20230825,13.34,13.34,12.7,12.82,91506.64,118347.873
000777.SZ,20230824,13.3,13.55,13.27,13.37,62424.93,83604.108
000777.SZ,20230823,13.67,13.75,13.29,13.3,51892.02,69783.071
000777.SZ,20230822,13.7,13.84,13.41,13.68,43241.0,58881.002
000777.SZ,20230821,13.71,14.08,13.63,13.69,54957.29,75864.69
000777.SZ,20230818,13.83,14.2,13.73,13.74,64135.11,89859.535
000777.SZ,20230817,13.42,13.9,13.35,13.85,72459.53,99370.186
000777.SZ,20230816,13.62,13.74,13.44,13.45,37627.96,51133.715
000777.SZ,20230815,13.7,13.77,13.48,13.63,37813.85,51556.072
000777.SZ,20230814,13.3,13.74,13.03,13.66,79503.69,106718.155
000777.SZ,20230811,13.7,13.88,13.35,13.36,68883.29,93158.94
000777.SZ,20230810,13.78,13.89,13.65,13.7,31214.92,42947.758
000777.SZ,20230809,13.95,14.05,13.71,13.76,42457.0,58773.565
000777.SZ,20230808,13.88,14.2,13.85,14.06,79357.4,111711.325
000777.SZ,20230807,13.78,13.88,13.66,13.83,45865.22,63328.744
000777.SZ,20230804,13.64,13.9,13.56,13.83,75765.58,104332.201
000777.SZ,20230803,13.59,13.75,13.5,13.62,54170.05,73955.612
000777.SZ,20230802,13.84,13.98,13.32,13.64,152668.8,207955.813
000777.SZ,20230801,14.94,14.94,13.71,13.78,272231.03,380760.873
000777.SZ,20230731,14.58,15.04,14.49,14.94,133471.86,197574.273
000777.SZ,20230728,14.66,14.83,14.36,14.71,100672.88,146935.303
000777.SZ,20230727,14.35,15.11,14.35,14.78,158795.93,234966.286
000777.SZ,20230726,14.69,14.74,14.25,14.31,102442.0,147502.138
000777.SZ,20230725,14.78,14.84,14.39,14.7,161192.95,235867.023
000777.SZ,20230724,13.92,15.28,13.85,14.96,248222.79,369982.102
000777.SZ,20230721,14.19,14.41,13.85,13.91,95177.06,134022.596
000777.SZ,20230720,13.98,14.1,13.85,13.91,59864.0,83615.112
000777.SZ,20230719,14.21,14.25,13.86,13.97,62399.03,87229.705
000777.SZ,20230718,14.46,14.48,14.13,14.22,68300.2,97415.623
000777.SZ,20230717,14.41,14.63,14.15,14.4,109441.74,157328.804
000777.SZ,20230714,13.9,14.85,13.85,14.45,268001.02,385507.638
000777.SZ,20230713,13.45,13.65,13.4,13.6,60723.35,82155.424
000777.SZ,20230712,13.6,13.72,13.44,13.47,57325.0,77665.359
000777.SZ,20230711,13.51,13.63,13.32,13.59,42717.05,57745.733
000777.SZ,20230710,13.44,13.66,13.37,13.43,53275.35,72000.451
000777.SZ,20230707,13.4,13.56,13.21,13.38,46581.95,62116.888
000777.SZ,20230706,13.58,13.58,13.35,13.39,40903.5,54883.379
000777.SZ,20230705,13.61,13.85,13.5,13.53,70223.61,96046.018
000777.SZ,20230704,13.37,13.88,13.37,13.69,87004.91,119071.956
000777.SZ,20230703,13.56,13.63,13.34,13.47,76045.54,102390.564
000777.SZ,20230630,13.58,13.8,13.43,13.49,75431.41,102140.154
000777.SZ,20230629,13.24,13.85,13.19,13.56,129949.68,176579.079
000777.SZ,20230628,13.29,13.35,12.9,13.32,89233.16,117218.033
000777.SZ,20230627,12.73,13.31,12.61,13.29,88223.09,115953.583
000777.SZ,20230626,12.85,13.19,12.67,12.73,62384.74,80177.895
000777.SZ,20230621,12.92,13.3,12.83,12.97,71627.25,93717.324
000777.SZ,20230620,13.04,13.12,12.88,12.99,49183.17,63761.361
000777.SZ,20230619,12.98,13.2,12.94,13.08,73093.96,95824.107
000777.SZ,20230616,12.62,13.07,12.62,12.99,97198.45,126039.756
000777.SZ,20230615,12.77,12.86,12.55,12.63,46212.0,58525.326
000777.SZ,20230614,12.89,12.9,12.62,12.74,68594.7,87497.297
000777.SZ,20230613,12.58,12.8,12.51,12.69,75474.79,95744.085
000777.SZ,20230612,12.72,12.78,12.44,12.57,56866.14,71460.757
000777.SZ,20230609,11.94,12.81,11.92,12.64,128246.72,160580.871
000777.SZ,20230608,12.17,12.17,11.71,11.98,51673.89,61779.281
000777.SZ,20230607,12.09,12.25,12.0,12.16,36717.0,44620.448
000777.SZ,20230606,12.51,12.51,12.09,12.09,68633.76,83846.003
000777.SZ,20230605,12.45,12.61,12.36,12.48,40659.05,50667.06
000777.SZ,20230602,12.46,12.56,12.31,12.45,50277.27,62497.813
000777.SZ,20230601,12.56,12.64,12.4,12.46,63497.16,79466.911
000777.SZ,20230531,12.74,12.75,12.47,12.56,53813.45,67714.317
000777.SZ,20230530,12.65,12.85,12.53,12.71,71711.63,90791.78
000777.SZ,20230529,12.78,12.89,12.56,12.74,69401.27,88290.545
000777.SZ,20230526,13.02,13.07,12.55,12.83,136171.07,173485.941
000777.SZ,20230525,12.62,13.44,12.56,13.21,216952.13,283863.197
000777.SZ,20230524,12.36,13.02,12.32,12.55,87542.27,111189.652
000777.SZ,20230523,12.58,12.76,12.38,12.39,48643.86,61006.591
000777.SZ,20230522,12.51,12.8,12.43,12.62,59769.09,75398.743
000777.SZ,20230519,12.67,12.68,12.47,12.52,55341.49,69417.824
000777.SZ,20230518,12.73,12.83,12.63,12.73,62022.62,78894.305
000777.SZ,20230517,12.75,12.88,12.55,12.85,74611.74,95004.1
000777.SZ,20230516,12.98,13.02,12.73,12.8,115902.71,148866.249
000777.SZ,20230515,12.26,13.21,12.26,13.09,210680.81,270431.426
000777.SZ,20230512,12.3,12.39,12.19,12.22,45947.0,56339.802
000777.SZ,20230511,12.57,12.58,12.32,12.36,55374.58,68750.563
000777.SZ,20230510,12.45,12.56,12.38,12.48,62561.8,78059.605
000777.SZ,20230509,12.6,12.8,12.38,12.46,131362.8,165137.094
000777.SZ,20230508,12.14,12.69,12.1,12.5,147285.43,184078.059
000777.SZ,20230505,12.29,12.29,11.95,12.13,60441.49,73082.917
000777.SZ,20230504,11.93,12.33,11.9,12.28,113133.73,138404.543
000777.SZ,20230428,11.6,11.99,11.51,11.98,71432.24,84420.265
000777.SZ,20230427,11.25,11.66,11.15,11.6,86182.12,99260.81
000777.SZ,20230426,10.91,11.23,10.81,11.14,46748.68,51814.761
000777.SZ,20230425,11.3,11.39,10.65,10.9,87756.33,96021.405
000777.SZ,20230424,11.8,11.83,11.25,11.33,81335.85,93012.655
000777.SZ,20230421,11.93,12.08,11.71,11.8,56702.02,67479.537
000777.SZ,20230420,12.05,12.05,11.8,11.94,40009.92,47575.616
000777.SZ,20230419,12.05,12.14,11.96,12.01,44846.02,54048.601
000777.SZ,20230418,12.18,12.2,12.02,12.08,53318.81,64525.575
000777.SZ,20230417,12.08,12.14,11.93,12.09,52512.59,63227.905
000777.SZ,20230414,11.88,12.16,11.86,12.08,67029.48,80690.84
000777.SZ,20230413,11.68,12.2,11.68,11.96,97338.81,117026.626
000777.SZ,20230412,11.55,11.78,11.55,11.72,43071.68,50413.706
000777.SZ,20230411,11.87,11.87,11.48,11.59,56185.0,65017.092
000777.SZ,20230410,11.8,12.11,11.73,11.81,66559.0,79253.366
000777.SZ,20230407,11.63,11.82,11.57,11.79,49246.49,57793.519
000777.SZ,20230406,11.75,11.75,11.5,11.55,46980.0,54265.312
000777.SZ,20230404,11.74,11.79,11.61,11.75,42083.13,49245.151
000777.SZ,20230403,11.68,11.81,11.6,11.76,37403.0,43785.682
000777.SZ,20230331,11.51,11.69,11.45,11.68,39090.0,45230.28
000777.SZ,20230330,11.46,11.69,11.37,11.51,54090.7,62363.402
000777.SZ,20230329,11.53,11.56,11.34,11.39,39057.0,44502.032
000777.SZ,20230328,11.67,11.74,11.48,11.51,37542.0,43409.413
000777.SZ,20230327,11.81,11.81,11.47,11.65,54897.05,63774.204
000777.SZ,20230324,11.98,11.98,11.71,11.74,72416.24,85473.776
000777.SZ,20230323,12.02,12.03,11.88,12.02,44203.88,52830.874
000777.SZ,20230322,12.14,12.21,11.95,12.01,62882.01,75883.939
000777.SZ,20230321,12.04,12.17,11.98,12.1,58340.6,70412.832
000777.SZ,20230320,12.09,12.2,11.92,11.96,68224.11,82145.742
000777.SZ,20230317,12.1,12.23,12.0,12.12,76664.33,92949.559
000777.SZ,20230316,11.98,12.37,11.97,12.08,102304.15,124145.852
000777.SZ,20230315,11.78,12.21,11.77,12.13,111843.39,134559.779
000777.SZ,20230314,11.9,11.91,11.54,11.7,85907.46,100642.818
000777.SZ,20230313,11.89,12.05,11.66,11.96,85554.0,101305.476
000777.SZ,20230310,11.96,12.2,11.89,11.89,65478.0,78536.76
000777.SZ,20230309,12.25,12.26,11.93,12.09,61749.17,74595.298
000777.SZ,20230308,11.84,12.44,11.8,12.21,103571.78,125748.521
000777.SZ,20230307,12.22,12.3,11.86,11.88,130551.03,157595.574
000777.SZ,20230306,12.15,12.5,12.05,12.32,168335.35,206747.002
000777.SZ,20230303,11.75,12.16,11.74,12.07,124735.32,149793.808
000777.SZ,20230302,11.75,12.01,11.69,11.77,64582.43,76560.404
000777.SZ,20230301,11.79,11.82,11.67,11.79,50252.04,59003.887
000777.SZ,20230228,11.61,11.8,11.58,11.8,59850.25,70113.868
000777.SZ,20230227,11.61,11.71,11.54,11.59,45255.62,52603.441
000777.SZ,20230224,11.65,11.69,11.54,11.64,34391.8,39954.758
000777.SZ,20230223,11.64,11.78,11.56,11.6,43389.7,50605.778
000777.SZ,20230222,11.63,11.71,11.55,11.64,40755.11,47486.852
000777.SZ,20230221,11.52,11.71,11.51,11.65,59821.56,69502.55
000777.SZ,20230220,11.31,11.54,11.22,11.51,52276.81,59748.565
000777.SZ,20230217,11.38,11.51,11.27,11.32,47779.01,54357.706
000777.SZ,20230216,11.71,11.72,11.24,11.33,92417.86,106260.777
000777.SZ,20230215,11.61,11.68,11.54,11.68,54042.7,62911.574
000777.SZ,20230214,11.52,11.62,11.49,11.61,48817.01,56448.322
000777.SZ,20230213,11.41,11.57,11.4,11.57,56264.0,64883.071
000777.SZ,20230210,11.32,11.48,11.28,11.4,52950.56,60377.463
000777.SZ,20230209,11.15,11.33,11.14,11.32,40532.57,45726.18
000777.SZ,20230208,11.35,11.36,11.18,11.2,35584.68,40024.488
000777.SZ,20230207,11.27,11.35,11.19,11.33,43747.94,49364.62
000777.SZ,20230206,11.25,11.36,11.2,11.27,45152.01,50892.299
000777.SZ,20230203,11.25,11.26,11.05,11.2,62754.4,69974.418
000777.SZ,20230202,11.28,11.38,11.16,11.25,69664.29,78499.797
000777.SZ,20230201,11.22,11.29,11.13,11.27,62694.94,70231.54
000777.SZ,20230131,11.05,11.21,10.98,11.16,50726.61,56380.467
000777.SZ,20230130,11.01,11.1,10.9,11.05,59757.97,65863.957
000777.SZ,20230120,10.74,10.9,10.71,10.88,42964.4,46580.394
000777.SZ,20230119,10.64,10.74,10.63,10.72,32051.81,34276.104
000777.SZ,20230118,10.59,10.68,10.59,10.67,22576.99,24045.334
000777.SZ,20230117,10.66,10.68,10.56,10.58,21686.8,23036.636
000777.SZ,20230116,10.55,10.69,10.5,10.67,34414.42,36633.249
000777.SZ,20230113,10.49,10.64,10.48,10.55,19079.26,20115.613
000777.SZ,20230112,10.45,10.65,10.38,10.54,31761.99,33424.917
000777.SZ,20230111,10.44,10.5,10.35,10.36,20782.47,21679.633
000777.SZ,20230110,10.56,10.6,10.43,10.44,25414.0,26630.118
000777.SZ,20230109,10.64,10.68,10.57,10.58,25796.6,27352.575
000777.SZ,20230106,10.6,10.75,10.56,10.64,33799.42,36033.78
000777.SZ,20230105,10.56,10.65,10.5,10.63,25915.53,27438.928
000777.SZ,20230104,10.57,10.6,10.49,10.54,22349.0,23563.426
000777.SZ,20230103,10.36,10.63,10.34,10.54,31233.0,32792.655
000777.SZ,20221230,10.28,10.37,10.26,10.37,17379.45,17910.345
000777.SZ,20221229,10.34,10.37,10.25,10.28,14971.59,15417.267
000777.SZ,20221228,10.37,10.45,10.27,10.33,25345.32,26263.396
000777.SZ,20221227,10.34,10.39,10.29,10.37,17173.0,17775.557
000777.SZ,20221226,10.11,10.34,10.11,10.34,19125.46,19674.949
000777.SZ,20221223,10.1,10.25,10.05,10.19,17129.88,17421.32
000777.SZ,20221222,10.4,10.43,10.1,10.16,29111.17,29851.472
000777.SZ,20221221,10.42,10.46,10.3,10.31,24209.87,25088.067
000777.SZ,20221220,10.38,10.49,10.31,10.42,27095.37,28218.964
000777.SZ,20221219,10.86,10.86,10.3,10.38,64907.11,68090.302
000777.SZ,20221216,11.01,11.02,10.76,10.79,66128.63,71760.137
000777.SZ,20221215,11.05,11.16,11.0,11.1,55427.03,61384.05
000777.SZ,20221214,11.5,11.54,11.14,11.2,103310.9,116718.732
000777.SZ,20221213,11.02,11.94,10.99,11.43,187155.45,213101.203
000777.SZ,20221212,10.95,11.03,10.88,10.96,47183.28,51690.989
000777.SZ,20221209,11.1,11.14,10.94,10.97,61196.71,67287.513
000777.SZ,20221208,11.12,11.18,11.05,11.14,47537.43,52816.803
000777.SZ,20221207,11.22,11.33,11.08,11.11,83464.4,93267.415
000777.SZ,20221206,11.49,11.5,11.26,11.3,98202.11,111331.092
000777.SZ,20221205,11.18,11.59,11.15,11.56,171268.33,195757.385
000777.SZ,20221202,11.06,11.2,11.05,11.08,56099.24,62343.957
000777.SZ,20221201,11.04,11.2,11.01,11.13,81786.83,90687.796
000777.SZ,20221130,11.05,11.16,10.86,11.0,93401.7,102779.414
000777.SZ,20221129,11.01,11.2,10.92,11.07,90353.17,99796.507
000777.SZ,20221128,10.97,11.2,10.73,11.06,90267.82,98774.865
000777.SZ,20221125,11.32,11.39,11.05,11.08,98302.56,109764.059
000777.SZ,20221124,11.22,11.41,11.11,11.33,133735.11,150215.993
000777.SZ,20221123,10.96,11.59,10.95,11.48,225242.0,255805.479
000777.SZ,20221122,10.95,11.33,10.92,11.02,109116.7,121197.151
000777.SZ,20221121,10.82,11.1,10.68,11.02,78308.99,85612.792
000777.SZ,20221118,10.78,10.9,10.74,10.83,56121.02,60872.978
000777.SZ,20221117,10.75,10.8,10.68,10.8,40010.96,42964.741
000777.SZ,20221116,10.82,11.0,10.75,10.8,58642.94,63667.912
000777.SZ,20221115,10.54,10.91,10.48,10.82,76447.3,81939.826
000777.SZ,20221114,10.59,10.69,10.46,10.54,43411.71,45858.85
000777.SZ,20221111,10.7,10.8,10.56,10.59,65708.04,70080.421
000777.SZ,20221110,10.55,10.65,10.5,10.52,32919.99,34716.099
000777.SZ,20221109,10.69,10.72,10.58,10.61,35212.0,37530.455
000777.SZ,20221108,10.72,10.72,10.57,10.67,34713.84,36904.875
000777.SZ,20221107,10.65,10.79,10.56,10.69,49122.83,52456.171
000777.SZ,20221104,10.59,10.7,10.54,10.65,59026.68,62795.293
000777.SZ,20221103,10.53,10.58,10.41,10.56,47771.49,50239.164
000777.SZ,20221102,10.36,10.81,10.36,10.59,89971.49,94961.273
000777.SZ,20221101,10.07,10.58,10.06,10.52,87321.48,90566.027
000777.SZ,20221031,9.85,10.1,9.73,10.04,43853.64,43653.196
000777.SZ,20221028,10.25,10.27,9.83,9.86,68258.89,68126.214
000777.SZ,20221027,10.46,10.49,10.27,10.27,59349.4,61533.022
000777.SZ,20221026,10.4,10.53,10.31,10.45,53445.47,55807.554
000777.SZ,20221025,10.27,10.4,10.07,10.37,50691.0,52038.456
000777.SZ,20221024,10.31,10.56,10.19,10.31,60381.58,62823.052
000777.SZ,20221021,10.34,10.59,10.29,10.31,54439.0,56641.795
000777.SZ,20221020,10.21,10.4,10.12,10.33,47286.28,48606.921
000777.SZ,20221019,10.31,10.44,10.22,10.26,56248.82,58074.659
000777.SZ,20221018,10.46,10.5,10.32,10.33,58868.6,61163.77
000777.SZ,20221017,10.1,10.42,10.07,10.37,60687.1,62502.724
000777.SZ,20221014,10.05,10.2,10.04,10.14,59105.0,59936.556
000777.SZ,20221013,9.98,10.11,9.94,9.98,59218.49,59452.708
000777.SZ,20221012,9.8,10.07,9.69,10.06,54398.85,53646.997
000777.SZ,20221011,9.65,9.83,9.4,9.8,64092.0,61802.269
000777.SZ,20221010,9.76,9.94,9.59,9.65,47770.62,46650.37
000777.SZ,20220930,9.89,9.99,9.75,9.76,52581.18,51749.047
000777.SZ,20220929,10.09,10.13,9.83,9.89,75265.38,74894.8
000777.SZ,20220928,10.42,10.46,9.96,9.96,99179.27,100743.595
000777.SZ,20220927,10.41,10.53,10.28,10.51,71731.6,74659.366
000777.SZ,20220926,10.91,10.92,10.29,10.37,133383.05,140719.505
000777.SZ,20220923,11.23,11.5,10.93,10.96,120420.36,133852.617
000777.SZ,20220922,11.16,11.45,11.07,11.24,143793.17,162352.899
000777.SZ,20220921,11.01,11.44,10.62,11.29,174854.87,192526.326
000777.SZ,20220920,11.03,11.15,10.94,11.09,133856.44,147748.316
000777.SZ,20220919,11.11,11.32,10.88,10.95,215648.98,238467.229
000777.SZ,20220916,12.21,12.25,11.42,11.42,453499.95,532820.845
000777.SZ,20220915,13.23,13.23,12.59,12.66,689164.11,901902.813
000777.SZ,20220914,11.9,12.14,11.83,12.03,154129.32,184047.577
000777.SZ,20220913,12.24,12.33,12.0,12.26,213061.16,259518.574
000777.SZ,20220909,12.8,12.98,12.06,12.16,411721.56,507523.048
000777.SZ,20220908,11.69,12.77,11.55,12.77,269446.86,333765.41
000777.SZ,20220907,11.32,11.63,11.25,11.61,101152.39,116492.906
000777.SZ,20220906,11.33,11.38,11.23,11.35,41901.61,47407.932
000777.SZ,20220905,11.1,11.47,11.1,11.31,76724.33,86863.738
000777.SZ,20220902,10.8,11.18,10.8,11.13,50174.48,55324.975
000777.SZ,20220901,11.04,11.15,10.74,10.79,63518.81,69278.69
000777.SZ,20220831,11.39,11.45,10.93,11.04,80761.53,89797.352
000777.SZ,20220830,11.34,11.59,11.28,11.37,68935.51,78632.393
000777.SZ,20220829,11.02,11.45,10.88,11.38,71705.29,80948.77
000777.SZ,20220826,11.14,11.32,11.08,11.12,51033.01,57129.515
000777.SZ,20220825,11.15,11.25,10.88,11.09,57558.0,63596.894
000777.SZ,20220824,11.49,11.55,11.07,11.1,57594.77,64609.99
000777.SZ,20220823,11.26,11.45,11.24,11.42,37467.28,42669.144
000777.SZ,20220822,11.29,11.39,11.13,11.33,45354.59,51147.616
000777.SZ,20220819,11.4,11.49,11.28,11.36,53753.35,61156.582
000777.SZ,20220818,11.4,11.6,11.34,11.39,75849.74,86730.714
000777.SZ,20220817,11.15,11.52,11.15,11.4,87834.61,99559.506
000777.SZ,20220816,10.99,11.2,10.95,11.19,60888.19,67924.663
000777.SZ,20220815,10.95,11.1,10.89,10.99,33112.0,36321.446
000777.SZ,20220812,11.02,11.09,10.96,11.0,38842.11,42768.231
000777.SZ,20220811,10.9,10.99,10.82,10.97,42186.83,46092.537
000777.SZ,20220810,10.79,10.87,10.67,10.82,31670.83,34185.92
000777.SZ,20220809,10.88,10.88,10.69,10.77,30637.0,32997.081
000777.SZ,20220808,10.58,10.81,10.47,10.8,49155.19,52537.397
000777.SZ,20220805,10.59,10.63,10.4,10.59,40658.06,42641.625
000777.SZ,20220804,10.52,10.59,10.39,10.55,37636.24,39502.272
000777.SZ,20220803,10.39,10.83,10.34,10.43,79198.13,84022.147
000777.SZ,20220802,11.03,11.03,10.18,10.39,116182.83,121668.258
000777.SZ,20220801,11.14,11.17,10.97,11.08,48997.64,54122.58
000777.SZ,20220729,11.16,11.3,11.09,11.12,44571.18,49900.961
000777.SZ,20220728,11.18,11.35,11.13,11.15,46445.0,52129.934
000777.SZ,20220727,11.08,11.15,11.0,11.14,44294.29,49110.231
000777.SZ,20220726,11.11,11.12,10.86,11.07,38306.72,42238.022
000777.SZ,20220725,11.25,11.32,11.01,11.04,51792.02,57584.086
000777.SZ,20220722,11.3,11.37,11.1,11.25,50550.0,56744.97
000777.SZ,20220721,11.43,11.5,11.24,11.29,53402.0,60508.107
000777.SZ,20220720,11.18,11.43,11.12,11.41,89142.45,100890.169
000777.SZ,20220719,11.29,11.31,11.1,11.21,49868.02,55815.756
000777.SZ,20220718,10.8,11.28,10.76,11.27,87553.82,97525.091
000777.SZ,20220715,11.2,11.25,10.79,10.8,83900.11,92096.765
000777.SZ,20220714,11.36,11.39,11.18,11.25,56384.0,63524.355
000777.SZ,20220713,11.09,11.4,11.09,11.37,72801.71,82359.55
000777.SZ,20220712,11.19,11.32,11.06,11.13,59542.07,66701.74
000777.SZ,20220711,11.33,11.4,11.08,11.17,51573.78,57710.635
000777.SZ,20220708,11.33,11.64,11.31,11.36,79091.6,90535.899
000777.SZ,20220707,11.1,11.42,11.01,11.33,93602.97,105370.811
000777.SZ,20220706,11.07,11.53,10.95,11.22,128574.66,144844.742
000777.SZ,20220705,11.21,11.32,10.9,11.0,75560.02,83787.88
000777.SZ,20220704,11.03,11.45,10.96,11.21,83277.95,93102.233
000777.SZ,20220701,11.0,11.09,10.93,11.02,45705.83,50341.346
000777.SZ,20220630,11.05,11.1,10.9,11.0,53003.7,58381.817
000777.SZ,20220629,11.31,11.34,10.98,11.0,76137.55,84836.323
000777.SZ,20220628,11.18,11.39,11.03,11.32,75661.27,85197.667
000777.SZ,20220627,11.14,11.24,11.07,11.16,43770.81,48852.158
000777.SZ,20220624,11.11,11.4,11.09,11.14,62625.77,70097.188
000777.SZ,20220623,10.78,11.12,10.77,11.09,64798.71,71122.767
000777.SZ,20220622,11.0,11.0,10.77,10.77,52981.11,57714.69
000777.SZ,20220621,11.1,11.15,10.89,10.99,58924.0,64944.72
000777.SZ,20220620,11.05,11.12,10.95,11.08,57791.98,63921.881
000777.SZ,20220617,10.85,11.06,10.82,10.98,48174.55,52732.227
000777.SZ,20220616,11.03,11.1,10.88,10.97,53968.82,59362.645
000777.SZ,20220615,11.11,11.19,10.99,11.03,74060.02,82039.319
000777.SZ,20220614,11.05,11.14,10.77,11.11,71883.72,78862.833
000777.SZ,20220613,11.29,11.43,11.04,11.15,69356.17,77707.532
000777.SZ,20220610,11.04,11.28,10.82,11.25,76585.33,85683.116
000777.SZ,20220609,11.25,11.54,11.0,11.05,108065.32,120692.908
000777.SZ,20220608,11.3,12.0,11.15,11.43,183776.35,211480.727
000777.SZ,20220607,11.07,11.23,10.86,11.18,84495.52,93544.011
000777.SZ,20220606,10.93,11.12,10.93,11.04,61987.37,68381.234
000777.SZ,20220602,10.97,11.07,10.87,11.0,49651.94,54572.511
000777.SZ,20220601,10.9,11.19,10.86,11.09,79891.02,88115.798
000777.SZ,20220531,11.41,11.45,10.9,10.95,132158.0,145974.306
000777.SZ,20220530,10.8,11.43,10.57,11.17,175615.08,194063.147
000777.SZ,20220527,10.35,10.71,10.26,10.59,100328.5,105558.41
000777.SZ,20220526,10.2,10.4,10.06,10.33,69872.04,71740.306
000777.SZ,20220525,9.8,10.16,9.69,10.13,52411.16,52221.554
000777.SZ,20220524,10.3,10.37,9.78,9.8,73199.41,73542.3
000777.SZ,20220523,10.1,10.38,10.04,10.3,68927.08,70511.696
000777.SZ,20220520,9.84,10.13,9.82,10.04,74215.88,74146.274
000777.SZ,20220519,9.75,9.88,9.65,9.84,49019.96,47927.186
000777.SZ,20220518,9.75,9.86,9.71,9.82,44529.59,43620.075
000777.SZ,20220517,9.82,9.84,9.57,9.74,44431.15,43049.286
000777.SZ,20220516,9.88,9.98,9.78,9.85,48447.77,47801.988
000777.SZ,20220513,9.92,9.99,9.7,9.85,52064.8,51131.345
000777.SZ,20220512,9.8,10.0,9.64,9.89,50442.29,49685.155
000777.SZ,20220511,9.88,10.13,9.78,9.83,66767.0,66799.273
000777.SZ,20220510,9.64,9.85,9.57,9.84,46012.0,44877.929
000777.SZ,20220509,9.59,9.88,9.49,9.72,45714.08,44518.726
000777.SZ,20220506,9.65,9.68,9.45,9.55,66727.02,63932.909
000777.SZ,20220505,9.72,10.04,9.54,9.88,89629.9,87956.786
000777.SZ,20220429,9.27,9.84,9.21,9.72,107576.52,102765.478
000777.SZ,20220428,9.47,9.59,8.96,9.07,105856.8,97603.637
000777.SZ,20220427,9.3,9.66,8.9,9.61,156454.08,144932.612
000777.SZ,20220426,10.36,10.49,9.54,9.68,141745.82,141835.41
000777.SZ,20220425,11.0,11.28,10.32,10.38,155972.16,167498.98
000777.SZ,20220422,11.34,11.74,11.33,11.42,123282.51,141862.533
000777.SZ,20220421,12.59,12.59,11.67,11.67,287989.81,343329.827
000777.SZ,20220420,13.31,13.35,12.74,12.97,141335.88,183162.737
000777.SZ,20220419,12.55,13.44,12.55,13.24,187120.92,243719.431
000777.SZ,20220418,12.22,12.69,12.11,12.58,126749.07,158148.953
000777.SZ,20220415,11.86,12.39,11.77,12.22,97093.1,117824.333
000777.SZ,20220414,11.56,11.97,11.53,11.87,76614.05,90581.959
000777.SZ,20220413,11.69,11.69,11.5,11.53,30552.31,35361.666
000777.SZ,20220412,11.32,11.7,11.29,11.69,50757.14,58401.579
000777.SZ,20220411,11.62,11.62,11.3,11.32,55460.14,63560.762
000777.SZ,20220408,11.77,11.84,11.55,11.67,50924.38,59427.007
000777.SZ,20220407,11.95,12.13,11.78,11.81,70978.96,84643.715
000777.SZ,20220406,11.9,12.04,11.86,12.01,57879.0,69246.863
000777.SZ,20220401,11.86,11.96,11.81,11.92,41173.64,48966.792
000777.SZ,20220331,12.03,12.15,11.9,11.95,59393.93,71250.296
000777.SZ,20220330,11.93,12.15,11.93,12.11,64398.14,77570.037
000777.SZ,20220329,12.05,12.25,11.84,11.93,71921.2,86530.913
000777.SZ,20220328,12.05,12.15,11.71,12.04,73156.23,87390.89
000777.SZ,20220325,12.21,12.3,12.07,12.07,72830.38,88666.264
000777.SZ,20220324,12.43,12.43,12.15,12.21,91593.63,112458.255
000777.SZ,20220323,12.49,12.74,12.47,12.55,115099.15,144840.385
000777.SZ,20220322,12.46,12.5,12.31,12.38,71597.65,88814.136
000777.SZ,20220321,12.42,12.57,12.26,12.53,109383.51,135869.219
000777.SZ,20220318,12.35,12.62,12.23,12.45,106412.55,132397.168
000777.SZ,20220317,12.38,12.85,12.26,12.56,202253.75,252744.69
000777.SZ,20220316,12.41,12.44,11.79,12.38,185186.7,225580.549
000777.SZ,20220315,12.98,13.2,12.16,12.16,204398.66,258573.228
000777.SZ,20220314,13.69,14.14,13.08,13.11,200466.04,272406.165
000777.SZ,20220311,13.83,14.12,13.12,13.96,298594.7,404253.126
000777.SZ,20220310,14.5,14.65,14.11,14.22,441766.07,634021.299
000777.SZ,20220309,13.98,15.09,13.6,14.86,624657.54,920748.165
000777.SZ,20220308,14.3,15.05,13.61,13.72,278690.21,396996.348
000777.SZ,20220307,14.89,14.89,14.05,14.21,171533.0,244954.966
000777.SZ,20220304,14.94,15.58,14.38,14.95,262420.4,390340.451
000777.SZ,20220303,14.1,15.48,14.02,14.94,381742.98,566297.209
000777.SZ,20220302,13.65,14.39,13.52,14.07,224582.9,314714.652
000777.SZ,20220301,13.28,13.79,13.11,13.7,139262.9,188570.871
000777.SZ,20220228,13.11,13.41,12.87,13.23,86712.47,113989.295
000777.SZ,20220225,12.79,13.12,12.69,13.02,94194.13,122139.655
000777.SZ,20220224,12.86,13.03,12.41,12.54,76971.48,97749.256
000777.SZ,20220223,12.73,12.92,12.73,12.91,37834.93,48642.852
000777.SZ,20220222,12.91,12.94,12.68,12.75,43898.6,56092.498
000777.SZ,20220221,12.76,12.98,12.71,12.98,42889.78,55198.256
000777.SZ,20220218,12.78,12.85,12.66,12.77,49342.36,62825.153
000777.SZ,20220217,13.15,13.15,12.79,12.84,67734.87,87490.782
000777.SZ,20220216,13.05,13.19,12.98,13.17,47544.59,62233.11
000777.SZ,20220215,12.95,13.07,12.87,12.99,27702.72,35931.234
000777.SZ,20220214,13.11,13.15,12.91,12.95,36851.85,47989.87
000777.SZ,20220211,13.29,13.31,12.88,12.94,57820.01,75580.774
000777.SZ,20220210,13.45,13.49,13.18,13.29,47367.12,63107.239
000777.SZ,20220209,13.38,13.46,13.2,13.46,47144.84,62914.164
000777.SZ,20220208,13.3,13.38,13.07,13.38,47047.81,62359.768
000777.SZ,20220207,13.2,13.52,13.12,13.3,59044.01,78728.717
000777.SZ,20220128,12.6,13.03,12.39,12.96,49843.8,63784.74
000777.SZ,20220127,12.94,13.04,12.57,12.6,42291.72,54035.296
000777.SZ,20220126,12.76,13.12,12.76,12.94,48064.12,62348.691
000777.SZ,20220125,13.65,13.65,12.75,12.75,69825.56,91354.87
000777.SZ,20220124,13.28,13.77,13.21,13.51,57036.3,77324.43
000777.SZ,20220121,13.4,13.7,13.23,13.27,60410.41,81116.583
000777.SZ,20220120,14.04,14.15,13.46,13.51,94799.9,130103.324
000777.SZ,20220119,14.2,14.38,14.0,14.05,66124.02,93392.703
000777.SZ,20220118,14.7,14.78,14.2,14.27,101804.0,145990.666
000777.SZ,20220117,14.16,14.8,14.1,14.6,146949.04,213577.079
000777.SZ,20220114,13.86,14.28,13.86,14.12,74913.96,105761.142
000777.SZ,20220113,14.57,14.68,13.95,13.99,126026.3,177896.231
000777.SZ,20220112,14.36,14.56,14.26,14.48,66979.01,96746.428
000777.SZ,20220111,14.6,14.94,14.18,14.25,140807.47,203811.257
000777.SZ,20220110,14.5,15.07,14.41,14.52,221578.88,326608.933
000777.SZ,20220107,16.8,17.11,14.91,15.06,524543.79,842788.74
000777.SZ,20220106,14.26,15.55,14.08,15.55,224177.64,337367.999
000777.SZ,20220105,14.77,14.85,14.05,14.14,209786.09,300637.999
000777.SZ,20220104,15.98,15.99,14.64,14.75,227801.2,342845.978
000777.SZ,20211231,15.63,16.28,15.6,15.72,110034.84,175586.577
000777.SZ,20211230,15.53,16.11,15.51,15.57,127781.62,200874.251
000777.SZ,20211229,16.48,16.48,15.6,15.82,155261.93,246372.951
000777.SZ,20211228,16.6,16.67,16.27,16.5,106509.35,174989.042
000777.SZ,20211227,15.91,17.07,15.91,16.69,230071.62,381791.007
000777.SZ,20211224,16.23,16.74,15.66,15.8,206365.93,333888.08
000777.SZ,20211223,15.54,16.88,15.2,16.52,294377.47,474083.826
000777.SZ,20211222,15.89,15.99,15.3,15.45,180418.05,281523.375
000777.SZ,20211221,14.83,16.28,14.58,16.02,364950.91,570958.444
000777.SZ,20211220,14.38,15.73,14.38,15.21,457385.91,698751.498
000777.SZ,20211217,13.56,14.49,13.42,14.3,317438.46,444064.997
000777.SZ,20211216,13.35,13.62,13.18,13.62,183976.33,245681.894
000777.SZ,20211215,13.5,14.07,13.29,13.45,318580.78,435727.758
000777.SZ,20211214,15.1,15.1,13.8,13.81,426445.19,593828.432
000777.SZ,20211206,15.86,16.15,15.27,15.33,158465.11,248110.488
000777.SZ,20211203,15.73,16.07,15.61,15.86,117841.98,186678.542
000777.SZ,20211202,15.79,16.18,15.57,15.74,107785.64,170789.789
000777.SZ,20211201,15.9,16.06,15.58,15.8,121514.66,192210.07
000777.SZ,20211130,14.97,16.33,14.79,15.91,259405.6,406671.61
000777.SZ,20211129,14.51,15.15,14.4,14.88,133528.42,197373.619
000777.SZ,20211126,14.98,14.98,14.45,14.69,171678.39,252103.232
000777.SZ,20211125,14.06,15.29,13.92,15.09,249070.29,364554.646
000777.SZ,20211124,13.85,14.06,13.71,13.99,125550.28,174704.619
000777.SZ,20211123,13.3,14.03,13.29,13.85,170788.1,234669.147
000777.SZ,20211122,13.44,13.62,13.17,13.27,71896.0,96041.066
000777.SZ,20211119,13.35,13.38,13.13,13.23,56342.54,74724.2
000777.SZ,20211118,13.33,13.52,13.25,13.33,80933.95,108324.587
000777.SZ,20211117,13.38,13.48,13.01,13.33,104699.75,138401.386
000777.SZ,20211116,13.06,13.9,12.82,13.38,212589.55,286964.063
000777.SZ,20211115,12.61,13.24,12.61,13.12,166819.57,215706.072
000777.SZ,20211112,12.12,12.47,12.04,12.34,69921.58,85766.174
000777.SZ,20211111,11.82,12.15,11.77,12.11,73500.17,88464.999
000777.SZ,20211110,11.77,11.84,11.65,11.82,42632.06,50157.032
000777.SZ,20211109,11.74,11.85,11.72,11.78,44759.5,52685.075
000777.SZ,20211108,11.7,11.79,11.58,11.72,38566.43,45116.913
000777.SZ,20211105,11.79,11.81,11.61,11.7,43215.93,50624.025
000777.SZ,20211104,11.69,11.82,11.56,11.81,80944.84,94734.444
000777.SZ,20211103,11.36,11.74,11.36,11.7,89235.32,103622.257
000777.SZ,20211102,11.27,11.63,11.16,11.37,65309.18,74252.478
000777.SZ,20211101,11.0,11.38,10.95,11.25,46341.35,52058.767
000777.SZ,20211029,10.82,11.1,10.68,11.01,45795.02,49973.761
000777.SZ,20211028,11.53,11.53,10.7,10.82,102101.8,111649.892
000777.SZ,20211027,11.4,11.61,11.36,11.54,53936.31,62005.168
000777.SZ,20211026,11.5,11.56,11.38,11.39,31752.25,36279.428
000777.SZ,20211025,11.44,11.58,11.31,11.5,35672.0,40984.926
000777.SZ,20211022,11.46,11.57,11.31,11.44,43337.96,49480.281
000777.SZ,20211021,11.68,11.73,11.44,11.46,52711.04,60974.697
000777.SZ,20211020,11.55,11.74,11.39,11.67,46483.12,53920.463
000777.SZ,20211019,11.5,11.67,11.45,11.57,50512.46,58403.761
000777.SZ,20211018,11.4,11.58,11.38,11.5,35895.69,41233.389
000777.SZ,20211015,11.68,11.68,11.3,11.36,50851.98,58067.734
000777.SZ,20211014,11.49,11.66,11.32,11.59,51811.55,59779.368
000777.SZ,20211013,11.57,11.57,11.27,11.5,61632.14,70314.36
000777.SZ,20211012,11.9,11.97,11.4,11.59,125465.01,145888.837
000777.SZ,20211011,13.31,13.31,11.98,11.99,220872.21,269870.992
000777.SZ,20211008,13.54,13.87,13.14,13.31,159732.59,215611.946
000777.SZ,20210930,13.56,13.82,12.9,13.58,155388.3,207320.708
000777.SZ,20210929,13.1,13.97,12.83,13.47,174545.2,236104.701
000777.SZ,20210928,13.09,13.57,12.99,13.46,113901.47,152313.113
000777.SZ,20210927,13.73,14.15,12.9,13.13,180366.27,242994.566
000777.SZ,20210924,13.55,14.34,13.51,13.58,198695.28,275906.28
000777.SZ,20210923,13.88,14.01,13.47,13.58,203015.65,278214.627
000777.SZ,20210922,12.75,14.11,12.63,13.87,305330.32,417392.065
000777.SZ,20210917,12.56,13.03,12.45,12.83,112762.62,143969.757
000777.SZ,20210916,12.85,13.25,12.5,12.56,152822.72,197581.982
000777.SZ,20210915,12.7,12.92,12.59,12.8,91695.59,116774.604
000777.SZ,20210914,13.28,13.28,12.65,12.69,159802.44,205564.399
000777.SZ,20210913,12.76,13.38,12.56,13.28,204021.61,266028.215
000777.SZ,20210910,12.87,12.97,12.5,12.54,157788.47,200303.081
000777.SZ,20210909,12.89,13.0,12.71,12.97,125015.87,160676.751
000777.SZ,20210908,12.55,13.39,12.55,13.06,206641.16,269986.385
000777.SZ,20210907,12.6,12.83,12.41,12.71,150403.26,189943.674
000777.SZ,20210906,12.32,13.1,12.2,12.71,182781.05,231140.617
000777.SZ,20210903,12.16,12.75,12.0,12.34,232655.83,286548.397
000777.SZ,20210902,11.55,11.89,11.48,11.88,109563.97,128588.749
000777.SZ,20210901,11.28,11.67,11.23,11.54,81954.11,94063.823
000777.SZ,20210831,11.2,11.35,11.11,11.27,41779.8,46985.427
000777.SZ,20210830,11.23,11.36,11.18,11.23,45270.78,51075.543
000777.SZ,20210827,11.59,11.61,11.21,11.32,78839.79,89452.984
000777.SZ,20210826,11.64,11.84,11.57,11.69,78548.85,92174.219
000777.SZ,20210825,11.47,11.75,11.39,11.63,59036.51,68433.533
000777.SZ,20210824,11.51,11.62,11.42,11.47,37475.06,43072.095
000777.SZ,20210823,11.25,11.55,11.25,11.52,64728.48,74265.33
000777.SZ,20210820,11.27,11.31,11.1,11.23,32897.22,36802.543
000777.SZ,20210819,11.39,11.44,11.2,11.28,37612.05,42464.673
000777.SZ,20210818,11.04,11.48,11.03,11.39,55591.13,62823.175
000777.SZ,20210817,11.32,11.34,11.01,11.04,48815.24,54440.597
000777.SZ,20210816,11.41,11.49,11.3,11.31,39018.43,44377.597
000777.SZ,20210813,11.33,11.48,11.29,11.41,47888.56,54608.04
000777.SZ,20210812,11.28,11.52,11.24,11.38,55769.32,63583.55
000777.SZ,20210811,11.24,11.35,11.17,11.28,33471.45,37612.655
000777.SZ,20210810,11.1,11.26,11.06,11.22,33447.31,37410.994
000777.SZ,20210809,11.0,11.23,11.0,11.11,37889.24,42111.786
000777.SZ,20210806,11.1,11.45,10.87,11.18,64356.26,71538.422
000777.SZ,20210805,11.11,11.17,11.03,11.08,27223.3,30157.252
000777.SZ,20210804,11.12,11.17,11.04,11.11,21568.45,23912.696
000777.SZ,20210803,11.11,11.24,11.0,11.06,31278.83,34836.499
000777.SZ,20210802,10.83,11.15,10.78,11.1,31343.97,34550.0
000777.SZ,20210730,10.75,10.92,10.75,10.84,24589.48,26622.812
000777.SZ,20210729,10.65,10.79,10.65,10.72,26417.16,28364.933
000777.SZ,20210728,11.12,11.2,10.54,10.61,62971.06,67333.021
000777.SZ,20210727,11.32,11.4,11.08,11.11,42340.48,47576.407
000777.SZ,20210726,11.47,11.48,11.23,11.32,40328.83,45684.682
000777.SZ,20210723,11.63,11.64,11.34,11.47,44700.86,51339.215
000777.SZ,20210722,11.7,11.77,11.63,11.67,35862.87,41926.216
000777.SZ,20210721,11.75,11.84,11.65,11.78,39969.54,46922.159
000777.SZ,20210720,11.75,11.81,11.62,11.78,46103.88,53983.055
000777.SZ,20210719,11.76,12.05,11.58,11.88,81735.04,96407.873
000777.SZ,20210716,11.58,11.8,11.52,11.79,66748.02,78166.078
000777.SZ,20210715,11.32,11.56,11.31,11.51,40168.09,45922.709
000777.SZ,20210714,11.59,11.59,11.38,11.41,33397.01,38206.902
000777.SZ,20210713,11.42,11.62,11.23,11.59,50048.75,57259.849
000777.SZ,20210712,11.38,11.5,11.34,11.42,31291.7,35676.515
000777.SZ,20210709,11.35,11.35,11.22,11.33,33964.77,38288.181
000777.SZ,20210708,11.3,11.41,11.21,11.37,36608.73,41440.794
000777.SZ,20210707,11.55,11.57,11.25,11.27,56763.54,64498.364
000777.SZ,20210706,11.53,11.59,11.45,11.55,21162.63,24371.265
000777.SZ,20210705,11.33,11.62,11.33,11.53,33260.97,38346.446
000777.SZ,20210702,11.67,11.98,11.07,11.38,47083.46,54473.325
000777.SZ,20210701,11.92,11.95,11.65,11.67,27908.96,32885.767
000777.SZ,20210630,11.9,12.06,11.85,11.92,23236.55,27722.821
000777.SZ,20210629,12.19,12.23,11.88,11.93,31717.0,38041.422
000777.SZ,20210628,11.98,12.34,11.96,12.18,54046.03,65826.857
000777.SZ,20210625,11.83,12.06,11.73,11.94,51174.02,61021.269
000777.SZ,20210624,12.06,12.11,11.85,11.87,34007.04,40709.745
000777.SZ,20210623,11.92,12.11,11.86,12.04,49711.61,59687.957
000777.SZ,20210622,11.94,12.0,11.84,11.85,47444.19,56491.498
000777.SZ,20210621,12.0,12.31,11.91,12.0,106029.21,128522.776
000777.SZ,20210618,11.8,12.14,11.74,12.01,113000.95,135074.634
000777.SZ,20210617,11.43,11.83,11.4,11.77,102600.81,119472.049
000777.SZ,20210616,11.36,11.45,11.27,11.43,37874.47,43097.93
000777.SZ,20210615,11.27,11.58,11.23,11.34,26812.31,30377.663
000777.SZ,20210611,11.3,11.38,11.26,11.27,21058.44,23829.157
000777.SZ,20210610,11.35,11.36,11.24,11.32,28619.2,32312.462
000777.SZ,20210609,11.23,11.51,11.22,11.36,37529.01,42701.746
000777.SZ,20210608,11.3,11.32,11.21,11.23,21237.95,23862.914
000777.SZ,20210607,11.27,11.32,11.26,11.29,19235.57,21698.95
000777.SZ,20210604,11.29,11.31,11.22,11.27,19070.36,21478.279
000777.SZ,20210603,11.21,11.31,11.2,11.28,23279.0,26252.744
000777.SZ,20210602,11.29,11.32,11.2,11.2,23462.33,26392.306
000777.SZ,20210601,11.33,11.35,11.22,11.29,22396.53,25239.646
000777.SZ,20210531,11.26,11.34,11.26,11.33,21909.02,24772.863
000777.SZ,20210528,11.39,11.44,11.24,11.24,30063.73,34045.373
000777.SZ,20210527,11.39,11.45,11.34,11.41,21108.43,24073.45
000777.SZ,20210526,11.3,11.42,11.3,11.36,24895.91,28335.681
000777.SZ,20210525,11.25,11.38,11.19,11.34,30538.15,34480.474
000777.SZ,20210524,11.2,11.33,11.16,11.25,21439.9,24133.379
000777.SZ,20210521,11.3,11.33,11.18,11.22,33009.82,37084.798
000777.SZ,20210520,11.85,11.94,11.35,11.37,83785.43,96715.605
000777.SZ,20210519,11.87,11.97,11.62,11.77,41270.96,48619.834
000777.SZ,20210518,11.73,11.83,11.61,11.78,47668.98,55861.38
000777.SZ,20210517,11.58,11.64,11.48,11.56,25945.12,30008.003
000777.SZ,20210514,11.35,11.59,11.35,11.56,42633.79,49140.95
000777.SZ,20210513,11.36,11.44,11.3,11.35,28888.37,32856.043
000777.SZ,20210512,11.3,11.4,11.24,11.36,20184.05,22832.929
000777.SZ,20210511,11.25,11.34,11.14,11.33,21747.8,24515.669
000777.SZ,20210510,11.25,11.29,11.14,11.26,18890.12,21195.18
000777.SZ,20210507,11.2,11.29,11.14,11.25,18533.96,20813.516
000777.SZ,20210506,11.02,11.21,11.01,11.19,16635.59,18566.295
000777.SZ,20210430,11.13,11.14,10.99,11.03,25224.38,27833.837
000777.SZ,20210429,11.23,11.28,11.08,11.13,24782.44,27746.22
000777.SZ,20210428,11.14,11.33,11.1,11.23,19207.0,21558.174
000777.SZ,20210427,11.39,11.39,11.03,11.14,38218.19,42567.929
000777.SZ,20210426,11.53,11.53,11.28,11.39,41191.22,46887.281
000777.SZ,20210423,11.63,11.69,11.5,11.54,24377.52,28166.33
000777.SZ,20210422,11.64,11.72,11.6,11.64,22281.29,25960.459
000777.SZ,20210421,11.67,11.73,11.6,11.64,23536.26,27374.675
000777.SZ,20210420,11.76,11.8,11.65,11.67,37516.27,43981.95
000777.SZ,20210419,11.75,11.87,11.66,11.81,43376.01,51116.839
000777.SZ,20210416,11.43,11.85,11.43,11.78,68602.61,79897.919
000777.SZ,20210415,12.0,12.19,11.49,11.51,158378.54,185707.214
000777.SZ,20210414,12.37,13.15,12.31,12.7,182208.2,232343.352
000777.SZ,20210413,12.51,12.56,12.18,12.37,77960.79,95945.157
000777.SZ,20210412,12.27,12.81,12.18,12.64,135047.95,169955.528
000777.SZ,20210409,12.08,12.35,12.03,12.23,56730.29,69264.235
000777.SZ,20210408,11.98,12.26,11.81,12.15,63538.83,76502.971
000777.SZ,20210407,11.98,12.04,11.86,11.98,27233.0,32536.514
000777.SZ,20210406,11.8,12.04,11.77,12.0,47639.79,56956.317
000777.SZ,20210402,11.77,11.8,11.66,11.79,28648.9,33577.035
000777.SZ,20210401,11.89,11.89,11.71,11.77,30325.94,35685.951
000777.SZ,20210331,11.8,12.0,11.76,11.88,42730.43,50761.299
000777.SZ,20210330,11.94,12.04,11.68,11.78,49786.93,58775.16
000777.SZ,20210329,12.1,12.14,11.86,11.94,47278.79,56531.303
000777.SZ,20210326,11.9,12.13,11.85,12.06,45548.07,54784.929
000777.SZ,20210325,12.15,12.17,11.8,11.85,60077.87,71743.77
000777.SZ,20210324,12.18,12.5,12.07,12.15,68756.02,84346.409
000777.SZ,20210323,12.89,12.93,12.26,12.29,100459.17,125778.025
000777.SZ,20210322,12.45,12.96,12.45,12.89,110248.59,140896.59
000777.SZ,20210319,12.5,12.85,12.25,12.49,92501.54,116886.128
000777.SZ,20210318,12.69,12.69,12.32,12.46,81111.78,100985.735
000777.SZ,20210317,12.8,12.89,12.53,12.7,111693.47,141314.085
000777.SZ,20210316,12.26,13.25,12.19,13.06,185473.3,236463.616
000777.SZ,20210315,12.3,12.59,12.04,12.4,84135.49,103145.4
000777.SZ,20210312,12.0,12.57,11.94,12.27,108471.93,133622.907
000777.SZ,20210311,11.7,12.17,11.68,12.09,75785.08,91143.094
000777.SZ,20210310,11.97,12.01,11.61,11.68,67872.71,80101.401
000777.SZ,20210309,11.92,12.38,11.8,12.15,118340.94,143723.105
000777.SZ,20210308,12.38,12.88,12.04,12.07,134002.95,165130.27
000777.SZ,20210305,11.57,11.88,11.54,11.75,33636.42,39477.955
000777.SZ,20210304,11.7,11.79,11.6,11.64,31217.84,36465.366
000777.SZ,20210303,11.67,11.74,11.6,11.71,27314.42,31880.58
000777.SZ,20210302,11.78,11.86,11.6,11.67,32922.01,38628.61
000777.SZ,20210301,11.6,11.82,11.59,11.8,37311.25,43632.401
000777.SZ,20210226,11.6,11.66,11.51,11.6,28998.49,33582.533
000777.SZ,20210225,11.68,11.8,11.65,11.71,33898.94,39712.465
000777.SZ,20210224,11.66,11.78,11.55,11.64,35571.01,41462.61
000777.SZ,20210223,11.74,11.82,11.52,11.67,46161.06,53871.291
000777.SZ,20210222,11.83,12.04,11.82,11.83,73133.57,87302.614
000777.SZ,20210219,11.53,11.87,11.45,11.82,57467.74,67061.494
000777.SZ,20210218,11.39,11.75,11.39,11.53,42570.01,49148.766
000777.SZ,20210210,11.29,11.32,11.15,11.29,34113.38,38367.097
000777.SZ,20210209,11.01,11.33,10.96,11.26,41203.82,46062.379
000777.SZ,20210208,11.17,11.22,10.88,11.01,48240.57,53086.672
000777.SZ,20210205,11.31,11.39,11.05,11.14,62534.05,69842.382
000777.SZ,20210204,12.05,12.05,11.07,11.28,99940.14,114852.313
000777.SZ,20210203,12.65,12.7,11.98,12.07,113653.99,138627.952
000777.SZ,20210202,12.89,13.24,12.72,12.72,85815.51,111211.642
000777.SZ,20210201,13.5,13.59,12.9,13.03,100894.89,132198.643
000777.SZ,20210129,13.81,13.98,12.8,13.7,160873.48,217321.867
000777.SZ,20210128,13.71,14.57,13.66,13.82,149231.11,212000.319
000777.SZ,20210127,13.91,14.35,13.7,14.15,92946.0,130120.012
000777.SZ,20210126,14.38,14.38,13.81,14.12,117785.01,165120.833
000777.SZ,20210125,13.61,14.48,13.5,14.4,182757.21,258693.825
000777.SZ,20210122,13.96,13.98,13.42,13.62,75035.61,102090.946
000777.SZ,20210121,13.68,14.07,13.57,13.96,124508.64,172965.867
000777.SZ,20210120,13.28,13.9,13.25,13.74,105717.27,144663.366
000777.SZ,20210119,13.4,13.65,13.2,13.23,66853.0,89605.799
000777.SZ,20210118,13.69,14.05,13.5,13.54,103216.82,141742.805
000777.SZ,20210115,13.3,13.64,13.1,13.62,64488.77,86025.956
000777.SZ,20210114,13.2,13.65,13.09,13.46,105725.43,142325.492
000777.SZ,20210113,12.76,13.65,12.59,13.34,112284.55,148029.496
000777.SZ,20210112,12.46,12.88,12.4,12.8,50818.18,64761.352
000777.SZ,20210111,12.85,12.87,12.42,12.5,63377.61,80079.431
000777.SZ,20210108,12.88,13.11,12.71,12.98,49962.56,64799.377
000777.SZ,20210107,13.3,13.45,12.8,13.0,96401.84,126203.814
000777.SZ,20210106,13.8,13.84,13.43,13.48,92332.0,125202.375
000777.SZ,20210105,13.51,14.08,13.37,13.93,155883.99,215526.006
000777.SZ,20210104,13.09,13.66,13.04,13.51,105326.05,141360.46
000777.SZ,20201231,13.16,13.43,13.01,13.2,90860.18,119753.048
000777.SZ,20201230,13.68,13.68,13.04,13.18,107211.05,141856.312
000777.SZ,20201229,13.41,13.85,13.06,13.58,159442.26,215748.014
000777.SZ,20201228,13.12,13.56,12.99,13.31,96857.48,128699.043
000777.SZ,20201225,12.76,13.6,12.65,13.2,108567.77,142844.786
000777.SZ,20201224,12.57,12.9,12.52,12.83,80262.38,102275.72
000777.SZ,20201223,12.05,12.83,12.05,12.69,82040.13,102672.737
000777.SZ,20201222,12.44,12.45,12.03,12.05,34080.44,41642.182
000777.SZ,20201221,12.34,12.49,12.21,12.48,35054.8,43367.422
000777.SZ,20201218,12.19,12.56,12.18,12.37,44113.5,54651.488
000777.SZ,20201217,12.0,12.17,11.87,12.17,23970.82,28764.281
000777.SZ,20201216,12.22,12.23,12.0,12.02,14304.6,17230.566
000777.SZ,20201215,12.15,12.24,12.11,12.19,11973.93,14560.805
000777.SZ,20201214,12.02,12.23,12.02,12.14,15926.82,19344.553
000777.SZ,20201211,12.2,12.3,11.9,12.02,30468.78,36675.338
000777.SZ,20201210,12.22,12.29,12.08,12.2,17706.62,21559.832
000777.SZ,20201209,12.5,12.5,12.22,12.22,31973.84,39440.644
000777.SZ,20201208,12.67,12.68,12.47,12.5,27305.97,34234.966
000777.SZ,20201207,12.7,12.93,12.67,12.68,33402.98,42756.415
000777.SZ,20201204,12.76,12.8,12.64,12.66,24985.46,31720.534
000777.SZ,20201203,12.84,12.92,12.67,12.75,38244.0,48811.35
000777.SZ,20201202,12.79,12.96,12.71,12.91,47406.05,60960.959
000777.SZ,20201201,12.65,12.82,12.59,12.79,34694.06,44187.026
000777.SZ,20201130,12.63,12.91,12.53,12.72,50419.83,64263.517
000777.SZ,20201127,12.88,13.02,12.61,12.73,70325.02,90171.778
000777.SZ,20201126,12.42,12.61,12.39,12.57,28002.69,35050.761
000777.SZ,20201125,12.58,12.7,12.41,12.44,37919.55,47707.766
000777.SZ,20201124,12.61,12.81,12.54,12.58,35371.15,44736.437
000777.SZ,20201123,12.5,12.68,12.31,12.56,37360.0,46863.768
000777.SZ,20201120,12.54,12.58,12.41,12.5,27789.17,34701.393
000777.SZ,20201119,12.35,12.59,12.22,12.5,42569.55,52943.405
000777.SZ,20201118,12.32,12.45,12.27,12.36,23818.77,29469.486
000777.SZ,20201117,12.47,12.47,12.22,12.34,23977.06,29526.596
000777.SZ,20201116,12.27,12.45,12.13,12.41,32163.48,39590.653
000777.SZ,20201113,12.09,12.24,11.92,12.18,21235.93,25663.895
000777.SZ,20201112,12.3,12.34,12.05,12.09,28319.55,34335.005
000777.SZ,20201111,12.38,12.46,12.23,12.27,22854.84,28245.769
000777.SZ,20201110,12.6,12.66,12.31,12.36,25684.48,31987.684
000777.SZ,20201109,12.28,12.61,12.28,12.56,37661.81,47101.271
000777.SZ,20201106,12.31,12.45,12.23,12.27,25339.98,31164.916
000777.SZ,20201105,12.28,12.34,12.14,12.3,23263.53,28490.465
000777.SZ,20201104,12.22,12.28,12.03,12.13,19628.58,23814.518
000777.SZ,20201103,12.0,12.23,11.91,12.2,25109.01,30459.203
000777.SZ,20201102,12.03,12.17,11.86,11.88,36253.0,43468.111
000777.SZ,20201030,12.81,12.94,12.05,12.13,76065.05,94244.28
000777.SZ,20201029,12.91,13.01,12.81,12.88,25377.8,32713.033
000777.SZ,20201028,13.15,13.15,12.9,13.07,23697.69,30835.393
000777.SZ,20201027,13.05,13.25,13.01,13.14,21810.29,28613.5
000777.SZ,20201026,13.2,13.21,13.03,13.12,25557.08,33525.827
000777.SZ,20201023,12.96,13.59,12.96,13.22,62491.58,83251.045
000777.SZ,20201022,13.01,13.06,12.85,12.96,23977.87,31035.719
000777.SZ,20201021,13.33,13.34,13.01,13.01,27101.0,35595.909
000777.SZ,20201020,13.3,13.36,13.14,13.34,23680.34,31306.906
000777.SZ,20201019,13.5,13.54,13.3,13.31,27870.6,37391.083
000777.SZ,20201016,13.36,13.58,13.21,13.47,32021.9,42782.056
000777.SZ,20201015,13.7,13.76,13.3,13.4,49432.58,66470.497
000777.SZ,20201014,13.57,13.99,13.35,13.78,94286.25,129664.566
000777.SZ,20201013,13.61,13.61,13.37,13.5,38473.75,51828.957
000777.SZ,20201012,13.29,13.65,13.19,13.61,56373.32,75927.152
000777.SZ,20201009,12.93,13.26,12.89,13.19,46233.76,60627.623
000777.SZ,20200930,12.92,12.92,12.71,12.76,22964.98,29411.294
000777.SZ,20200929,12.69,12.92,12.69,12.89,29746.21,38212.395
000777.SZ,20200928,12.72,12.96,12.62,12.69,31991.41,40805.247
000777.SZ,20200925,12.6,12.73,12.57,12.65,22810.33,28847.431
000777.SZ,20200924,12.85,12.88,12.59,12.6,37990.98,48238.256
000777.SZ,20200923,12.91,13.03,12.85,12.97,25305.89,32732.589
000777.SZ,20200922,13.12,13.18,12.88,12.9,40567.04,52756.718
000777.SZ,20200921,13.22,13.42,13.08,13.27,45684.8,60786.441
000777.SZ,20200918,12.85,13.18,12.82,13.17,48819.87,63673.842
000777.SZ,20200917,12.84,12.98,12.68,12.88,41877.8,53701.436
000777.SZ,20200916,13.08,13.09,12.8,12.91,39823.84,51361.677
000777.SZ,20200915,13.23,13.23,12.96,13.08,30257.71,39570.488
000777.SZ,20200914,13.2,13.23,13.02,13.17,32592.9,42819.363
000777.SZ,20200911,13.0,13.14,12.83,13.09,39141.91,50887.817
000777.SZ,20200910,13.94,13.97,12.96,13.0,95799.08,127515.299
000777.SZ,20200909,13.8,14.12,13.73,13.9,53614.53,74752.358
000777.SZ,20200908,13.77,13.99,13.68,13.9,46483.91,64302.568
000777.SZ,20200907,14.16,14.32,13.7,13.78,92231.59,128737.656
000777.SZ,20200904,14.2,14.49,14.1,14.31,87811.31,125404.027
000777.SZ,20200903,15.57,15.63,14.81,14.87,197450.16,301865.16
000777.SZ,20200902,15.14,15.17,14.7,15.13,98608.9,147304.287
000777.SZ,20200901,14.9,15.26,14.8,15.01,112804.44,169675.753
000777.SZ,20200831,14.28,15.13,14.27,14.89,151406.74,224025.412
000777.SZ,20200828,14.15,14.36,13.92,14.27,64216.52,90827.04
000777.SZ,20200827,13.93,14.23,13.7,14.21,72212.2,101339.066
000777.SZ,20200826,14.4,14.49,13.61,13.95,123316.08,172098.685
000777.SZ,20200825,14.81,14.85,14.2,14.37,97835.72,141646.363
000777.SZ,20200824,14.92,15.08,14.46,14.71,74617.02,109682.941
000777.SZ,20200821,15.01,15.24,14.81,14.97,78708.18,117902.649
000777.SZ,20200820,15.19,15.2,14.75,15.01,123980.11,185560.358
000777.SZ,20200819,16.2,16.2,15.25,15.3,203263.9,317509.88
000777.SZ,20200818,15.63,16.48,15.33,16.23,255141.83,407487.478
000777.SZ,20200817,15.4,15.72,15.22,15.57,144415.99,223854.575
000777.SZ,20200814,15.47,15.78,15.0,15.39,202733.54,311247.858
000777.SZ,20200813,15.67,16.35,15.35,15.78,267047.88,422657.184
000777.SZ,20200812,16.77,17.13,15.11,15.7,367032.27,584039.263
000777.SZ,20200811,18.15,18.16,16.57,16.69,449422.03,784115.381
000777.SZ,20200810,16.95,18.16,16.76,18.16,611061.54,1079363.078
000777.SZ,20200807,14.8,16.51,14.61,16.51,530033.98,845975.324
000777.SZ,20200806,13.93,15.32,13.72,15.01,367206.9,536814.531
000777.SZ,20200805,13.4,13.94,13.25,13.93,171495.74,235195.697
000777.SZ,20200804,13.77,13.84,13.32,13.4,119918.96,162395.547
000777.SZ,20200803,13.3,13.91,13.3,13.77,176541.17,241470.402
000777.SZ,20200731,13.07,13.33,12.91,13.26,105767.74,138737.14
000777.SZ,20200730,13.34,13.5,13.0,13.1,121655.81,161505.918
000777.SZ,20200729,13.18,13.37,12.87,13.3,95539.25,125740.775
000777.SZ,20200728,13.1,13.49,13.0,13.21,107110.15,141839.727
000777.SZ,20200727,12.75,13.8,12.44,13.21,141648.48,186837.962
000777.SZ,20200724,13.2,13.3,12.63,12.66,100529.72,130391.013
000777.SZ,20200723,12.84,13.4,12.72,13.2,155845.77,205278.036
000777.SZ,20200722,12.75,13.12,12.61,12.85,66059.37,85429.364
000777.SZ,20200721,13.11,13.15,12.79,12.84,60544.6,77930.276
000777.SZ,20200720,12.56,13.01,12.56,12.98,79953.36,102550.227
000777.SZ,20200717,12.35,12.54,12.3,12.46,46183.12,57327.882
000777.SZ,20200716,13.02,13.1,12.35,12.36,95593.49,121892.48
000777.SZ,20200715,13.68,13.68,12.85,13.0,150793.81,199089.753
000777.SZ,20200714,13.2,13.95,13.14,13.72,278742.15,381435.849
000777.SZ,20200713,13.02,13.34,12.95,13.2,125141.31,165004.442
000777.SZ,20200710,13.42,13.42,12.71,13.11,181071.72,236453.985
000777.SZ,20200709,13.1,13.8,12.88,13.49,171357.26,229236.543
000777.SZ,20200708,12.75,12.96,12.49,12.95,156102.89,199095.973
000777.SZ,20200707,12.74,12.8,12.5,12.5,119139.84,150340.437
000777.SZ,20200706,12.46,12.68,12.31,12.61,136886.94,171815.483
000777.SZ,20200703,12.19,12.4,12.1,12.25,98114.16,119964.317
000777.SZ,20200702,12.13,12.28,11.91,12.26,126480.25,152344.756
000777.SZ,20200701,11.38,12.52,11.38,12.3,279545.72,340245.869
000777.SZ,20200630,11.4,11.48,11.36,11.38,21301.39,24303.933
000777.SZ,20200629,11.56,11.56,11.34,11.34,19757.04,22554.459
000777.SZ,20200624,11.58,11.64,11.5,11.55,17750.63,20492.262
000777.SZ,20200623,11.7,11.72,11.55,11.57,23474.0,27208.946
000777.SZ,20200622,11.64,11.81,11.51,11.72,42821.23,50081.387
000777.SZ,20200619,11.6,11.72,11.56,11.68,31001.09,36098.612
000777.SZ,20200618,11.68,11.69,11.53,11.67,43216.38,50164.501
000777.SZ,20200617,11.41,11.77,11.41,11.73,71912.55,83529.498
000777.SZ,20200616,11.36,11.44,11.34,11.4,17505.19,19933.392
000777.SZ,20200615,11.45,11.47,11.3,11.32,16140.69,18364.814
000777.SZ,20200612,11.33,11.46,11.21,11.46,23526.3,26628.832
000777.SZ,20200611,11.55,11.55,11.33,11.45,28925.14,33105.697
000777.SZ,20200610,11.6,11.61,11.45,11.55,16624.76,19126.66
000777.SZ,20200609,11.67,11.68,11.52,11.6,19198.32,22223.916
000777.SZ,20200608,11.62,11.72,11.53,11.64,31141.62,36170.962
000777.SZ,20200605,11.43,11.6,11.31,11.6,36801.54,42189.196
000777.SZ,20200604,11.43,11.58,11.39,11.47,27839.8,31990.224
000777.SZ,20200603,11.65,11.65,11.41,11.42,43603.91,50195.225
000777.SZ,20200602,11.51,11.87,11.5,11.58,67604.21,79091.411
000777.SZ,20200601,11.25,11.66,11.21,11.55,64800.45,74335.71
000777.SZ,20200529,11.17,11.23,11.13,11.23,14739.82,16469.237
000777.SZ,20200528,11.28,11.32,11.07,11.16,19411.2,21676.869
000777.SZ,20200527,11.3,11.4,11.21,11.28,16324.6,18478.789
000777.SZ,20200526,11.15,11.33,11.15,11.3,13519.02,15234.633
000777.SZ,20200525,11.14,11.29,11.12,11.18,13748.14,15357.077
000777.SZ,20200522,11.32,11.36,11.05,11.15,34109.43,38099.232
000777.SZ,20200521,11.44,11.63,11.37,11.37,31127.57,35708.537
000777.SZ,20200520,11.74,11.77,11.44,11.45,43110.86,49783.042
000777.SZ,20200519,11.79,11.9,11.62,11.73,40746.48,47799.079
000777.SZ,20200518,11.5,11.79,11.45,11.78,71875.1,84011.674
000777.SZ,20200515,11.62,11.7,11.37,11.54,62371.63,71794.418
000777.SZ,20200514,11.79,11.82,11.5,11.62,78929.66,92010.828
000777.SZ,20200513,11.78,12.05,11.7,11.86,51455.18,61232.63
000777.SZ,20200512,12.01,12.06,11.76,11.9,79212.11,94230.001
000777.SZ,20200511,11.55,12.38,11.48,12.02,177158.79,212855.112
000777.SZ,20200508,11.05,11.7,11.05,11.41,61224.65,69662.484
000777.SZ,20200507,11.12,11.14,10.97,11.03,22716.02,25125.646
000777.SZ,20200506,10.99,11.15,10.92,11.13,20304.83,22434.603
000777.SZ,20200430,10.99,11.1,10.98,11.05,22617.86,24982.534
000777.SZ,20200429,10.96,11.1,10.92,10.95,16760.76,18426.055
000777.SZ,20200428,11.27,11.34,10.77,10.98,31067.44,34154.023
000777.SZ,20200427,11.35,11.52,11.27,11.27,35067.97,39902.461
000777.SZ,20200424,11.27,11.8,10.86,11.52,108947.18,122706.687
000777.SZ,20200423,11.37,11.44,11.26,11.28,26772.2,30380.307
000777.SZ,20200422,11.29,11.44,11.23,11.37,19696.12,22337.89
000777.SZ,20200421,11.4,11.42,11.28,11.39,20449.7,23190.545
000777.SZ,20200420,11.34,11.49,11.27,11.47,31783.94,36302.321
000777.SZ,20200417,11.33,11.4,11.2,11.38,33034.51,37413.891
000777.SZ,20200416,11.23,11.36,11.23,11.34,16113.03,18211.46
000777.SZ,20200415,11.48,11.48,11.21,11.45,38303.08,43432.007
000777.SZ,20200414,11.41,11.54,11.3,11.54,38044.23,43412.943
000777.SZ,20200413,11.47,11.58,11.28,11.48,25691.85,29287.682
000777.SZ,20200410,11.65,11.75,11.42,11.47,24662.4,28472.16
000777.SZ,20200409,11.76,11.9,11.64,11.75,44025.12,51811.064
000777.SZ,20200408,11.47,11.75,11.43,11.75,54811.96,63811.228
000777.SZ,20200407,11.36,11.67,11.33,11.56,42347.82,48806.766
000777.SZ,20200403,11.3,11.34,11.2,11.22,20054.83,22617.025
000777.SZ,20200402,11.09,11.34,11.09,11.32,27622.48,30930.457
000777.SZ,20200401,11.22,11.27,10.99,11.18,34062.53,37984.944
000777.SZ,20200331,11.22,11.27,11.12,11.17,14395.82,16099.53
000777.SZ,20200330,11.26,11.28,11.01,11.14,27145.07,30159.709
000777.SZ,20200327,11.55,11.66,11.39,11.41,32911.0,38056.582
000777.SZ,20200326,11.6,11.65,11.36,11.45,41454.67,47670.3
000777.SZ,20200325,11.61,11.7,11.51,11.6,33087.57,38322.517
000777.SZ,20200324,11.35,11.52,11.15,11.45,26150.9,29698.2
000777.SZ,20200323,11.5,11.59,11.11,11.17,41647.6,47491.103
000777.SZ,20200320,11.6,11.76,11.45,11.68,42959.99,49889.42
000777.SZ,20200319,11.32,11.71,11.15,11.53,50749.22,58229.177
000777.SZ,20200318,11.29,11.98,11.15,11.55,91598.07,106119.043
000777.SZ,20200317,11.25,11.38,10.9,11.21,35714.23,39743.421
000777.SZ,20200316,11.77,11.77,10.94,11.2,50050.95,57122.831
000777.SZ,20200313,11.08,11.78,11.08,11.57,53698.32,61532.229
000777.SZ,20200312,11.93,11.98,11.72,11.85,60163.06,71286.061
000777.SZ,20200311,12.41,12.57,12.13,12.17,71202.55,88204.355
000777.SZ,20200310,12.01,12.3,11.79,12.3,82842.61,100038.303
000777.SZ,20200309,12.52,12.71,12.16,12.18,119177.54,147912.418
000777.SZ,20200306,12.8,13.35,12.56,12.96,164657.02,212768.893
000777.SZ,20200305,12.68,12.95,12.58,12.85,125003.12,159796.564
000777.SZ,20200304,12.37,12.65,12.28,12.64,111617.98,139976.505
000777.SZ,20200303,12.23,12.73,12.11,12.44,141509.53,175273.167
000777.SZ,20200302,11.47,12.08,11.45,12.03,69754.77,82719.473
000777.SZ,20200228,11.98,12.03,11.22,11.31,86321.47,100546.861
000777.SZ,20200227,12.42,12.47,12.08,12.28,62734.16,76909.009
000777.SZ,20200226,12.02,12.66,12.0,12.34,114427.15,141554.288
000777.SZ,20200225,12.02,12.29,11.72,12.21,97023.12,116577.292
000777.SZ,20200224,12.42,12.42,12.12,12.36,77963.34,95789.669
000777.SZ,20200221,12.3,12.5,12.21,12.48,81574.21,100900.957
000777.SZ,20200220,12.2,12.29,12.11,12.27,54514.4,66678.102
000777.SZ,20200219,12.21,12.38,12.08,12.1,79267.8,96881.191
000777.SZ,20200218,11.83,12.38,11.72,12.24,105701.13,128274.776
000777.SZ,20200217,11.25,11.79,11.21,11.71,72840.63,84350.851
000777.SZ,20200214,11.21,11.34,11.08,11.25,34037.29,38210.213
000777.SZ,20200213,11.37,11.46,11.14,11.16,37208.33,41834.513
000777.SZ,20200212,11.31,11.43,11.15,11.42,50960.89,57515.375
000777.SZ,20200211,11.31,11.56,11.2,11.32,42820.57,48702.839
000777.SZ,20200210,11.1,11.44,11.04,11.38,42271.56,47690.948
000777.SZ,20200207,11.0,11.17,10.93,11.16,47156.19,52218.139
000777.SZ,20200206,11.05,11.17,10.89,11.08,47289.06,52331.998
000777.SZ,20200205,10.63,11.2,10.63,10.98,58517.25,64114.505
000777.SZ,20200204,9.94,10.86,9.94,10.64,76140.76,80012.618
000777.SZ,20200203,11.04,11.04,11.04,11.04,10822.0,11947.488
000777.SZ,20200123,12.5,12.68,12.0,12.27,53335.67,66126.599
000777.SZ,20200122,12.62,12.67,12.32,12.58,39013.56,48708.021
000777.SZ,20200121,12.82,12.85,12.58,12.61,31866.75,40327.56
000777.SZ,20200120,12.59,12.8,12.5,12.8,39133.94,49455.948
000777.SZ,20200117,12.61,12.7,12.5,12.57,26802.25,33764.044
000777.SZ,20200116,12.71,12.8,12.59,12.6,36435.25,46189.516
000777.SZ,20200115,12.88,12.91,12.65,12.67,46180.65,58790.15
000777.SZ,20200114,12.85,13.14,12.85,12.94,59773.31,77521.409
000777.SZ,20200113,12.9,13.0,12.6,12.87,55154.75,70299.768
000777.SZ,20200110,13.02,13.38,12.87,12.88,89014.47,116128.923
000777.SZ,20200109,12.62,13.69,12.59,13.08,138785.6,181782.101
000777.SZ,20200108,12.6,12.85,12.5,12.64,65851.52,83292.406
000777.SZ,20200107,12.55,12.68,12.47,12.61,47441.04,59562.641
000777.SZ,20200106,12.55,12.78,12.46,12.59,65518.71,82591.532
000777.SZ,20200103,12.45,12.87,12.43,12.51,86741.64,109170.032
000777.SZ,20200102,12.2,12.45,12.18,12.4,51240.14,63190.427
