ts_code,trade_date,open,high,low,close,vol,amount
600560.SH,20260416,14.56,14.77,14.33,14.68,25277.0,36781.372
600560.SH,20260415,14.79,14.83,14.5,14.56,21317.0,31238.636
600560.SH,20260414,14.79,14.84,14.55,14.73,18180.0,26635.36
600560.SH,20260413,14.67,14.8,14.49,14.69,19987.0,29234.913
600560.SH,20260410,14.71,14.87,14.61,14.7,17595.0,25983.757
600560.SH,20260409,14.93,14.93,14.46,14.59,30870.0,45287.226
600560.SH,20260408,14.71,15.0,14.54,15.0,28278.0,41820.402
600560.SH,20260407,13.97,14.58,13.97,14.29,37483.5,53772.817
600560.SH,20260403,14.28,14.39,13.92,14.01,19862.0,27954.738
600560.SH,20260402,14.54,14.56,14.15,14.29,24109.6,34561.196
600560.SH,20260401,14.57,14.76,14.42,14.58,19948.0,29058.846
600560.SH,20260331,14.55,14.74,14.37,14.38,20692.0,30156.39
600560.SH,20260330,14.2,14.54,14.1,14.54,30697.0,44096.358
600560.SH,20260327,14.19,14.48,14.14,14.43,21409.0,30748.788
600560.SH,20260326,14.59,14.72,14.23,14.35,18320.0,26402.371
600560.SH,20260325,14.37,14.65,14.37,14.58,23297.22,33941.396
600560.SH,20260324,14.09,14.39,13.94,14.35,34141.0,48450.807
600560.SH,20260323,14.61,14.87,13.78,13.88,45941.13,65470.374
600560.SH,20260320,15.38,15.55,14.9,14.91,20806.0,31470.5
600560.SH,20260319,15.73,15.73,15.29,15.34,20487.0,31703.4
600560.SH,20260318,15.61,15.82,15.51,15.77,20149.98,31586.288
600560.SH,20260317,15.94,15.98,15.58,15.59,15977.0,25177.869
600560.SH,20260316,16.09,16.09,15.73,15.93,18760.0,29750.405
600560.SH,20260313,15.91,16.17,15.83,16.0,19093.25,30559.947
600560.SH,20260312,16.3,16.35,15.95,16.02,25783.0,41575.875
600560.SH,20260311,16.55,16.72,16.28,16.3,26656.0,43911.715
600560.SH,20260310,16.3,16.62,16.3,16.58,28910.75,47672.482
600560.SH,20260309,16.14,16.39,16.05,16.23,27680.68,44882.733
600560.SH,20260306,16.0,16.42,15.99,16.35,16810.0,27398.463
600560.SH,20260305,15.93,16.23,15.93,16.09,29051.0,46840.789
600560.SH,20260304,15.56,15.83,15.5,15.68,30163.03,47253.723
600560.SH,20260303,16.3,16.44,15.67,15.71,43719.99,70099.333
600560.SH,20260302,16.55,16.85,16.24,16.28,50076.0,82575.105
600560.SH,20260227,17.14,17.14,16.68,16.87,39991.0,67178.483
600560.SH,20260226,17.03,17.16,17.0,17.15,26820.0,45867.98
600560.SH,20260225,17.11,17.18,16.95,16.99,28330.0,48353.876
600560.SH,20260224,17.0,17.25,16.88,17.16,27440.44,46967.591
600560.SH,20260213,16.76,16.91,16.7,16.84,20715.48,34858.355
600560.SH,20260212,16.9,17.05,16.71,16.75,24398.2,41182.044
600560.SH,20260211,17.0,17.08,16.84,17.03,18794.46,31895.052
600560.SH,20260210,16.98,17.14,16.95,16.96,22242.2,37915.938
600560.SH,20260209,16.81,17.03,16.78,16.97,22063.2,37385.632
600560.SH,20260206,16.5,17.08,16.4,16.7,27078.0,45427.7
600560.SH,20260205,16.85,16.85,16.56,16.65,24660.0,41138.79
600560.SH,20260204,16.95,17.08,16.73,16.83,27141.03,45768.212
600560.SH,20260203,16.66,16.96,16.61,16.95,26732.0,45048.533
600560.SH,20260202,16.69,17.13,16.56,16.62,37417.0,63016.969
600560.SH,20260130,16.41,16.74,16.31,16.71,33081.0,54802.539
600560.SH,20260129,16.82,16.99,16.49,16.56,40541.0,67768.232
600560.SH,20260128,17.24,17.28,16.84,16.9,32187.01,54653.497
600560.SH,20260127,17.21,17.4,16.7,17.23,40691.0,69417.98
600560.SH,20260126,17.6,17.64,17.2,17.3,40579.0,70577.074
600560.SH,20260123,17.9,17.97,17.45,17.66,46434.96,81634.326
600560.SH,20260122,17.61,17.79,17.55,17.77,36352.0,64281.649
600560.SH,20260121,17.4,17.7,17.39,17.66,38274.0,67396.71
600560.SH,20260120,17.4,17.74,17.35,17.48,36141.0,63234.405
600560.SH,20260119,17.4,17.75,17.35,17.42,37024.0,64863.338
600560.SH,20260116,17.3,17.48,17.21,17.39,41720.0,72369.434
600560.SH,20260115,17.16,17.45,17.11,17.23,43383.85,74861.158
600560.SH,20260114,17.28,18.12,17.11,17.35,87359.67,153022.134
600560.SH,20260113,17.14,17.19,16.86,16.93,37385.0,63645.908
600560.SH,20260112,17.09,17.18,16.89,17.13,37237.46,63520.076
600560.SH,20260109,16.95,17.16,16.81,17.05,35414.0,60113.155
600560.SH,20260108,16.66,17.1,16.58,16.95,39858.0,67400.496
600560.SH,20260107,16.49,16.75,16.37,16.57,28903.0,47901.555
600560.SH,20260106,16.44,16.76,16.36,16.51,32135.55,53125.159
600560.SH,20260105,16.36,16.47,16.27,16.42,23321.0,38193.438
600560.SH,20251231,16.18,16.4,16.12,16.34,20821.99,33893.46
600560.SH,20251230,16.01,16.44,15.99,16.18,32251.19,52387.667
600560.SH,20251229,16.12,16.15,15.93,16.04,23091.01,37050.602
600560.SH,20251226,16.15,16.16,15.93,16.01,20143.0,32309.254
600560.SH,20251225,15.9,16.19,15.8,16.16,24916.0,40003.918
600560.SH,20251224,15.64,15.88,15.56,15.88,14345.01,22677.795
600560.SH,20251223,15.93,16.01,15.6,15.65,18748.0,29540.31
600560.SH,20251222,15.9,16.03,15.87,15.93,18077.0,28814.518
600560.SH,20251219,15.77,15.95,15.77,15.87,14287.0,22705.529
600560.SH,20251218,15.46,15.87,15.4,15.7,21840.0,34343.085
600560.SH,20251217,15.47,15.69,15.12,15.55,27450.0,42158.176
600560.SH,20251216,15.88,16.03,15.5,15.54,21931.0,34299.722
600560.SH,20251215,16.0,16.13,15.86,15.92,16733.0,26740.317
600560.SH,20251212,16.04,16.23,15.91,15.99,21040.0,33861.661
600560.SH,20251211,16.23,16.41,16.02,16.04,19917.0,32213.575
600560.SH,20251210,16.31,16.45,16.2,16.32,18058.0,29444.971
600560.SH,20251209,16.7,16.75,16.41,16.41,20002.0,33135.49
600560.SH,20251208,16.83,17.01,16.68,16.72,19127.0,32064.647
600560.SH,20251205,16.53,16.85,16.37,16.83,20819.0,34629.499
600560.SH,20251204,16.66,16.9,16.35,16.52,23108.0,38325.513
600560.SH,20251203,16.77,16.77,16.47,16.6,17994.0,29852.745
600560.SH,20251202,17.17,17.17,16.45,16.7,18539.0,31138.079
600560.SH,20251201,16.8,17.47,16.77,16.98,26859.0,45907.522
600560.SH,20251128,16.55,16.85,16.34,16.81,24640.0,40930.902
600560.SH,20251127,16.5,16.64,16.42,16.48,28145.0,46589.836
600560.SH,20251126,16.91,17.0,16.5,16.53,20405.0,34105.18
600560.SH,20251125,17.21,17.22,16.87,16.89,19889.0,33882.226
600560.SH,20251124,16.48,17.0,16.48,16.9,26693.0,44807.802
600560.SH,20251121,17.25,17.38,16.37,16.49,42091.0,70470.917
600560.SH,20251120,17.59,17.7,17.3,17.43,22256.0,38829.942
600560.SH,20251119,17.95,17.95,17.4,17.5,36900.0,64917.962
600560.SH,20251118,17.85,18.0,17.7,17.95,22402.0,39979.35
600560.SH,20251117,17.95,18.04,17.79,17.98,21429.05,38398.444
600560.SH,20251114,17.84,18.44,17.7,17.9,27397.0,49434.91
600560.SH,20251113,17.79,18.15,17.68,17.9,32677.0,58654.168
600560.SH,20251112,17.87,17.9,17.55,17.79,28590.0,50622.611
600560.SH,20251111,18.06,18.15,17.8,17.87,28581.5,51224.26
600560.SH,20251110,18.25,18.41,17.92,18.0,35997.0,65059.314
600560.SH,20251107,18.33,18.44,18.17,18.25,32798.0,59998.145
600560.SH,20251106,18.22,18.61,18.22,18.36,43864.05,80781.092
600560.SH,20251105,17.8,18.34,17.77,18.22,52038.0,94405.256
600560.SH,20251104,18.35,18.35,17.9,18.02,58152.05,105064.356
600560.SH,20251103,18.16,18.55,18.08,18.33,64525.0,118154.416
600560.SH,20251031,18.15,18.35,18.01,18.25,58515.08,106630.384
600560.SH,20251030,18.08,18.28,18.0,18.01,68334.0,123694.014
600560.SH,20251029,17.7,18.3,17.6,18.23,121278.3,219129.081
600560.SH,20251028,17.47,18.5,17.2,17.96,127635.84,226931.924
600560.SH,20251027,16.96,18.62,16.92,17.54,115866.04,205110.286
600560.SH,20251024,16.95,17.08,16.86,16.93,25450.0,43138.203
600560.SH,20251023,16.62,16.98,16.62,16.95,27205.0,45620.75
600560.SH,20251022,16.64,17.34,16.4,16.93,50181.01,85079.334
600560.SH,20251021,16.1,16.63,16.03,16.59,28511.0,46787.524
600560.SH,20251020,15.93,16.15,15.8,16.1,22733.51,36409.435
600560.SH,20251017,16.23,16.3,15.68,15.71,32715.0,52216.55
600560.SH,20251016,16.5,16.5,16.2,16.23,20336.0,33216.732
600560.SH,20251015,16.58,16.58,16.28,16.5,23111.0,37951.529
600560.SH,20251014,16.81,16.82,16.33,16.39,25411.0,42050.56
600560.SH,20251013,16.34,16.75,15.85,16.66,38273.0,62911.739
600560.SH,20251010,16.68,17.13,16.58,16.79,31074.0,52256.193
600560.SH,20251009,16.47,16.82,16.42,16.64,34171.0,56830.897
600560.SH,20250930,16.66,16.76,16.4,16.42,22595.0,37377.39
600560.SH,20250929,16.42,16.95,16.11,16.66,33924.0,56365.198
600560.SH,20250926,16.59,16.65,16.28,16.35,26290.0,43193.947
600560.SH,20250925,16.65,16.85,16.52,16.72,33635.0,56076.407
600560.SH,20250924,16.55,16.73,16.32,16.72,24035.56,39967.043
600560.SH,20250923,16.86,16.89,16.08,16.52,37208.0,60888.226
600560.SH,20250922,16.73,16.92,16.61,16.84,20809.0,34878.723
600560.SH,20250919,17.0,17.13,16.6,16.73,35450.25,59529.91
600560.SH,20250918,17.45,17.65,16.88,17.03,54688.0,94743.493
600560.SH,20250917,17.25,17.8,17.24,17.56,53110.84,93118.298
600560.SH,20250916,17.06,17.62,17.03,17.36,38109.0,66115.972
600560.SH,20250915,17.12,17.25,17.01,17.06,24984.0,42652.859
600560.SH,20250912,17.38,17.39,17.11,17.13,27963.0,48165.459
600560.SH,20250911,16.85,17.43,16.71,17.37,40158.0,68705.883
600560.SH,20250910,17.05,17.17,16.88,16.92,31853.0,54125.081
600560.SH,20250909,17.43,17.45,16.96,17.09,29600.0,50843.764
600560.SH,20250908,17.11,17.47,17.06,17.43,46130.25,79738.7
600560.SH,20250905,16.46,17.11,16.41,17.09,40464.01,68121.205
600560.SH,20250904,16.6,16.78,16.22,16.43,38658.01,63973.603
600560.SH,20250903,17.07,17.28,16.51,16.55,40284.0,67912.669
600560.SH,20250902,17.1,17.29,16.51,17.12,54684.0,92370.103
600560.SH,20250901,17.2,17.28,16.98,17.09,33929.0,58179.243
600560.SH,20250829,17.47,17.5,17.09,17.12,39543.0,68000.871
600560.SH,20250828,17.3,17.59,16.79,17.47,61189.0,105633.482
600560.SH,20250827,17.95,18.19,17.41,17.41,72895.83,129867.347
600560.SH,20250826,18.0,18.33,17.66,17.73,89744.96,161295.693
600560.SH,20250825,17.43,17.76,17.43,17.54,45617.0,80222.094
600560.SH,20250822,17.46,17.57,17.25,17.43,33912.0,58866.443
600560.SH,20250821,17.9,17.9,17.41,17.47,31678.03,55595.641
600560.SH,20250820,17.58,17.78,17.51,17.71,34679.0,61239.234
600560.SH,20250819,17.59,17.68,17.4,17.64,33584.0,58968.527
600560.SH,20250818,17.61,17.67,17.49,17.54,46543.0,81794.548
600560.SH,20250815,17.36,17.65,17.35,17.58,33862.0,59373.132
600560.SH,20250814,17.59,17.69,17.2,17.35,42218.99,73593.429
600560.SH,20250813,17.64,17.77,17.56,17.59,35402.0,62432.606
600560.SH,20250812,17.88,17.89,17.55,17.62,33996.0,60002.436
600560.SH,20250811,17.81,18.0,17.74,17.81,36417.09,64997.389
600560.SH,20250808,17.74,18.05,17.62,17.89,54112.0,96591.649
600560.SH,20250807,17.62,17.79,17.51,17.74,45200.99,79754.982
600560.SH,20250806,17.65,17.83,17.53,17.64,48555.0,85796.478
600560.SH,20250805,17.39,17.8,17.28,17.64,56843.0,100107.462
600560.SH,20250804,16.72,17.48,16.62,17.4,76887.5,132716.895
600560.SH,20250801,16.52,16.8,16.47,16.75,34535.0,57662.439
600560.SH,20250731,16.66,16.81,16.41,16.49,30625.0,50852.838
600560.SH,20250730,16.97,16.97,16.56,16.7,31386.0,52433.981
600560.SH,20250729,17.0,17.04,16.74,16.9,33538.5,56443.633
600560.SH,20250728,17.08,17.19,16.98,17.0,27068.0,46153.654
600560.SH,20250725,16.95,17.05,16.89,17.03,24410.0,41434.441
600560.SH,20250724,16.93,17.07,16.9,16.98,29532.0,50099.932
600560.SH,20250723,17.19,17.19,16.9,16.93,39759.0,67645.146
600560.SH,20250722,17.35,17.35,17.07,17.19,34707.0,59610.648
600560.SH,20250721,17.09,17.46,17.08,17.26,45626.0,78821.858
600560.SH,20250718,17.01,17.06,16.87,17.01,37229.0,63099.198
600560.SH,20250717,16.71,17.55,16.6,17.06,86038.05,147326.558
600560.SH,20250716,16.51,16.75,16.48,16.69,27658.25,46036.077
600560.SH,20250715,16.55,16.73,16.39,16.53,31486.0,52049.386
600560.SH,20250714,16.56,16.83,16.4,16.62,39290.5,65473.543
600560.SH,20250711,16.5,16.53,16.28,16.52,28072.0,46138.601
600560.SH,20250710,16.36,16.5,16.26,16.46,28144.0,46097.469
600560.SH,20250709,16.49,16.55,16.33,16.37,28087.0,46203.07
600560.SH,20250708,16.28,16.45,16.22,16.45,28839.5,47221.194
600560.SH,20250707,16.24,16.29,16.15,16.28,22691.5,36837.906
600560.SH,20250704,16.5,16.5,16.14,16.17,37643.0,61223.245
600560.SH,20250703,16.36,16.57,16.3,16.43,46008.0,75649.951
600560.SH,20250702,16.34,16.46,16.16,16.26,47868.0,78059.21
600560.SH,20250701,16.18,16.33,16.1,16.25,41614.0,67573.807
600560.SH,20250630,16.1,16.29,16.07,16.18,36116.0,58460.072
600560.SH,20250627,16.01,16.11,16.0,16.06,28617.0,45972.685
600560.SH,20250626,16.14,16.21,15.95,16.0,39682.0,63885.701
600560.SH,20250625,16.02,16.11,15.94,16.08,37443.0,60091.458
600560.SH,20250624,15.6,16.08,15.57,16.02,44637.0,71057.632
600560.SH,20250623,15.07,15.56,15.03,15.53,25017.0,38521.883
600560.SH,20250620,15.5,15.63,15.17,15.2,33385.0,51147.319
600560.SH,20250619,16.2,16.2,15.6,15.6,42713.0,67512.72
600560.SH,20250618,15.86,16.25,15.74,16.03,41881.0,67027.673
600560.SH,20250617,15.94,16.18,15.76,15.84,34488.0,54903.552
600560.SH,20250616,15.69,15.94,15.6,15.85,22613.0,35791.571
600560.SH,20250613,15.87,15.93,15.64,15.71,32186.0,50738.254
600560.SH,20250612,15.94,16.05,15.75,15.94,28603.0,45471.554
600560.SH,20250611,15.71,16.1,15.62,15.94,48269.0,76712.438
600560.SH,20250610,15.96,16.03,15.49,15.65,46235.0,72593.039
600560.SH,20250609,15.69,16.2,15.67,15.96,68083.0,108580.238
600560.SH,20250606,15.56,15.66,15.42,15.59,24122.0,37509.835
600560.SH,20250605,15.44,15.63,15.2,15.5,36577.05,56489.621
600560.SH,20250604,15.38,15.5,15.31,15.4,21824.0,33644.36
600560.SH,20250603,15.33,15.5,15.26,15.37,31335.0,48126.954
600560.SH,20250530,15.81,15.86,15.41,15.47,52214.0,81231.826
600560.SH,20250529,15.6,15.9,15.55,15.9,38178.0,60432.38
600560.SH,20250528,15.75,15.86,15.55,15.67,36320.0,57054.955
600560.SH,20250527,15.7,15.79,15.55,15.74,31609.0,49593.149
600560.SH,20250526,15.5,15.8,15.3,15.75,38279.0,59845.916
600560.SH,20250523,15.95,16.16,15.46,15.48,70527.0,111476.922
600560.SH,20250522,16.15,16.55,15.85,16.06,85021.0,137503.867
600560.SH,20250521,15.8,16.57,15.65,16.35,123067.0,199431.955
600560.SH,20250520,15.7,15.85,15.61,15.84,36764.0,58010.097
600560.SH,20250519,15.95,15.97,15.5,15.78,44870.0,70271.525
600560.SH,20250516,15.35,16.34,15.26,15.74,81141.0,128366.581
600560.SH,20250515,15.52,15.56,15.24,15.33,25139.0,38569.293
600560.SH,20250514,15.63,15.73,15.46,15.54,27653.99,43032.95
600560.SH,20250513,15.89,15.91,15.58,15.63,33727.0,53032.397
600560.SH,20250512,15.7,15.8,15.58,15.75,35596.48,55980.408
600560.SH,20250509,15.76,15.83,15.43,15.55,42557.0,66271.354
600560.SH,20250508,15.43,15.88,15.33,15.79,52402.0,82511.885
600560.SH,20250507,15.49,15.63,15.27,15.47,47970.0,74292.742
600560.SH,20250506,14.95,15.33,14.95,15.32,35519.37,54029.194
600560.SH,20250430,14.75,15.05,14.6,14.92,28425.0,42413.81
600560.SH,20250429,14.47,14.81,14.4,14.68,28621.02,42056.895
600560.SH,20250428,14.81,14.89,14.47,14.48,31509.0,45947.035
600560.SH,20250425,14.89,15.0,14.58,14.81,41496.0,61328.129
600560.SH,20250424,15.46,15.46,14.93,15.01,44262.0,67011.101
600560.SH,20250423,14.97,15.35,14.97,15.3,48100.89,73237.377
600560.SH,20250422,15.0,15.07,14.87,14.98,29566.0,44244.123
600560.SH,20250421,14.86,15.06,14.58,15.05,35349.0,52729.028
600560.SH,20250418,14.69,14.83,14.52,14.74,30023.0,44125.274
600560.SH,20250417,14.43,14.84,14.43,14.68,31282.0,46122.587
600560.SH,20250416,14.89,14.89,14.28,14.57,38933.0,56825.299
600560.SH,20250415,14.8,14.96,14.71,14.95,37777.0,56131.321
600560.SH,20250414,14.83,15.0,14.72,14.79,48605.0,72328.766
600560.SH,20250411,14.32,14.77,14.32,14.66,44184.0,64663.848
600560.SH,20250410,14.5,14.88,14.5,14.56,74553.0,109435.646
600560.SH,20250409,13.41,14.53,12.61,14.33,92592.71,126807.319
600560.SH,20250408,14.27,14.63,13.39,13.73,93830.01,129804.494
600560.SH,20250407,15.11,15.29,14.47,14.47,53076.0,77524.711
600560.SH,20250403,15.96,16.38,15.93,16.08,41937.0,67698.626
600560.SH,20250402,16.16,16.33,15.97,16.17,38637.0,62599.3
600560.SH,20250401,15.84,16.17,15.84,16.05,45083.0,72360.081
600560.SH,20250331,15.95,15.97,15.55,15.83,60999.49,95980.43
600560.SH,20250328,16.38,16.55,16.08,16.08,58407.0,94986.678
600560.SH,20250327,16.76,16.78,16.32,16.38,58207.0,95965.866
600560.SH,20250326,16.46,16.92,16.45,16.8,66526.0,111516.125
600560.SH,20250325,16.68,16.76,16.35,16.44,72997.0,120608.134
600560.SH,20250324,17.96,17.96,16.31,16.86,159435.96,270324.28
600560.SH,20250321,17.96,18.39,17.72,18.12,124312.53,224026.478
600560.SH,20250320,18.44,18.52,18.02,18.07,149599.45,273143.148
600560.SH,20250319,17.95,18.64,17.82,18.62,208036.59,380643.015
600560.SH,20250318,17.89,18.13,17.72,18.08,143044.27,256953.155
600560.SH,20250317,17.62,17.97,17.55,17.85,144732.95,257389.572
600560.SH,20250314,17.58,18.03,17.42,17.88,211597.14,374969.105
600560.SH,20250313,19.4,19.68,18.05,18.05,347580.36,642562.969
600560.SH,20250312,20.79,22.48,19.66,20.06,550070.08,1117748.019
600560.SH,20250311,20.7,20.79,20.69,20.79,112308.36,233219.404
600560.SH,20250310,17.08,18.9,16.87,18.9,136347.35,249562.765
600560.SH,20250307,17.1,17.37,16.91,17.18,72116.0,123618.986
600560.SH,20250306,17.3,17.45,17.02,17.22,89741.99,154438.759
600560.SH,20250305,16.35,17.61,16.31,17.21,112014.01,190752.475
600560.SH,20250304,15.9,16.51,15.81,16.47,50244.01,82270.641
600560.SH,20250303,16.13,16.35,15.81,16.05,46780.0,75279.334
600560.SH,20250228,16.94,16.96,15.96,16.05,69912.34,114115.279
600560.SH,20250227,17.28,17.38,16.76,16.9,75179.75,128129.562
600560.SH,20250226,17.3,17.6,17.18,17.33,89021.75,154550.33
600560.SH,20250225,16.7,17.31,16.68,16.98,88786.0,151930.421
600560.SH,20250224,17.41,17.5,16.78,17.01,124175.0,210907.319
600560.SH,20250221,17.78,18.39,17.4,17.44,186474.01,330589.084
600560.SH,20250220,16.99,17.38,16.74,17.21,136394.0,231904.477
600560.SH,20250219,16.0,17.69,15.98,17.1,171691.4,292245.206
600560.SH,20250218,16.56,16.59,16.06,16.08,70717.39,115295.025
600560.SH,20250217,16.16,16.74,16.15,16.61,95167.0,156761.582
600560.SH,20250214,16.12,16.68,15.85,16.26,98075.39,159635.523
600560.SH,20250213,16.08,16.34,15.91,15.95,64594.0,104211.396
600560.SH,20250212,16.14,16.22,16.01,16.19,54182.0,87379.76
600560.SH,20250211,16.1,16.26,16.0,16.19,68202.0,110223.158
600560.SH,20250210,16.1,16.13,15.9,16.13,61978.89,99451.112
600560.SH,20250207,16.08,16.19,15.81,16.05,88245.0,141436.961
600560.SH,20250206,15.5,16.11,15.4,16.05,77522.01,123660.236
600560.SH,20250205,15.58,15.68,15.27,15.51,61503.0,95434.46
600560.SH,20250127,16.0,16.02,15.41,15.47,56708.0,88667.934
600560.SH,20250124,15.5,16.2,15.4,15.82,78074.0,122846.077
600560.SH,20250123,15.88,16.01,15.51,15.53,79029.0,124649.622
600560.SH,20250122,16.0,16.53,15.64,15.71,97451.0,154295.097
600560.SH,20250121,15.8,16.79,15.77,16.15,162101.61,263712.19
600560.SH,20250120,15.5,16.85,15.16,16.08,198740.1,318158.882
600560.SH,20250117,14.9,15.9,14.85,15.32,125369.88,193431.72
600560.SH,20250116,14.9,15.59,14.73,15.0,63714.01,96224.226
600560.SH,20250115,14.8,15.08,14.61,14.95,54945.01,81400.776
600560.SH,20250114,13.92,14.76,13.92,14.76,56561.0,81798.367
600560.SH,20250113,13.79,14.1,13.5,13.92,35606.0,49202.794
600560.SH,20250110,14.35,14.64,13.95,13.99,63585.95,90985.176
600560.SH,20250109,13.73,14.4,13.73,14.29,55927.0,79579.082
600560.SH,20250108,13.99,14.05,13.5,13.9,46300.0,63854.063
600560.SH,20250107,13.67,14.06,13.64,14.06,48313.0,67044.508
600560.SH,20250106,13.6,13.85,13.21,13.68,42356.11,57683.936
600560.SH,20250103,14.5,14.6,13.58,13.66,70328.0,97790.781
600560.SH,20250102,14.6,14.98,14.28,14.45,64276.0,93846.445
600560.SH,20241231,15.33,15.36,14.6,14.64,63115.0,93910.115
600560.SH,20241230,15.39,15.43,14.98,15.28,51067.12,77825.04
600560.SH,20241227,15.48,15.73,15.37,15.53,61684.0,96047.454
600560.SH,20241226,14.99,15.5,14.99,15.4,67794.0,104102.049
600560.SH,20241225,15.65,15.65,14.89,15.03,89927.0,136036.953
600560.SH,20241224,15.71,15.93,15.34,15.65,99117.0,155038.574
600560.SH,20241223,16.66,16.76,15.44,15.5,169432.0,269870.38
600560.SH,20241220,17.0,17.11,16.55,16.85,180141.61,302107.6
600560.SH,20241219,17.89,18.12,17.01,17.27,216753.43,377343.607
600560.SH,20241218,19.33,19.5,18.28,18.77,260717.2,487796.097
600560.SH,20241217,19.5,19.86,17.82,18.21,314169.93,587338.289
600560.SH,20241216,17.06,18.91,17.03,18.91,137807.88,258214.589
600560.SH,20241213,17.77,18.1,17.12,17.19,254466.91,444081.649
600560.SH,20241212,17.6,19.45,17.1,18.29,371399.79,690376.132
600560.SH,20241211,18.41,18.41,17.19,17.68,326574.55,578063.386
600560.SH,20241210,17.09,18.41,16.6,18.41,326623.95,586174.719
600560.SH,20241209,16.59,17.4,16.4,16.74,146390.05,244762.707
600560.SH,20241206,16.13,16.87,15.73,16.49,141347.04,230673.088
600560.SH,20241205,15.73,16.25,15.57,16.04,84947.31,135857.237
600560.SH,20241204,15.76,16.39,15.57,15.86,114622.2,183448.636
600560.SH,20241203,15.67,15.91,15.6,15.79,63902.35,100648.892
600560.SH,20241202,15.62,15.84,15.54,15.66,63598.0,99768.154
600560.SH,20241129,15.29,15.58,15.04,15.49,78351.0,120085.599
600560.SH,20241128,15.01,15.33,14.94,15.01,41133.0,62238.386
600560.SH,20241127,14.86,15.03,14.46,15.02,48355.8,71073.44
600560.SH,20241126,15.25,15.56,14.97,15.0,43785.5,66822.617
600560.SH,20241125,14.95,15.26,14.75,15.25,49901.8,75184.446
600560.SH,20241122,15.18,15.94,14.87,14.9,72638.0,111424.183
600560.SH,20241121,15.16,15.32,15.0,15.17,33082.0,50142.633
600560.SH,20241120,14.83,15.27,14.68,15.16,41001.0,61892.244
600560.SH,20241119,14.22,14.89,14.22,14.89,35425.97,51667.192
600560.SH,20241118,14.84,15.0,14.21,14.28,59896.5,86546.801
600560.SH,20241115,15.15,15.35,14.69,14.73,54821.0,82479.836
600560.SH,20241114,15.55,15.75,15.15,15.21,57184.0,88054.992
600560.SH,20241113,15.55,15.73,15.26,15.71,51551.0,80109.153
600560.SH,20241112,16.01,16.06,15.42,15.6,77807.5,122420.398
600560.SH,20241111,15.7,16.1,15.66,16.06,77124.79,122841.973
600560.SH,20241108,15.8,15.96,15.65,15.78,83692.7,132410.975
600560.SH,20241107,15.35,15.8,15.34,15.64,73023.2,113688.643
600560.SH,20241106,15.53,16.15,15.46,15.75,96063.48,151572.149
600560.SH,20241105,15.37,15.63,15.31,15.6,84010.49,130171.091
600560.SH,20241104,15.0,15.51,14.93,15.43,65856.88,101083.641
600560.SH,20241101,15.42,15.52,14.78,14.9,92580.07,139753.784
600560.SH,20241031,15.66,15.89,15.33,15.54,92553.0,144603.405
600560.SH,20241030,14.96,15.6,14.94,15.52,87930.48,134434.21
600560.SH,20241029,15.5,15.92,15.09,15.19,103576.0,160578.684
600560.SH,20241028,14.95,15.42,14.84,15.42,82436.51,125555.884
600560.SH,20241025,14.9,14.96,14.7,14.92,69375.0,103124.527
600560.SH,20241024,14.6,14.87,14.41,14.85,81003.04,119173.816
600560.SH,20241023,14.36,14.82,14.32,14.58,69525.2,101432.257
600560.SH,20241022,14.65,14.65,14.35,14.47,62770.01,90792.714
600560.SH,20241021,14.4,14.67,14.25,14.63,84934.49,123068.183
600560.SH,20241018,14.04,14.55,13.81,14.22,77324.19,109800.482
600560.SH,20241017,14.18,14.28,13.93,13.93,57887.0,81516.279
600560.SH,20241016,13.66,14.18,13.61,13.97,60146.0,83973.669
600560.SH,20241015,14.34,14.49,13.95,13.95,87171.53,123681.859
600560.SH,20241014,14.0,14.53,13.88,14.51,111347.21,158312.421
600560.SH,20241011,15.05,15.37,14.49,14.49,171272.53,252419.498
600560.SH,20241010,16.77,17.39,15.67,16.1,335489.09,551107.311
600560.SH,20241009,15.0,16.48,14.11,16.48,274332.73,435025.631
600560.SH,20241008,15.83,15.83,14.04,14.98,128144.74,190687.02
600560.SH,20240930,14.06,14.47,13.47,14.39,100379.0,140988.147
600560.SH,20240927,12.92,13.33,12.87,13.31,39669.03,52052.405
600560.SH,20240926,12.52,12.79,12.5,12.79,44268.0,55934.375
600560.SH,20240925,12.58,12.8,12.52,12.55,53272.0,67308.681
600560.SH,20240924,12.29,12.53,12.11,12.51,43234.0,53440.402
600560.SH,20240923,12.33,12.35,12.1,12.15,37264.0,45436.078
600560.SH,20240920,12.32,12.47,12.16,12.33,40109.0,49238.453
600560.SH,20240919,12.1,12.39,11.98,12.32,56586.18,69200.977
600560.SH,20240918,11.85,12.31,11.82,12.11,54680.0,65986.043
600560.SH,20240913,11.84,12.13,11.64,11.88,47644.0,56904.401
600560.SH,20240912,11.51,12.32,11.5,11.8,59511.0,71049.41
600560.SH,20240911,11.5,11.64,11.46,11.54,13662.0,15782.389
600560.SH,20240910,11.59,11.64,11.27,11.62,23639.0,27065.337
600560.SH,20240909,11.29,11.54,11.21,11.49,20396.75,23246.446
600560.SH,20240906,11.65,11.68,11.37,11.38,19952.0,22946.173
600560.SH,20240905,11.53,11.67,11.5,11.63,11098.01,12883.835
600560.SH,20240904,11.51,11.65,11.5,11.53,12491.0,14449.275
600560.SH,20240903,11.55,11.74,11.47,11.65,17124.0,19868.255
600560.SH,20240902,11.72,11.85,11.5,11.52,20737.0,24215.779
600560.SH,20240830,11.49,11.85,11.4,11.72,24992.65,29271.646
600560.SH,20240829,11.16,11.52,11.05,11.5,22485.0,25625.207
600560.SH,20240828,10.91,11.28,10.88,11.17,20213.0,22499.193
600560.SH,20240827,11.22,11.25,10.9,10.93,19864.0,21909.875
600560.SH,20240826,11.2,11.38,11.16,11.25,17178.0,19363.824
600560.SH,20240823,11.33,11.38,11.1,11.24,18316.0,20576.645
600560.SH,20240822,11.58,11.64,11.3,11.33,16821.0,19222.649
600560.SH,20240821,11.59,11.78,11.49,11.53,19651.0,22815.705
600560.SH,20240820,11.97,12.07,11.55,11.65,26599.0,31252.438
600560.SH,20240819,12.01,12.24,11.97,11.98,16227.0,19599.263
600560.SH,20240816,12.35,12.36,12.05,12.07,15085.0,18331.424
600560.SH,20240815,12.09,12.29,12.0,12.23,16579.0,20171.112
600560.SH,20240814,12.15,12.28,12.1,12.12,13167.0,16043.268
600560.SH,20240813,11.95,12.16,11.95,12.16,13607.0,16424.516
600560.SH,20240812,12.19,12.2,11.95,12.04,17183.0,20745.779
600560.SH,20240809,12.48,12.59,12.18,12.19,15749.0,19381.783
600560.SH,20240808,12.45,12.57,12.2,12.4,23184.5,28678.708
600560.SH,20240807,12.55,12.87,12.48,12.59,35903.5,45486.227
600560.SH,20240806,12.45,12.6,12.26,12.42,25384.03,31460.543
600560.SH,20240805,12.63,12.82,12.22,12.3,25270.0,31648.144
600560.SH,20240802,12.75,12.92,12.61,12.64,19054.0,24284.861
600560.SH,20240801,12.82,13.0,12.75,12.8,28569.0,36746.173
600560.SH,20240731,12.21,12.85,12.19,12.76,36126.62,45694.03
600560.SH,20240730,12.28,12.35,12.08,12.26,17451.0,21290.933
600560.SH,20240729,12.4,12.56,12.26,12.3,23750.0,29436.6
600560.SH,20240726,11.96,12.37,11.89,12.35,29010.0,35404.787
600560.SH,20240725,11.84,12.06,11.65,11.87,17316.0,20559.872
600560.SH,20240724,11.98,12.12,11.8,11.85,19056.0,22698.542
600560.SH,20240723,12.38,12.41,12.01,12.04,13950.0,17026.298
600560.SH,20240722,12.28,12.44,12.26,12.38,14826.0,18333.875
600560.SH,20240719,12.05,12.43,12.0,12.32,19678.0,24203.566
600560.SH,20240718,11.95,12.22,11.84,12.18,24702.0,29729.193
600560.SH,20240717,12.83,12.89,12.2,12.22,35269.5,43839.621
600560.SH,20240716,12.11,12.23,11.91,12.23,18696.0,22605.697
600560.SH,20240715,12.42,12.42,12.05,12.11,26986.0,32846.137
600560.SH,20240712,12.8,12.89,12.45,12.47,25132.0,31615.841
600560.SH,20240711,12.55,12.9,12.53,12.85,24159.0,30805.925
600560.SH,20240710,12.79,12.79,12.38,12.38,18685.0,23481.536
600560.SH,20240709,12.43,12.7,12.23,12.69,24837.0,31056.749
600560.SH,20240708,12.92,13.0,12.35,12.45,29896.0,37609.158
600560.SH,20240705,12.9,13.06,12.76,12.98,23302.0,30073.936
600560.SH,20240704,13.03,13.36,12.93,12.96,20768.0,27165.575
600560.SH,20240703,13.31,13.38,12.98,13.03,19607.0,25641.069
600560.SH,20240702,13.59,13.74,13.2,13.31,27738.0,37243.768
600560.SH,20240701,13.4,13.7,13.4,13.6,21155.0,28662.014
600560.SH,20240628,13.31,13.61,13.22,13.4,22702.0,30607.615
600560.SH,20240627,13.21,13.76,13.21,13.33,31701.0,43016.424
600560.SH,20240626,13.02,13.49,12.91,13.49,26113.5,34570.535
600560.SH,20240625,12.89,13.14,12.83,12.97,16685.0,21728.766
600560.SH,20240624,13.24,13.29,12.88,12.9,24634.0,32078.264
600560.SH,20240621,13.33,13.4,13.22,13.33,14811.0,19715.003
600560.SH,20240620,13.75,13.82,13.35,13.35,21860.0,29610.768
600560.SH,20240619,13.99,14.02,13.75,13.77,20634.0,28649.902
600560.SH,20240618,13.7,13.99,13.65,13.95,21116.0,29283.161
600560.SH,20240617,13.75,14.01,13.7,13.75,18053.0,24972.122
600560.SH,20240614,13.68,13.88,13.54,13.84,17557.0,24136.221
600560.SH,20240613,13.75,13.82,13.64,13.73,19131.0,26262.1
600560.SH,20240612,13.65,13.85,13.55,13.74,21774.31,29954.576
600560.SH,20240611,13.32,13.7,13.17,13.65,25085.31,33853.591
600560.SH,20240607,13.2,13.48,13.2,13.43,25389.0,33975.754
600560.SH,20240606,13.59,13.66,13.03,13.13,41334.0,54743.752
600560.SH,20240605,13.87,13.88,13.55,13.59,19551.0,26818.576
600560.SH,20240604,13.95,14.01,13.61,13.87,28153.0,38686.648
600560.SH,20240603,14.48,14.48,13.8,13.99,38631.0,54489.712
600560.SH,20240531,14.14,14.4,14.14,14.4,27184.96,38932.992
600560.SH,20240530,14.18,14.33,14.03,14.21,18752.0,26660.726
600560.SH,20240529,14.08,14.35,14.05,14.19,18264.82,25942.639
600560.SH,20240528,14.34,14.43,14.13,14.15,20094.0,28649.966
600560.SH,20240527,14.31,14.43,14.0,14.38,29570.0,41923.645
600560.SH,20240524,14.61,14.65,14.16,14.17,30459.0,43747.614
600560.SH,20240523,14.83,14.88,14.54,14.61,30995.82,45520.326
600560.SH,20240522,14.84,15.0,14.8,14.91,21994.0,32731.333
600560.SH,20240521,15.01,15.06,14.78,14.9,26932.0,40095.506
600560.SH,20240520,15.27,15.4,15.08,15.12,39483.73,60004.529
600560.SH,20240517,15.28,15.29,15.0,15.24,44583.0,67522.144
600560.SH,20240516,14.64,15.73,14.6,15.29,107361.0,163828.687
600560.SH,20240515,14.69,14.83,14.49,14.53,31559.0,46164.906
600560.SH,20240514,14.62,14.9,14.6,14.69,30022.0,44186.225
600560.SH,20240513,15.03,15.06,14.6,14.63,38966.0,57416.505
600560.SH,20240510,15.34,15.36,14.93,15.03,37203.0,56059.993
600560.SH,20240509,15.37,15.53,15.21,15.3,40835.0,62669.772
600560.SH,20240508,15.73,15.73,15.13,15.2,54963.0,84404.201
600560.SH,20240507,15.91,15.96,15.66,15.73,50075.0,79089.151
600560.SH,20240506,15.7,15.89,15.65,15.87,60593.0,95808.331
600560.SH,20240430,15.92,15.94,15.46,15.55,56028.0,87488.27
600560.SH,20240429,15.35,15.93,15.32,15.89,74561.0,116736.415
600560.SH,20240426,15.14,15.62,15.09,15.57,64709.0,99839.986
600560.SH,20240425,15.06,15.27,15.05,15.17,32425.0,49145.737
600560.SH,20240424,15.0,15.29,14.9,15.25,53514.03,81109.735
600560.SH,20240423,14.9,15.06,14.82,14.9,40813.0,60889.196
600560.SH,20240422,15.19,15.45,14.91,14.92,60119.0,91130.755
600560.SH,20240419,15.17,15.36,15.06,15.19,60366.94,91695.623
600560.SH,20240418,15.75,15.97,15.5,15.52,73702.0,115766.392
600560.SH,20240417,15.37,15.93,15.28,15.9,87911.0,138027.965
600560.SH,20240416,15.06,15.53,14.36,15.27,91059.0,136057.575
600560.SH,20240415,15.38,15.63,14.6,15.15,74125.68,112651.167
600560.SH,20240412,15.72,16.15,15.3,15.31,73586.68,115119.615
600560.SH,20240411,15.81,16.12,15.76,15.81,62053.0,98767.652
600560.SH,20240410,16.51,16.85,15.96,16.22,86871.75,142801.817
600560.SH,20240409,16.51,16.51,16.06,16.36,60945.25,99491.566
600560.SH,20240408,16.23,16.71,15.88,16.53,104281.0,171575.353
600560.SH,20240403,15.93,16.3,15.61,16.23,80616.0,129260.57
600560.SH,20240402,16.52,16.52,15.8,15.99,87558.0,140698.826
600560.SH,20240401,16.2,16.58,16.1,16.53,92982.0,151877.385
600560.SH,20240329,16.36,16.46,15.76,16.17,97527.0,156382.844
600560.SH,20240328,15.7,16.49,15.65,16.3,108227.0,175230.479
600560.SH,20240327,16.0,16.5,15.9,16.0,119764.33,194070.486
600560.SH,20240326,16.0,16.1,15.51,15.99,107901.42,170746.319
600560.SH,20240325,16.58,16.88,15.85,15.86,156882.36,256430.648
600560.SH,20240322,17.52,17.53,16.7,16.7,238755.18,406896.005
600560.SH,20240321,18.3,19.07,18.03,18.12,195513.92,362766.996
600560.SH,20240320,18.26,18.5,18.01,18.28,171013.33,312197.482
600560.SH,20240319,18.37,19.75,17.8,18.64,295968.0,543950.573
600560.SH,20240318,18.3,18.85,18.18,18.61,275939.52,511406.271
600560.SH,20240315,17.8,19.44,17.64,18.83,373059.46,690461.41
600560.SH,20240314,17.0,18.92,16.92,17.9,394940.88,705512.765
600560.SH,20240313,16.94,17.25,16.64,17.2,255014.39,431127.992
600560.SH,20240312,16.85,17.18,16.66,16.92,293561.12,496443.588
600560.SH,20240311,17.82,18.56,17.12,17.43,452373.74,798533.569
600560.SH,20240308,18.88,20.13,17.5,17.91,621913.28,1180745.702
600560.SH,20240307,18.0,18.3,17.7,18.3,123555.25,223728.674
600560.SH,20240306,15.08,16.64,15.08,16.64,201469.05,329603.172
600560.SH,20240305,15.4,15.53,15.04,15.13,140456.1,214600.858
600560.SH,20240304,15.7,16.26,15.4,15.8,150436.12,237117.784
600560.SH,20240301,15.4,16.5,15.4,15.81,182276.33,288963.179
600560.SH,20240229,14.32,15.36,14.23,15.3,213241.57,319706.413
600560.SH,20240228,16.27,16.68,14.88,14.88,296167.01,465097.396
600560.SH,20240227,15.85,16.98,15.69,16.53,246817.27,403633.964
600560.SH,20240226,16.54,17.74,16.03,16.1,291449.58,487721.101
600560.SH,20240223,15.99,16.67,15.47,16.13,278559.62,444002.406
600560.SH,20240222,15.21,16.21,14.93,15.69,288313.05,447817.263
600560.SH,20240221,14.56,15.51,14.52,14.74,268870.3,404401.158
600560.SH,20240220,14.36,15.4,14.36,15.05,292931.53,434482.621
600560.SH,20240219,13.6,14.96,13.25,14.71,316431.0,459887.984
600560.SH,20240208,12.35,13.99,11.68,13.6,268369.03,344465.231
600560.SH,20240207,12.9,13.72,12.73,12.98,289557.54,381575.66
600560.SH,20240206,14.79,14.79,12.35,13.93,388660.98,519939.994
600560.SH,20240205,13.72,13.72,13.72,13.72,74736.0,102537.792
600560.SH,20240202,12.3,13.05,11.86,12.47,201370.64,254450.767
600560.SH,20240201,11.99,12.26,11.51,11.86,66193.0,78746.251
600560.SH,20240131,12.79,12.89,11.89,12.03,73605.0,90310.597
600560.SH,20240130,12.99,13.53,12.71,12.74,61181.0,79957.824
600560.SH,20240129,13.67,13.68,13.07,13.1,56988.0,75576.11
600560.SH,20240126,13.58,13.79,13.41,13.63,77627.06,105735.129
600560.SH,20240125,12.68,13.63,12.58,13.57,100635.77,133152.694
600560.SH,20240124,12.26,12.73,12.13,12.68,72618.0,90137.489
600560.SH,20240123,12.23,12.3,11.91,12.24,51360.08,62268.023
600560.SH,20240122,13.1,13.25,12.11,12.22,64622.0,81603.375
600560.SH,20240119,13.26,13.42,13.05,13.1,35998.02,47578.89
600560.SH,20240118,13.4,13.55,12.95,13.26,58051.02,76383.107
600560.SH,20240117,13.68,13.84,13.35,13.4,39830.55,54220.443
600560.SH,20240116,13.88,13.88,13.41,13.7,57291.77,78026.832
600560.SH,20240115,13.92,14.1,13.82,13.89,39081.52,54450.803
600560.SH,20240112,14.17,14.34,13.99,14.03,46478.0,65858.539
600560.SH,20240111,13.9,14.23,13.9,14.2,53208.0,75116.65
600560.SH,20240110,14.32,14.39,13.93,13.94,70876.0,100198.65
600560.SH,20240109,13.91,14.75,13.91,14.31,97200.0,140061.601
600560.SH,20240108,14.11,14.13,13.87,13.91,51934.0,72664.94
600560.SH,20240105,14.47,14.6,14.1,14.16,62968.5,90151.478
600560.SH,20240104,14.76,14.76,14.5,14.5,44327.0,64537.92
600560.SH,20240103,14.75,14.8,14.48,14.74,70726.39,103515.802
600560.SH,20240102,14.79,14.89,14.66,14.81,65856.02,97440.807
600560.SH,20231229,14.62,14.89,14.5,14.8,88188.16,130013.608
600560.SH,20231228,14.32,14.72,14.12,14.61,99829.0,144577.932
600560.SH,20231227,14.05,14.31,13.88,14.31,70013.22,99058.2
600560.SH,20231226,14.31,14.36,14.03,14.1,77939.02,110191.495
600560.SH,20231225,14.05,14.45,14.05,14.36,81740.0,116721.153
600560.SH,20231222,14.71,14.73,14.08,14.19,131232.15,188311.635
600560.SH,20231221,14.55,14.73,14.17,14.66,151382.04,218932.744
600560.SH,20231220,14.95,15.12,14.56,14.6,154994.02,229927.195
600560.SH,20231219,14.61,14.93,14.39,14.83,193048.4,284299.74
600560.SH,20231218,15.39,15.48,14.58,14.67,264466.34,394676.299
600560.SH,20231215,16.19,16.39,15.3,15.43,361788.34,566677.481
600560.SH,20231214,17.4,17.5,16.62,16.62,374015.33,631615.549
600560.SH,20231213,17.19,19.02,16.89,18.47,605980.1,1081404.751
600560.SH,20231212,18.5,19.6,17.44,17.5,693820.14,1319441.445
600560.SH,20231211,16.45,17.82,15.8,17.82,301363.86,519765.364
600560.SH,20231208,14.52,16.2,14.52,16.2,193136.21,304860.864
600560.SH,20231207,14.47,15.0,14.05,14.73,122392.9,178469.595
600560.SH,20231206,14.06,14.65,14.01,14.33,77213.17,110936.056
600560.SH,20231205,14.23,14.58,14.05,14.07,63921.88,90900.176
600560.SH,20231204,13.76,14.69,13.76,14.37,95297.39,136246.397
600560.SH,20231201,13.85,13.92,13.6,13.82,28292.0,38988.856
600560.SH,20231130,14.09,14.24,13.71,13.92,38952.0,54259.62
600560.SH,20231129,13.85,14.44,13.85,14.09,58296.66,82929.778
600560.SH,20231128,13.75,14.15,13.61,13.94,27690.0,38589.977
600560.SH,20231127,13.57,13.85,13.57,13.71,18223.0,24958.159
600560.SH,20231124,13.83,13.85,13.57,13.59,24867.0,33957.907
600560.SH,20231123,13.68,13.92,13.57,13.86,22809.0,31425.398
600560.SH,20231122,13.8,13.92,13.62,13.65,25582.0,35125.067
600560.SH,20231121,14.11,14.14,13.81,13.84,32995.0,45916.261
600560.SH,20231120,13.7,14.08,13.62,14.05,39805.0,55421.698
600560.SH,20231117,13.56,13.69,13.44,13.69,18788.0,25597.285
600560.SH,20231116,13.72,13.8,13.54,13.55,18894.0,25770.354
600560.SH,20231115,13.71,13.8,13.58,13.73,25241.0,34562.965
600560.SH,20231114,13.59,13.68,13.55,13.64,21538.0,29303.291
600560.SH,20231113,13.5,13.65,13.44,13.62,26670.39,36219.964
600560.SH,20231110,13.45,13.6,13.4,13.44,20779.0,27972.456
600560.SH,20231109,13.53,13.71,13.34,13.57,38443.0,52141.815
600560.SH,20231108,13.59,13.65,13.43,13.51,31059.0,42045.447
600560.SH,20231107,13.53,13.64,13.4,13.6,37888.0,51296.387
600560.SH,20231106,13.2,13.55,13.19,13.53,47913.0,64386.748
600560.SH,20231103,13.2,13.45,13.1,13.31,53170.0,70845.761
600560.SH,20231102,13.0,13.15,12.87,12.87,28913.11,37502.749
600560.SH,20231101,13.18,13.23,13.05,13.07,27504.0,36081.216
600560.SH,20231031,13.28,13.45,13.04,13.17,46250.0,61191.035
600560.SH,20231030,12.88,13.29,12.73,13.28,53760.0,70600.208
600560.SH,20231027,12.69,12.92,12.51,12.86,46154.0,58745.006
600560.SH,20231026,12.45,12.76,12.27,12.73,38859.0,48701.549
600560.SH,20231025,12.47,12.68,12.42,12.56,33306.9,41849.534
600560.SH,20231024,12.21,12.52,12.16,12.42,35935.39,44556.139
600560.SH,20231023,12.24,12.42,11.92,12.2,45337.0,55146.701
600560.SH,20231020,12.68,12.77,12.31,12.33,39002.0,48753.65
600560.SH,20231019,12.45,12.8,12.33,12.58,49766.0,62872.4
600560.SH,20231018,12.88,12.88,12.48,12.51,51470.0,64800.373
600560.SH,20231017,13.14,13.27,12.75,12.93,57420.0,74128.584
600560.SH,20231016,13.71,13.75,13.1,13.17,85250.9,113457.5
600560.SH,20231013,13.94,13.99,13.54,13.66,101170.01,138394.1
600560.SH,20231012,14.56,14.56,13.99,14.14,104499.0,148338.417
600560.SH,20231011,14.5,14.5,14.13,14.29,125737.43,179921.661
600560.SH,20231010,14.31,15.45,14.01,14.75,214996.71,312889.681
600560.SH,20231009,13.77,14.56,13.5,14.56,264103.17,374925.736
600560.SH,20230928,13.96,14.96,13.96,14.96,222860.89,329629.576
600560.SH,20230927,14.16,14.38,13.6,13.6,170824.23,235752.725
600560.SH,20230926,13.95,15.18,13.85,14.24,243546.26,352787.676
600560.SH,20230925,14.1,14.48,13.56,13.8,193451.85,269415.596
600560.SH,20230922,12.58,13.86,12.56,13.45,138616.0,185547.296
600560.SH,20230921,12.55,13.09,12.3,12.6,58233.77,73958.856
600560.SH,20230920,12.41,13.46,12.41,12.73,92899.12,120421.191
600560.SH,20230919,12.75,12.75,12.32,12.4,29593.2,36881.682
600560.SH,20230918,12.31,12.95,12.13,12.84,41122.0,52113.948
600560.SH,20230915,12.4,12.44,12.14,12.25,15716.0,19275.739
600560.SH,20230914,12.45,12.5,12.2,12.29,15452.0,19045.562
600560.SH,20230913,12.7,12.7,12.25,12.38,15930.0,19766.2
600560.SH,20230912,12.75,12.86,12.63,12.63,14715.0,18666.458
600560.SH,20230911,12.88,12.93,12.71,12.8,20527.0,26229.959
600560.SH,20230908,12.79,12.98,12.77,12.89,16342.0,21049.431
600560.SH,20230907,13.08,13.08,12.75,12.75,19545.0,25143.565
600560.SH,20230906,12.78,13.06,12.77,13.03,19179.0,24817.893
600560.SH,20230905,12.99,13.18,12.84,12.86,24424.0,31689.173
600560.SH,20230904,12.86,12.94,12.67,12.91,19293.78,24692.762
600560.SH,20230901,13.25,13.25,12.69,12.81,21594.0,27699.29
600560.SH,20230831,13.23,13.23,12.93,13.0,18679.0,24364.251
600560.SH,20230830,13.03,13.25,13.01,13.13,28422.0,37316.242
600560.SH,20230829,12.16,12.99,12.16,12.97,51725.0,66254.604
600560.SH,20230828,12.8,12.8,12.22,12.28,44037.0,54772.95
600560.SH,20230825,12.38,12.44,11.92,11.92,48687.58,58998.373
600560.SH,20230824,12.67,12.9,12.51,12.54,21529.0,27174.373
600560.SH,20230823,12.92,12.95,12.46,12.73,23932.0,30405.639
600560.SH,20230822,12.98,13.03,12.57,12.94,28823.03,36902.442
600560.SH,20230821,13.05,13.18,12.85,12.86,18916.0,24597.109
600560.SH,20230818,13.0,13.3,13.0,13.03,30120.0,39707.09
600560.SH,20230817,12.64,13.1,12.56,13.08,33444.0,43290.428
600560.SH,20230816,12.85,12.85,12.59,12.62,21929.0,27806.776
600560.SH,20230815,13.13,13.2,12.79,12.8,20605.0,26645.653
600560.SH,20230814,12.85,13.16,12.77,13.16,22160.0,28698.594
600560.SH,20230811,13.08,13.12,12.9,12.9,22877.0,29649.136
600560.SH,20230810,12.95,13.15,12.95,13.08,14404.03,18806.546
600560.SH,20230809,13.28,13.38,12.99,13.02,22780.03,29889.986
600560.SH,20230808,13.3,13.48,13.23,13.38,26452.0,35392.965
600560.SH,20230807,13.27,13.44,13.19,13.35,27323.0,36427.279
600560.SH,20230804,12.94,13.43,12.94,13.26,37903.0,50174.047
600560.SH,20230803,13.24,13.27,12.95,12.95,28138.0,36697.011
600560.SH,20230802,13.15,13.36,13.08,13.31,22671.0,30001.435
600560.SH,20230801,13.16,13.23,13.01,13.15,23289.0,30579.774
600560.SH,20230731,13.0,13.25,12.91,13.16,29320.0,38506.657
600560.SH,20230728,12.92,13.01,12.82,12.94,24768.0,32036.205
600560.SH,20230727,13.22,13.3,12.95,12.95,26873.01,35233.1
600560.SH,20230726,13.45,13.5,13.16,13.19,31351.0,41572.75
600560.SH,20230725,13.76,13.9,13.3,13.51,55414.36,74611.37
600560.SH,20230724,13.07,13.98,13.01,13.61,62475.0,85098.115
600560.SH,20230721,13.3,13.46,13.09,13.1,32803.48,43368.595
600560.SH,20230720,13.66,13.73,13.35,13.36,38838.0,52429.914
600560.SH,20230719,13.86,13.98,13.51,13.62,42305.0,57781.687
600560.SH,20230718,13.97,14.14,13.83,13.88,28705.0,40126.446
600560.SH,20230717,14.06,14.17,13.81,14.0,38151.0,53237.238
600560.SH,20230714,14.02,14.38,13.86,14.18,49522.0,70333.198
600560.SH,20230713,14.06,14.27,13.81,14.01,52940.0,74136.343
600560.SH,20230712,14.22,14.58,14.03,14.09,70409.0,100864.958
600560.SH,20230711,13.95,14.26,13.88,14.17,39494.05,55658.466
600560.SH,20230710,14.19,14.35,13.89,13.92,59036.0,83038.638
600560.SH,20230707,14.4,14.54,14.13,14.17,52706.28,75270.906
600560.SH,20230706,14.4,14.56,14.23,14.4,51642.0,74359.138
600560.SH,20230705,14.22,14.81,14.2,14.41,87674.0,127492.677
600560.SH,20230704,14.17,14.59,14.13,14.35,58751.06,84509.95
600560.SH,20230703,14.6,14.75,14.17,14.29,69699.28,99984.041
600560.SH,20230630,14.71,14.85,14.53,14.64,106356.41,155576.007
600560.SH,20230629,14.04,15.12,13.98,14.75,167072.49,243973.363
600560.SH,20230628,13.97,14.09,13.48,14.03,91939.16,126887.034
600560.SH,20230627,13.88,14.09,13.71,13.97,63282.03,88059.118
600560.SH,20230626,13.88,14.38,13.78,13.92,91428.0,128113.514
600560.SH,20230621,14.25,14.49,13.88,13.88,107696.47,151712.727
600560.SH,20230620,14.31,14.74,14.21,14.45,143134.0,207252.377
600560.SH,20230619,14.15,15.09,13.98,14.5,197913.69,286687.078
600560.SH,20230616,13.89,14.26,13.72,14.18,159384.32,224360.229
600560.SH,20230615,13.56,13.9,13.55,13.77,116869.03,160954.937
600560.SH,20230614,13.74,13.76,13.55,13.63,79173.88,108028.918
600560.SH,20230613,13.7,13.86,13.53,13.75,120659.45,164945.621
600560.SH,20230612,13.38,13.89,13.3,13.82,165963.36,227393.617
600560.SH,20230609,13.4,13.5,13.21,13.46,112158.82,150067.561
600560.SH,20230608,13.69,13.97,13.28,13.31,164863.76,223068.801
600560.SH,20230607,13.93,13.96,13.62,13.76,167996.47,231609.176
600560.SH,20230606,13.85,14.34,13.53,14.12,295523.88,409390.743
600560.SH,20230605,14.44,14.66,14.05,14.06,360120.96,514179.531
600560.SH,20230602,17.0,17.0,15.61,15.61,310480.0,490033.145
600560.SH,20230601,17.34,17.34,17.28,17.34,133255.21,231060.107
600560.SH,20230531,15.76,15.76,15.76,15.76,31740.0,50022.24
600560.SH,20230530,12.96,14.33,12.9,14.33,83742.42,117125.629
600560.SH,20230529,12.9,13.33,12.82,13.03,70192.38,91703.788
600560.SH,20230526,12.77,13.02,12.46,12.93,49712.0,63404.39
600560.SH,20230525,12.54,12.85,12.5,12.77,46909.0,59410.9
600560.SH,20230524,12.66,12.78,12.5,12.57,40912.0,51671.375
600560.SH,20230523,12.93,12.97,12.63,12.64,55166.5,70513.142
600560.SH,20230522,13.0,13.07,12.81,12.85,59449.0,76704.587
600560.SH,20230519,13.26,13.36,12.96,13.08,69031.0,90645.294
600560.SH,20230518,12.91,13.63,12.9,13.18,119281.07,159198.087
600560.SH,20230517,12.68,12.96,12.44,12.91,66690.46,85544.657
600560.SH,20230516,12.88,12.99,12.63,12.7,84188.55,107806.386
600560.SH,20230515,12.46,13.06,12.4,12.85,108213.48,138343.569
600560.SH,20230512,12.58,12.97,12.33,12.33,66499.65,83280.202
600560.SH,20230511,12.85,13.0,12.47,12.59,93003.76,117736.784
600560.SH,20230510,12.6,13.0,12.52,12.85,140761.38,179312.885
600560.SH,20230509,11.7,12.77,11.66,12.44,164559.53,201691.841
600560.SH,20230508,11.33,11.75,11.33,11.62,44352.25,51177.558
600560.SH,20230505,11.38,11.51,11.22,11.4,32764.0,37150.768
600560.SH,20230504,10.96,11.53,10.96,11.38,51461.05,58542.644
600560.SH,20230428,10.43,11.1,10.42,11.01,44835.9,48588.961
600560.SH,20230427,10.45,10.5,10.21,10.31,18925.0,19646.161
600560.SH,20230426,10.32,10.51,10.24,10.37,19706.0,20508.799
600560.SH,20230425,10.59,10.67,10.14,10.34,24123.0,24970.135
600560.SH,20230424,10.61,10.71,10.47,10.61,25001.48,26467.465
600560.SH,20230421,11.02,11.04,10.58,10.58,30926.48,33243.638
600560.SH,20230420,11.11,11.11,10.85,11.01,25548.0,28055.619
600560.SH,20230419,11.0,11.26,10.98,11.08,29662.0,32919.472
600560.SH,20230418,11.8,11.8,11.02,11.07,60680.0,68302.517
600560.SH,20230417,11.59,11.83,11.52,11.77,34677.0,40635.929
600560.SH,20230414,11.47,11.62,11.28,11.58,27031.0,31043.863
600560.SH,20230413,11.69,11.74,11.37,11.41,30006.5,34606.253
600560.SH,20230412,11.4,11.8,11.35,11.71,40282.0,46678.649
600560.SH,20230411,11.72,11.74,11.36,11.46,37835.0,43445.192
600560.SH,20230410,11.94,12.15,11.67,11.72,46694.01,55473.625
600560.SH,20230407,11.6,12.03,11.55,11.96,59526.0,70453.399
600560.SH,20230406,11.61,11.65,11.46,11.59,29912.0,34541.512
600560.SH,20230404,11.87,11.87,11.53,11.63,38535.0,44968.926
600560.SH,20230403,11.82,11.91,11.66,11.85,33526.0,39545.8
600560.SH,20230331,11.81,11.85,11.67,11.76,25183.0,29577.574
600560.SH,20230330,11.93,11.93,11.65,11.7,38020.0,44720.716
600560.SH,20230329,12.06,12.24,11.85,11.92,39817.0,47772.691
600560.SH,20230328,12.06,12.33,11.99,12.08,54719.0,66513.18
600560.SH,20230327,11.92,12.19,11.88,12.04,47165.0,56770.34
600560.SH,20230324,11.88,12.04,11.79,11.94,55786.0,66554.499
600560.SH,20230323,11.72,12.0,11.53,11.96,63563.0,75253.472
600560.SH,20230322,11.55,11.71,11.5,11.68,38160.0,44359.154
600560.SH,20230321,11.47,11.64,11.4,11.59,34686.0,40106.954
600560.SH,20230320,11.3,11.56,11.18,11.47,49181.0,56177.638
600560.SH,20230317,11.08,11.42,11.06,11.31,39896.0,44941.131
600560.SH,20230316,11.2,11.26,11.0,11.02,23670.0,26288.435
600560.SH,20230315,11.24,11.37,11.21,11.26,29632.48,33462.454
600560.SH,20230314,11.38,11.38,10.95,11.14,34844.0,38758.412
600560.SH,20230313,11.26,11.39,11.17,11.35,26259.0,29661.581
600560.SH,20230310,11.49,11.55,11.27,11.27,32791.0,37264.752
600560.SH,20230309,11.6,11.66,11.4,11.53,39322.89,45173.894
600560.SH,20230308,11.51,11.7,11.48,11.63,36808.6,42629.662
600560.SH,20230307,12.26,12.32,11.55,11.58,84542.52,100238.231
600560.SH,20230306,12.02,12.39,11.98,12.19,105085.97,128037.532
600560.SH,20230303,11.88,11.95,11.81,11.93,36507.0,43382.425
600560.SH,20230302,11.89,11.97,11.79,11.83,34151.35,40541.709
600560.SH,20230301,11.73,11.92,11.65,11.92,34244.0,40414.627
600560.SH,20230228,11.66,11.84,11.55,11.69,26973.6,31511.529
600560.SH,20230227,11.78,11.8,11.64,11.66,24040.0,28137.541
600560.SH,20230224,11.81,11.92,11.72,11.74,26880.0,31750.199
600560.SH,20230223,11.96,11.98,11.79,11.83,33120.0,39287.756
600560.SH,20230222,11.82,11.97,11.76,11.96,44847.0,53284.52
600560.SH,20230221,11.82,11.98,11.79,11.88,34744.74,41271.507
600560.SH,20230220,11.82,11.97,11.73,11.85,42091.0,49840.194
600560.SH,20230217,11.95,12.12,11.7,11.76,80530.57,95504.4
600560.SH,20230216,12.15,12.59,11.81,12.05,102179.82,124494.014
600560.SH,20230215,12.17,12.26,11.97,12.24,67873.44,82050.411
600560.SH,20230214,12.03,12.5,11.98,12.16,67431.22,82305.125
600560.SH,20230213,11.93,12.12,11.87,11.98,65184.0,78321.529
600560.SH,20230210,11.78,12.07,11.74,11.91,86407.28,102991.263
600560.SH,20230209,11.62,11.79,11.61,11.78,59976.57,70390.04
600560.SH,20230208,11.89,11.95,11.64,11.69,57708.25,67720.491
600560.SH,20230207,11.65,11.84,11.56,11.72,62317.71,72850.446
600560.SH,20230206,11.66,11.78,11.55,11.62,63111.0,73459.522
600560.SH,20230203,11.65,11.95,11.6,11.7,96056.67,112779.348
600560.SH,20230202,11.65,11.97,11.46,11.65,115910.77,135247.47
600560.SH,20230201,11.66,11.78,11.48,11.78,146268.57,169862.854
600560.SH,20230131,11.11,12.13,11.03,11.73,186878.24,218714.688
600560.SH,20230130,10.82,11.34,10.82,11.03,69083.0,76489.713
600560.SH,20230120,10.96,10.99,10.61,10.73,61475.65,66185.461
600560.SH,20230119,10.24,11.09,10.24,10.73,90618.85,96933.863
600560.SH,20230118,10.14,10.3,10.11,10.28,27706.65,28366.396
600560.SH,20230117,10.16,10.16,10.07,10.12,16501.69,16678.628
600560.SH,20230116,9.98,10.13,9.98,10.09,24937.0,25142.568
600560.SH,20230113,10.03,10.12,9.95,9.98,16206.87,16231.376
600560.SH,20230112,9.91,10.1,9.88,10.04,28697.0,28808.124
600560.SH,20230111,10.02,10.09,9.86,9.87,16197.12,16137.584
600560.SH,20230110,10.11,10.17,10.01,10.02,14493.0,14555.244
600560.SH,20230109,10.06,10.15,10.02,10.1,17884.01,18024.156
600560.SH,20230106,9.99,10.17,9.94,10.05,23349.22,23532.315
600560.SH,20230105,10.02,10.05,9.97,9.98,18383.0,18403.119
600560.SH,20230104,10.0,10.09,9.93,10.02,20794.0,20786.435
600560.SH,20230103,9.74,10.02,9.65,9.98,25681.78,25389.936
600560.SH,20221230,9.65,9.71,9.62,9.68,12101.78,11720.454
600560.SH,20221229,9.68,9.76,9.58,9.59,16038.78,15503.306
600560.SH,20221228,9.88,9.88,9.66,9.72,15832.1,15431.553
600560.SH,20221227,9.84,9.88,9.66,9.86,24459.0,23922.217
600560.SH,20221226,9.78,9.91,9.78,9.84,20549.0,20255.064
600560.SH,20221223,9.49,9.82,9.48,9.78,28447.0,27693.981
600560.SH,20221222,9.9,9.95,9.57,9.61,23677.0,22988.846
600560.SH,20221221,9.98,10.05,9.7,9.84,28462.0,28077.361
600560.SH,20221220,10.03,10.25,9.96,10.07,32157.0,32555.765
600560.SH,20221219,10.11,10.15,9.89,9.97,35956.0,35809.768
600560.SH,20221216,10.39,10.4,10.05,10.12,43148.7,43911.385
600560.SH,20221215,10.4,10.55,10.31,10.42,21335.25,22300.565
600560.SH,20221214,10.59,10.72,10.4,10.4,33282.0,35142.578
600560.SH,20221213,10.8,10.92,10.5,10.52,41406.5,44190.238
600560.SH,20221212,10.84,10.95,10.6,10.86,39024.78,41994.405
600560.SH,20221209,10.75,10.88,10.65,10.8,32180.5,34632.978
600560.SH,20221208,10.99,11.02,10.75,10.75,32564.0,35251.765
600560.SH,20221207,11.14,11.14,10.85,10.92,50804.43,55723.288
600560.SH,20221206,11.09,11.18,10.98,11.17,65911.01,73097.137
600560.SH,20221205,10.89,11.35,10.84,11.28,110041.82,123153.255
600560.SH,20221202,10.81,10.99,10.79,10.82,42939.04,46612.617
600560.SH,20221201,10.86,10.95,10.78,10.83,49772.54,53942.687
600560.SH,20221130,10.43,11.07,10.33,10.81,92294.37,99157.904
600560.SH,20221129,10.41,10.54,10.24,10.45,46116.51,48042.821
600560.SH,20221128,10.6,10.6,10.16,10.41,59840.86,61850.785
600560.SH,20221125,10.71,11.07,10.47,10.71,70738.11,76226.514
600560.SH,20221124,11.06,11.1,10.69,10.78,91893.08,99892.91
600560.SH,20221123,10.64,11.18,10.57,11.12,123091.76,135264.342
600560.SH,20221122,10.72,10.91,10.52,10.64,45475.04,48704.131
600560.SH,20221121,10.71,10.89,10.5,10.69,46947.57,50069.892
600560.SH,20221118,10.72,11.14,10.68,10.78,92608.27,100788.76
600560.SH,20221117,10.59,10.7,10.5,10.64,28283.01,29887.777
600560.SH,20221116,10.61,10.78,10.55,10.68,36408.0,38819.532
600560.SH,20221115,10.21,10.62,10.17,10.61,55916.09,58647.162
600560.SH,20221114,10.35,10.41,10.14,10.2,27534.43,28246.64
600560.SH,20221111,10.51,10.6,10.31,10.31,32161.0,33563.897
600560.SH,20221110,10.53,10.56,10.31,10.36,27410.15,28526.33
600560.SH,20221109,10.57,10.66,10.5,10.55,27440.0,29026.872
600560.SH,20221108,10.59,10.7,10.38,10.61,33913.03,35716.349
600560.SH,20221107,10.61,10.65,10.44,10.52,29387.03,30950.035
600560.SH,20221104,10.42,10.58,10.4,10.58,41977.15,44032.723
600560.SH,20221103,10.25,10.48,10.25,10.42,23559.0,24496.029
600560.SH,20221102,10.48,10.49,10.31,10.39,29738.0,30906.654
600560.SH,20221101,10.22,10.43,10.22,10.41,33123.83,34309.423
600560.SH,20221031,9.85,10.26,9.8,10.19,31636.0,32014.729
600560.SH,20221028,10.14,10.49,9.9,9.95,45346.0,46172.745
600560.SH,20221027,10.33,10.5,10.15,10.16,32270.75,33239.767
600560.SH,20221026,10.23,10.35,10.1,10.33,38326.0,39323.805
600560.SH,20221025,10.09,10.28,9.85,10.2,37596.0,37985.217
600560.SH,20221024,10.18,10.4,9.94,10.01,34555.78,35078.83
600560.SH,20221021,10.01,10.25,10.01,10.16,32068.0,32551.84
600560.SH,20221020,9.98,10.14,9.85,10.01,27434.0,27478.0
600560.SH,20221019,10.09,10.12,9.96,10.04,22873.0,22951.756
600560.SH,20221018,10.12,10.15,9.97,10.03,31858.76,32023.792
600560.SH,20221017,9.68,10.13,9.61,10.06,43862.0,43638.517
600560.SH,20221014,9.62,9.76,9.61,9.69,26982.03,26118.513
600560.SH,20221013,9.32,9.65,9.32,9.57,29190.0,27847.255
600560.SH,20221012,9.05,9.44,8.92,9.43,28154.0,25952.54
600560.SH,20221011,8.99,9.1,8.81,9.05,20059.01,17988.09
600560.SH,20221010,9.17,9.22,8.86,8.87,28832.0,25942.341
600560.SH,20220930,9.23,9.34,9.12,9.14,20099.0,18465.248
600560.SH,20220929,9.31,9.42,9.15,9.23,23718.0,21982.392
600560.SH,20220928,9.51,9.59,9.22,9.23,33238.93,31073.302
600560.SH,20220927,9.25,9.5,9.22,9.5,32989.01,31071.459
600560.SH,20220926,9.4,9.63,9.25,9.25,25976.0,24412.682
600560.SH,20220923,9.69,9.8,9.44,9.56,28862.0,27718.935
600560.SH,20220922,9.78,9.85,9.66,9.77,22124.0,21622.717
600560.SH,20220921,9.8,9.83,9.56,9.78,25044.0,24299.08
600560.SH,20220920,9.56,9.77,9.56,9.76,30155.93,29286.71
600560.SH,20220919,9.56,9.74,9.42,9.54,35408.25,33927.626
600560.SH,20220916,9.67,9.8,9.5,9.5,36725.18,35485.308
600560.SH,20220915,10.17,10.3,9.56,9.69,65908.25,64517.446
600560.SH,20220914,10.07,10.19,9.95,10.14,35909.96,36339.673
600560.SH,20220913,10.29,10.42,10.2,10.28,30166.0,30984.843
600560.SH,20220909,10.58,10.58,10.22,10.26,36026.03,37135.886
600560.SH,20220908,10.7,10.8,10.46,10.5,40150.02,42493.593
600560.SH,20220907,10.42,10.71,10.37,10.63,57467.96,61030.73
600560.SH,20220906,10.27,10.52,10.13,10.49,60018.03,62359.659
600560.SH,20220905,10.29,10.4,10.13,10.22,41391.0,42430.416
600560.SH,20220902,10.19,10.37,10.13,10.32,44245.03,45527.549
600560.SH,20220901,10.26,10.37,10.07,10.1,45717.29,46553.103
600560.SH,20220831,10.61,10.71,10.12,10.2,66231.21,68247.199
600560.SH,20220830,10.83,10.97,10.56,10.64,48461.0,51879.42
600560.SH,20220829,10.46,10.86,10.38,10.76,51554.01,55232.743
600560.SH,20220826,10.92,11.04,10.62,10.67,62936.01,68142.704
600560.SH,20220825,11.52,11.6,10.82,10.92,108496.83,119908.392
600560.SH,20220824,12.32,12.35,11.36,11.43,121688.28,142829.711
600560.SH,20220823,12.21,12.44,12.06,12.41,76965.28,94453.997
600560.SH,20220822,12.43,12.66,12.02,12.25,101143.64,123683.958
600560.SH,20220819,13.3,13.49,12.38,12.51,179091.01,228932.569
600560.SH,20220818,13.0,13.98,12.86,13.56,208299.75,280854.831
600560.SH,20220817,12.88,14.12,12.81,13.18,166309.35,220532.164
600560.SH,20220816,12.9,13.11,12.72,12.98,131698.13,169513.265
600560.SH,20220815,12.6,13.15,12.27,13.13,192962.34,247336.113
600560.SH,20220812,12.84,13.1,12.34,12.39,176113.89,223707.368
600560.SH,20220811,12.82,13.17,12.4,13.01,220129.39,282664.405
600560.SH,20220810,12.87,13.56,12.66,12.83,370230.87,482722.961
600560.SH,20220809,11.36,12.65,11.27,12.65,148037.13,180164.247
600560.SH,20220808,11.0,11.5,10.71,11.5,198037.0,220353.835
600560.SH,20220805,13.19,13.2,11.41,11.56,399371.43,492300.415
600560.SH,20220804,11.1,12.22,10.85,12.22,174700.85,207118.216
600560.SH,20220803,10.82,11.86,10.82,11.11,196444.01,228258.834
600560.SH,20220802,11.33,11.46,10.62,10.78,105358.0,115201.632
600560.SH,20220801,11.42,11.86,11.29,11.65,86160.14,100114.003
600560.SH,20220729,11.62,11.84,11.3,11.41,61333.39,70602.585
600560.SH,20220728,11.45,11.78,11.4,11.48,75797.1,87514.175
600560.SH,20220727,11.15,11.72,11.0,11.43,79047.79,90450.294
600560.SH,20220726,11.02,11.22,10.76,11.12,58458.0,64510.789
600560.SH,20220725,11.33,11.38,11.0,11.0,61982.13,68956.805
600560.SH,20220722,11.3,11.63,11.19,11.4,77646.5,88244.133
600560.SH,20220721,11.29,11.69,11.2,11.32,110705.62,126440.072
600560.SH,20220720,11.1,11.26,10.91,11.15,71795.0,79542.734
600560.SH,20220719,11.09,11.24,11.03,11.09,67113.0,74646.875
600560.SH,20220718,10.73,11.25,10.62,11.16,94001.31,103570.227
600560.SH,20220715,10.9,11.16,10.6,10.72,84270.0,91100.396
600560.SH,20220714,10.81,11.27,10.65,11.01,109975.58,120111.783
600560.SH,20220713,10.43,10.95,10.4,10.9,100814.51,108781.807
600560.SH,20220712,10.51,10.8,10.4,10.58,66469.76,70170.927
600560.SH,20220711,10.19,10.76,10.07,10.6,102669.38,107874.268
600560.SH,20220708,10.15,10.35,10.09,10.18,48686.0,49685.077
600560.SH,20220707,9.98,10.28,9.9,10.18,59509.25,60311.309
600560.SH,20220706,9.87,10.08,9.78,9.99,63247.33,63106.44
600560.SH,20220705,10.2,10.27,9.83,9.92,90192.0,89979.246
600560.SH,20220704,10.25,10.39,10.1,10.32,66778.08,68406.39
600560.SH,20220701,10.7,10.7,10.15,10.15,125341.75,129481.618
600560.SH,20220630,10.6,10.87,10.47,10.79,155857.45,165869.998
600560.SH,20220629,11.54,12.15,10.7,10.82,311553.81,358047.903
600560.SH,20220628,10.15,11.18,9.98,11.18,169892.45,185158.204
600560.SH,20220627,10.2,10.22,9.97,10.16,54662.0,55061.902
600560.SH,20220624,10.22,10.33,10.09,10.22,72467.52,73992.247
600560.SH,20220623,10.04,10.3,9.87,10.27,106546.01,107511.309
600560.SH,20220622,9.8,10.75,9.75,10.09,137592.72,141731.533
600560.SH,20220621,10.1,10.14,9.68,9.77,93283.22,92282.767
600560.SH,20220620,10.08,10.18,9.89,10.14,71460.33,71495.892
600560.SH,20220617,10.18,10.18,9.83,10.01,71249.99,71190.508
600560.SH,20220616,10.24,10.25,10.0,10.23,82637.59,83596.08
600560.SH,20220615,10.3,10.38,10.03,10.28,129824.34,132789.298
600560.SH,20220614,10.83,10.94,10.08,10.52,202813.46,209575.792
600560.SH,20220613,9.83,10.82,9.8,10.82,54134.55,57133.449
600560.SH,20220610,9.98,10.05,9.65,9.84,97084.51,95326.918
600560.SH,20220609,10.35,11.4,9.86,10.11,185171.4,190668.053
600560.SH,20220608,9.94,10.92,9.91,10.41,193761.9,205850.729
600560.SH,20220607,10.01,10.03,9.75,9.93,51159.98,50644.734
600560.SH,20220606,10.28,10.33,9.96,10.01,72002.0,72253.29
600560.SH,20220602,10.26,10.6,10.16,10.27,75327.0,77667.6
600560.SH,20220601,9.94,10.54,9.94,10.29,86810.51,89214.119
600560.SH,20220531,9.97,10.13,9.85,9.96,87126.38,87023.373
600560.SH,20220530,9.9,10.23,9.68,10.16,124455.94,124198.36
600560.SH,20220527,9.09,9.85,8.97,9.78,95829.45,91585.544
600560.SH,20220526,8.9,9.17,8.9,9.1,50719.01,45886.228
600560.SH,20220525,8.55,9.23,8.55,8.9,65994.89,58217.882
600560.SH,20220524,8.78,8.79,8.4,8.43,31279.0,26950.634
600560.SH,20220523,8.59,8.74,8.54,8.74,23302.13,20149.608
600560.SH,20220520,8.55,8.67,8.47,8.62,27553.0,23616.843
600560.SH,20220519,8.25,8.65,8.25,8.56,39536.01,33637.287
600560.SH,20220518,8.16,8.5,8.15,8.36,34179.0,28563.831
600560.SH,20220517,8.13,8.19,8.02,8.17,16185.0,13124.29
600560.SH,20220516,8.2,8.31,8.12,8.18,14237.49,11650.184
600560.SH,20220513,8.12,8.18,8.06,8.18,15080.0,12257.605
600560.SH,20220512,8.08,8.19,7.98,8.12,19639.0,15907.302
600560.SH,20220511,8.13,8.31,8.04,8.04,30671.0,25175.398
600560.SH,20220510,8.0,8.14,7.89,8.13,17061.0,13769.54
600560.SH,20220509,7.92,8.05,7.85,8.01,17545.0,14026.773
600560.SH,20220506,7.83,8.04,7.83,7.9,20893.0,16518.903
600560.SH,20220505,7.97,8.15,7.86,8.04,22218.0,17858.035
600560.SH,20220429,7.69,8.03,7.69,7.98,27877.5,22003.255
600560.SH,20220428,7.73,7.81,7.52,7.64,25618.0,19674.277
600560.SH,20220427,7.5,7.81,7.38,7.77,34817.0,26537.885
600560.SH,20220426,7.88,7.97,7.58,7.64,34209.0,26630.893
600560.SH,20220425,8.45,8.46,7.83,7.83,55800.5,45472.254
600560.SH,20220422,8.91,9.0,8.58,8.6,41112.0,35865.397
600560.SH,20220421,9.55,9.65,9.0,9.07,39029.25,35980.827
600560.SH,20220420,9.4,9.93,9.28,9.53,50636.0,48796.109
600560.SH,20220419,9.16,9.33,9.12,9.28,18839.03,17465.987
600560.SH,20220418,9.06,9.2,8.8,9.18,27974.0,25209.059
600560.SH,20220415,9.6,9.66,9.17,9.24,47254.75,44186.281
600560.SH,20220414,9.35,10.19,9.35,9.68,65775.25,64251.491
600560.SH,20220413,9.45,9.48,9.25,9.29,27417.0,25608.931
600560.SH,20220412,9.53,9.57,9.14,9.46,41994.5,39180.609
600560.SH,20220411,9.8,9.98,9.43,9.5,40067.5,38850.588
600560.SH,20220408,10.06,10.22,9.8,9.91,43193.5,43055.705
600560.SH,20220407,10.11,10.24,10.01,10.09,51657.79,52467.435
600560.SH,20220406,9.71,10.19,9.63,10.15,64663.79,64894.676
600560.SH,20220401,9.83,9.86,9.62,9.65,37652.0,36580.387
600560.SH,20220331,9.84,9.98,9.68,9.9,36240.65,35621.358
600560.SH,20220330,9.57,9.88,9.57,9.86,38405.25,37437.677
600560.SH,20220329,9.77,9.95,9.51,9.54,47135.15,45809.385
600560.SH,20220328,9.96,9.99,9.49,9.71,79345.71,76735.903
600560.SH,20220325,9.98,10.17,9.89,10.09,47256.25,47424.68
600560.SH,20220324,10.15,10.22,9.88,10.02,54966.68,55150.399
600560.SH,20220323,10.4,10.48,10.12,10.15,67503.01,69110.691
600560.SH,20220322,10.52,10.52,10.26,10.34,71116.3,73779.042
600560.SH,20220321,10.64,10.69,10.42,10.6,81614.4,85955.385
600560.SH,20220318,10.2,10.78,10.08,10.63,123073.82,129578.255
600560.SH,20220317,10.46,10.58,10.23,10.3,134082.11,139530.101
600560.SH,20220316,10.25,10.96,10.0,10.56,169759.12,178035.637
600560.SH,20220315,9.95,10.67,9.9,9.96,113695.68,117257.51
600560.SH,20220314,10.29,10.36,10.02,10.05,55786.0,56859.005
600560.SH,20220311,9.96,10.34,9.85,10.34,74354.0,75351.513
600560.SH,20220310,9.9,10.11,9.76,10.09,53255.02,53186.593
600560.SH,20220309,9.63,9.92,9.21,9.78,41597.0,40150.1
600560.SH,20220308,9.92,9.92,9.52,9.54,29413.0,28440.675
600560.SH,20220307,9.8,10.07,9.76,9.84,32143.0,31891.531
600560.SH,20220304,9.91,9.95,9.75,9.81,26378.0,25906.857
600560.SH,20220303,9.98,10.05,9.91,9.97,21113.0,21036.39
600560.SH,20220302,9.85,10.05,9.8,10.0,30177.0,30095.086
600560.SH,20220301,9.65,9.94,9.64,9.9,35587.0,34965.88
600560.SH,20220228,9.73,9.83,9.51,9.68,20717.0,19988.194
600560.SH,20220225,9.6,9.89,9.56,9.79,34228.25,33479.397
600560.SH,20220224,9.69,9.83,9.4,9.55,32828.0,31640.132
600560.SH,20220223,9.71,9.78,9.66,9.73,20501.52,19928.904
600560.SH,20220222,9.76,9.81,9.64,9.71,23948.0,23230.399
600560.SH,20220221,9.73,9.85,9.63,9.83,27939.07,27281.328
600560.SH,20220218,9.52,9.74,9.4,9.73,26084.0,25082.119
600560.SH,20220217,9.47,9.69,9.4,9.48,28233.0,26946.206
600560.SH,20220216,9.23,9.5,9.23,9.49,28236.0,26597.085
600560.SH,20220215,9.35,9.37,9.15,9.21,16931.0,15645.391
600560.SH,20220214,9.23,9.44,9.13,9.34,18037.0,16832.316
600560.SH,20220211,9.35,9.35,9.15,9.27,20843.5,19279.072
600560.SH,20220210,9.38,9.38,9.24,9.35,18021.0,16749.932
600560.SH,20220209,9.27,9.39,9.22,9.37,20138.0,18764.321
600560.SH,20220208,9.08,9.3,9.07,9.26,20701.01,19096.026
600560.SH,20220207,9.18,9.18,8.96,9.08,18556.0,16858.486
600560.SH,20220128,8.83,9.07,8.79,8.98,24487.32,21966.431
600560.SH,20220127,9.07,9.16,8.75,8.78,29052.0,25701.233
600560.SH,20220126,9.04,9.12,8.95,9.02,16686.0,15086.642
600560.SH,20220125,9.35,9.37,8.95,8.99,29141.0,26590.032
600560.SH,20220124,9.57,9.69,9.34,9.37,27360.0,25911.777
600560.SH,20220121,9.38,9.59,9.33,9.53,25920.34,24523.334
600560.SH,20220120,9.97,9.97,9.37,9.39,44431.84,42550.444
600560.SH,20220119,9.72,10.04,9.72,9.94,34684.3,34403.661
600560.SH,20220118,10.16,10.17,9.74,9.78,56038.0,55487.047
600560.SH,20220117,10.22,10.26,10.05,10.1,36138.25,36637.997
600560.SH,20220114,10.26,10.37,10.03,10.08,39656.0,40410.433
600560.SH,20220113,10.36,10.53,10.26,10.3,39252.0,40633.926
600560.SH,20220112,10.06,10.44,10.06,10.34,54611.02,56404.487
600560.SH,20220111,10.0,10.34,9.98,10.07,56214.28,57257.228
600560.SH,20220110,10.06,10.14,9.77,10.02,35597.29,35490.101
600560.SH,20220107,10.2,10.29,10.05,10.05,46051.55,46762.097
600560.SH,20220106,10.07,10.33,10.06,10.16,44489.5,45483.202
600560.SH,20220105,10.16,10.25,9.96,10.16,51689.92,52198.021
600560.SH,20220104,9.89,10.28,9.87,10.2,71174.26,72195.267
600560.SH,20211231,9.99,10.06,9.86,9.86,52231.35,52057.197
600560.SH,20211230,9.98,10.09,9.95,9.99,53674.43,53707.398
600560.SH,20211229,9.77,10.39,9.65,10.14,100517.07,100712.693
600560.SH,20211228,9.72,9.91,9.52,9.83,60079.7,58482.723
600560.SH,20211227,9.66,9.79,9.57,9.73,53309.45,51705.075
600560.SH,20211224,9.83,9.9,9.52,9.66,76829.34,74890.918
600560.SH,20211223,10.12,10.21,9.77,9.78,113408.25,112553.371
600560.SH,20211222,10.61,10.78,10.14,10.14,149648.72,153879.414
600560.SH,20211221,10.21,10.99,10.0,10.71,217257.23,228577.813
600560.SH,20211220,11.58,11.72,10.46,10.5,325882.56,365263.935
600560.SH,20211217,9.68,10.65,9.67,10.65,120022.69,125351.224
600560.SH,20211216,9.52,9.84,9.42,9.68,53493.5,51432.065
600560.SH,20211215,9.52,9.53,9.36,9.52,38337.34,36269.973
600560.SH,20211214,9.22,9.52,9.2,9.47,45681.0,42819.313
600560.SH,20211213,9.19,9.32,9.09,9.28,32284.01,29732.702
600560.SH,20211210,9.02,9.24,8.95,9.19,33357.0,30433.332
600560.SH,20211209,9.04,9.04,8.93,9.04,16858.69,15176.073
600560.SH,20211208,8.87,9.06,8.82,9.0,20983.34,18825.241
600560.SH,20211207,8.96,9.04,8.8,8.86,18858.0,16713.498
600560.SH,20211206,9.1,9.17,8.93,8.93,23976.8,21624.007
600560.SH,20211203,9.12,9.24,9.09,9.17,15835.0,14484.137
600560.SH,20211202,9.21,9.21,9.03,9.07,20030.0,18303.071
600560.SH,20211201,8.9,9.27,8.88,9.21,28236.6,25850.622
600560.SH,20211130,8.79,9.04,8.79,8.95,27324.09,24440.886
600560.SH,20211129,8.75,8.84,8.71,8.78,18487.74,16258.914
600560.SH,20211126,8.98,8.99,8.82,8.83,18682.61,16577.148
600560.SH,20211125,8.98,9.01,8.92,8.96,13255.99,11887.158
600560.SH,20211124,8.99,9.01,8.9,8.95,13907.0,12458.983
600560.SH,20211123,8.94,8.98,8.88,8.98,15344.01,13709.638
600560.SH,20211122,8.97,8.97,8.87,8.94,14090.0,12584.375
600560.SH,20211119,8.85,8.97,8.78,8.94,20606.23,18335.69
600560.SH,20211118,8.92,8.95,8.8,8.83,12229.0,10829.33
600560.SH,20211117,8.67,8.94,8.67,8.92,22727.61,20086.907
600560.SH,20211116,8.87,8.9,8.68,8.71,19799.0,17359.589
600560.SH,20211115,8.71,8.95,8.71,8.89,27201.0,24091.735
600560.SH,20211112,8.66,8.76,8.66,8.74,11916.85,10395.718
600560.SH,20211111,8.55,8.72,8.55,8.7,16138.0,13993.909
600560.SH,20211110,8.51,8.57,8.43,8.57,11055.22,9399.586
600560.SH,20211109,8.41,8.55,8.41,8.53,15619.0,13250.451
600560.SH,20211108,8.4,8.43,8.31,8.42,9797.15,8216.193
600560.SH,20211105,8.39,8.44,8.34,8.36,13111.0,10996.252
600560.SH,20211104,8.22,8.42,8.21,8.39,14849.12,12380.938
600560.SH,20211103,8.22,8.34,8.17,8.32,8947.12,7403.304
600560.SH,20211102,8.39,8.47,8.17,8.21,16958.0,14056.215
600560.SH,20211101,8.3,8.46,8.29,8.41,14057.0,11803.24
600560.SH,20211029,8.18,8.33,8.13,8.3,15473.0,12770.863
600560.SH,20211028,8.2,8.28,8.12,8.14,12984.0,10617.827
600560.SH,20211027,8.4,8.44,8.16,8.2,20525.0,16904.032
600560.SH,20211026,8.56,8.57,8.38,8.4,19138.0,16202.017
600560.SH,20211025,8.58,8.58,8.4,8.58,18644.0,15841.317
600560.SH,20211022,8.75,8.75,8.53,8.58,13083.0,11299.06
600560.SH,20211021,8.81,8.83,8.68,8.7,18730.45,16342.078
600560.SH,20211020,8.9,8.95,8.82,8.83,11234.12,9975.438
600560.SH,20211019,8.82,8.92,8.67,8.9,13575.0,12046.533
600560.SH,20211018,8.77,8.85,8.68,8.82,13398.0,11747.641
600560.SH,20211015,8.8,8.81,8.72,8.75,13282.0,11648.718
600560.SH,20211014,8.66,8.78,8.66,8.76,11924.0,10417.256
600560.SH,20211013,8.68,8.74,8.61,8.71,13535.0,11751.909
600560.SH,20211012,8.85,8.87,8.64,8.72,17853.0,15584.055
600560.SH,20211011,8.97,9.01,8.85,8.89,11919.0,10594.926
600560.SH,20211008,8.85,8.98,8.82,8.97,13580.01,12132.935
600560.SH,20210930,8.62,8.82,8.62,8.81,15407.25,13466.001
600560.SH,20210929,8.81,8.86,8.59,8.62,18510.0,16138.022
600560.SH,20210928,8.76,8.88,8.74,8.85,15735.01,13874.949
600560.SH,20210927,9.29,9.4,8.82,8.84,30653.0,27581.31
600560.SH,20210924,9.55,9.58,9.29,9.29,24436.0,22921.28
600560.SH,20210923,9.69,9.69,9.53,9.6,18555.0,17811.347
600560.SH,20210922,9.39,9.65,9.37,9.64,19929.0,19003.9
600560.SH,20210917,9.61,9.67,9.33,9.5,27616.0,26279.807
600560.SH,20210916,9.83,9.96,9.65,9.68,25519.34,25008.753
600560.SH,20210915,9.64,9.85,9.44,9.85,30204.6,29388.297
600560.SH,20210914,9.82,9.82,9.52,9.6,22452.0,21732.437
600560.SH,20210913,9.85,9.85,9.63,9.82,19210.87,18712.128
600560.SH,20210910,9.94,9.96,9.78,9.82,25954.0,25576.333
600560.SH,20210909,10.02,10.02,9.86,9.93,26099.0,25873.176
600560.SH,20210908,9.97,10.06,9.9,10.06,27645.31,27606.331
600560.SH,20210907,10.01,10.05,9.89,9.94,24465.0,24310.136
600560.SH,20210906,9.99,10.0,9.79,9.99,23743.92,23561.43
600560.SH,20210903,9.81,10.15,9.77,9.9,36590.34,36484.488
600560.SH,20210902,9.73,9.84,9.68,9.79,21626.0,21120.028
600560.SH,20210901,9.94,10.2,9.68,9.74,42287.0,41830.364
600560.SH,20210831,9.88,10.37,9.75,9.95,46551.0,46636.236
600560.SH,20210830,9.96,10.06,9.79,9.9,33321.0,33005.598
600560.SH,20210827,10.0,10.18,9.87,10.04,28642.0,28638.676
600560.SH,20210826,10.17,10.22,9.99,10.03,33892.37,34168.497
600560.SH,20210825,9.95,10.23,9.85,10.19,38003.0,38560.359
600560.SH,20210824,9.9,10.17,9.85,10.04,47563.48,47620.543
600560.SH,20210823,9.32,9.92,9.29,9.9,51567.17,50149.932
600560.SH,20210820,9.32,9.32,9.05,9.26,17860.0,16372.239
600560.SH,20210819,9.36,9.37,9.19,9.27,15351.0,14237.411
600560.SH,20210818,9.27,9.44,9.21,9.38,18452.0,17249.925
600560.SH,20210817,9.54,9.6,9.26,9.27,23634.0,22192.45
600560.SH,20210816,9.69,9.71,9.54,9.59,17432.42,16771.436
600560.SH,20210813,9.72,9.8,9.6,9.66,23173.34,22418.45
600560.SH,20210812,9.8,9.84,9.68,9.75,21718.34,21213.993
600560.SH,20210811,9.68,9.79,9.63,9.72,24111.59,23436.661
600560.SH,20210810,9.65,9.93,9.61,9.73,30807.0,30053.85
600560.SH,20210809,9.67,9.75,9.54,9.65,28416.0,27354.474
600560.SH,20210806,9.56,9.72,9.42,9.67,37933.87,36259.405
600560.SH,20210805,9.5,9.65,9.42,9.53,44408.04,42416.855
600560.SH,20210804,9.42,9.69,8.45,9.5,69619.04,66405.929
600560.SH,20210803,9.2,9.54,9.1,9.39,55522.38,52323.823
600560.SH,20210802,8.95,9.23,8.89,9.2,29035.0,26448.881
600560.SH,20210730,8.67,8.98,8.61,8.95,20242.0,17916.12
600560.SH,20210729,8.5,8.72,8.5,8.68,16120.98,13931.564
600560.SH,20210728,8.98,8.99,8.44,8.46,35013.98,30158.166
600560.SH,20210727,9.0,9.25,9.0,9.05,32193.0,29419.551
600560.SH,20210726,9.13,9.13,8.92,9.04,23344.5,21019.957
600560.SH,20210723,9.17,9.22,9.02,9.09,20945.25,19109.146
600560.SH,20210722,9.15,9.22,9.11,9.18,18235.25,16714.532
600560.SH,20210721,9.07,9.2,9.07,9.16,21711.25,19842.0
600560.SH,20210720,8.93,9.08,8.87,9.07,16111.0,14452.489
600560.SH,20210719,8.99,9.02,8.83,9.0,15893.03,14202.585
600560.SH,20210716,8.96,9.07,8.92,9.0,19847.0,17859.998
600560.SH,20210715,9.16,9.16,8.88,8.97,37940.0,34039.179
600560.SH,20210714,9.35,9.35,9.13,9.17,25593.18,23515.565
600560.SH,20210713,9.33,9.36,9.23,9.35,20802.04,19358.313
600560.SH,20210712,9.13,9.38,9.13,9.33,35062.0,32497.866
600560.SH,20210709,9.15,9.29,9.09,9.12,31255.0,28720.366
600560.SH,20210708,9.1,9.21,9.08,9.16,19299.25,17662.808
600560.SH,20210707,9.08,9.17,9.06,9.14,18513.0,16872.449
600560.SH,20210706,9.03,9.13,9.01,9.13,20788.0,18869.986
600560.SH,20210705,8.83,9.05,8.83,9.04,17877.0,16038.949
600560.SH,20210702,8.84,8.91,8.76,8.84,13197.13,11660.586
600560.SH,20210701,9.08,9.08,8.83,8.84,15996.78,14344.906
600560.SH,20210630,8.88,9.09,8.8,9.06,23663.1,21228.577
600560.SH,20210629,9.01,9.05,8.86,8.86,14048.0,12561.567
600560.SH,20210628,8.94,9.02,8.9,9.0,13303.31,11915.5
600560.SH,20210625,9.09,9.09,8.9,8.95,18626.02,16695.654
600560.SH,20210624,9.13,9.15,9.03,9.06,14754.0,13391.29
600560.SH,20210623,9.14,9.2,9.06,9.09,14544.0,13255.171
600560.SH,20210622,9.09,9.17,9.03,9.12,22327.0,20309.893
600560.SH,20210621,8.9,9.06,8.86,9.04,20406.0,18375.641
600560.SH,20210618,8.74,8.93,8.71,8.9,13921.0,12309.647
600560.SH,20210617,8.73,8.82,8.65,8.75,12983.53,11341.787
600560.SH,20210616,8.87,8.88,8.73,8.76,16919.0,14901.293
600560.SH,20210615,8.97,9.03,8.82,8.87,19812.01,17649.535
600560.SH,20210611,9.11,9.16,8.97,8.97,21422.31,19377.71
600560.SH,20210610,9.0,9.14,8.95,9.14,28310.0,25635.182
600560.SH,20210609,8.92,9.03,8.91,9.02,18576.87,16686.606
600560.SH,20210608,8.95,9.04,8.95,8.99,18021.83,16218.94
600560.SH,20210607,8.92,8.98,8.87,8.97,13048.5,11654.269
600560.SH,20210604,9.0,9.0,8.85,8.92,13249.87,11807.791
600560.SH,20210603,8.91,9.05,8.86,8.99,17190.87,15450.637
600560.SH,20210602,9.06,9.06,8.87,8.92,17077.0,15265.8
600560.SH,20210601,8.88,9.07,8.84,9.01,25818.62,23178.202
600560.SH,20210531,8.78,8.92,8.78,8.88,13115.02,11598.602
600560.SH,20210528,8.92,8.96,8.78,8.81,16393.25,14504.372
600560.SH,20210527,8.93,8.97,8.86,8.96,15900.5,14175.983
600560.SH,20210526,8.96,8.99,8.88,8.94,22121.16,19744.089
600560.SH,20210525,8.96,9.01,8.83,8.93,19134.16,17039.426
600560.SH,20210524,8.91,9.0,8.75,8.98,29657.0,26447.257
600560.SH,20210521,9.0,9.13,8.9,8.93,29885.3,26848.892
600560.SH,20210520,8.81,9.29,8.81,9.02,55844.75,50880.543
600560.SH,20210519,9.01,9.01,8.84,8.91,25546.5,22786.838
600560.SH,20210518,8.6,9.02,8.56,9.01,40181.0,35488.404
600560.SH,20210517,8.72,8.84,8.57,8.61,15060.0,13021.313
600560.SH,20210514,8.68,8.74,8.62,8.72,19501.75,16950.42
600560.SH,20210513,8.74,8.85,8.62,8.65,35556.35,31025.338
600560.SH,20210512,8.67,9.29,8.56,8.88,61423.67,55038.517
600560.SH,20210511,8.34,8.68,8.32,8.63,28577.5,24485.156
600560.SH,20210510,8.38,8.38,8.25,8.37,12214.0,10158.174
600560.SH,20210507,8.36,8.4,8.29,8.33,7973.76,6656.926
600560.SH,20210506,8.33,8.4,8.32,8.37,6304.76,5265.284
600560.SH,20210430,8.46,8.46,8.23,8.34,12324.0,10278.528
600560.SH,20210429,8.5,8.5,8.41,8.46,6875.34,5810.488
600560.SH,20210428,8.63,8.66,8.43,8.46,13461.76,11452.838
600560.SH,20210427,8.66,8.72,8.55,8.64,10716.26,9228.817
600560.SH,20210426,8.51,8.73,8.51,8.68,19386.63,16753.397
600560.SH,20210423,8.61,8.61,8.46,8.51,10810.0,9211.128
600560.SH,20210422,8.55,8.72,8.51,8.63,13937.0,12034.637
600560.SH,20210421,8.5,8.61,8.43,8.54,10950.0,9368.846
600560.SH,20210420,8.6,8.65,8.51,8.51,11753.5,10085.13
600560.SH,20210419,8.59,8.64,8.56,8.61,12061.87,10363.182
600560.SH,20210416,8.48,8.6,8.48,8.58,10763.0,9204.604
600560.SH,20210415,8.4,8.5,8.36,8.49,12266.48,10378.629
600560.SH,20210414,8.34,8.42,8.28,8.4,9197.27,7691.965
600560.SH,20210413,8.38,8.38,8.27,8.35,11496.0,9549.142
600560.SH,20210412,8.41,8.46,8.33,8.37,10542.0,8852.844
600560.SH,20210409,8.58,8.63,8.38,8.41,25654.5,21767.852
600560.SH,20210408,8.67,8.76,8.57,8.6,16613.21,14378.765
600560.SH,20210407,8.64,8.68,8.59,8.67,12571.0,10865.457
600560.SH,20210406,8.56,8.64,8.45,8.64,15124.14,12937.665
600560.SH,20210402,8.66,8.69,8.57,8.58,15776.0,13600.753
600560.SH,20210401,8.54,8.66,8.48,8.66,17608.0,15154.193
600560.SH,20210331,8.58,8.59,8.49,8.56,10202.5,8711.406
600560.SH,20210330,8.66,8.66,8.47,8.55,15580.04,13302.801
600560.SH,20210329,8.74,8.78,8.6,8.66,17701.22,15363.629
600560.SH,20210326,8.86,8.88,8.7,8.78,19415.21,17044.351
600560.SH,20210325,8.89,9.05,8.73,8.79,22585.5,20040.865
600560.SH,20210324,8.71,9.04,8.68,8.8,29017.0,25820.842
600560.SH,20210323,9.04,9.12,8.77,8.78,45713.26,40752.421
600560.SH,20210322,8.72,9.31,8.62,9.18,69917.0,63213.258
600560.SH,20210319,8.5,8.73,8.45,8.71,19964.05,17263.694
600560.SH,20210318,8.67,8.69,8.56,8.6,15208.0,13076.337
600560.SH,20210317,8.62,8.74,8.55,8.64,21111.78,18236.129
600560.SH,20210316,8.54,8.67,8.38,8.65,31530.0,26845.708
600560.SH,20210315,8.41,8.72,8.38,8.56,38115.97,32691.552
600560.SH,20210312,8.29,8.35,8.17,8.34,11945.0,9898.581
600560.SH,20210311,8.13,8.26,8.06,8.26,9678.89,7919.085
600560.SH,20210310,8.24,8.35,8.08,8.11,12749.37,10470.405
600560.SH,20210309,8.44,8.55,8.18,8.22,21065.25,17487.613
600560.SH,20210308,8.45,8.6,8.42,8.45,18776.41,15971.886
600560.SH,20210305,8.25,8.49,8.22,8.45,20819.58,17510.42
600560.SH,20210304,8.47,8.56,8.4,8.43,14352.0,12162.614
600560.SH,20210303,8.47,8.53,8.42,8.47,12162.0,10289.17
600560.SH,20210302,8.45,8.56,8.36,8.45,18271.0,15447.516
600560.SH,20210301,8.34,8.51,8.3,8.48,21126.01,17809.279
600560.SH,20210226,8.11,8.5,8.1,8.36,22785.0,18972.234
600560.SH,20210225,8.27,8.31,8.16,8.2,8894.01,7296.917
600560.SH,20210224,8.24,8.36,8.18,8.26,14813.0,12262.249
600560.SH,20210223,8.24,8.35,8.18,8.21,18681.0,15386.049
600560.SH,20210222,8.48,8.6,8.32,8.35,35384.0,29930.487
600560.SH,20210219,7.91,8.09,7.85,8.09,12772.0,10226.494
600560.SH,20210218,7.75,7.96,7.75,7.9,11900.0,9402.757
600560.SH,20210210,7.73,7.73,7.66,7.7,9392.0,7226.822
600560.SH,20210209,7.56,7.74,7.5,7.73,13886.0,10575.176
600560.SH,20210208,7.57,7.7,7.49,7.62,10736.45,8180.155
600560.SH,20210205,7.77,7.83,7.56,7.56,8695.45,6665.206
600560.SH,20210204,7.86,7.89,7.55,7.72,18441.0,14170.43
600560.SH,20210203,8.1,8.15,7.8,7.81,23026.5,18330.482
600560.SH,20210202,7.99,8.15,7.96,8.15,9333.0,7533.25
600560.SH,20210201,8.07,8.12,7.95,8.05,15465.5,12418.542
600560.SH,20210129,8.11,8.5,8.07,8.17,23532.02,19388.241
600560.SH,20210128,7.89,8.16,7.89,8.05,11702.62,9437.492
600560.SH,20210127,8.09,8.11,7.88,7.99,24385.0,19499.942
600560.SH,20210126,8.23,8.25,8.08,8.13,10432.0,8505.201
600560.SH,20210125,8.37,8.45,8.18,8.22,10155.0,8395.702
600560.SH,20210122,8.56,8.56,8.34,8.37,10787.15,9058.498
600560.SH,20210121,8.5,8.6,8.48,8.53,10420.0,8902.861
600560.SH,20210120,8.5,8.55,8.44,8.51,10372.62,8824.598
600560.SH,20210119,8.48,8.55,8.38,8.49,10078.23,8543.244
600560.SH,20210118,8.42,8.52,8.37,8.48,12957.0,10975.375
600560.SH,20210115,8.22,8.4,8.21,8.39,14627.61,12177.447
600560.SH,20210114,8.13,8.28,8.06,8.22,12237.6,10022.972
600560.SH,20210113,8.26,8.28,7.98,8.12,17973.37,14560.165
600560.SH,20210112,8.24,8.39,8.18,8.23,14188.14,11766.138
600560.SH,20210111,8.71,8.71,8.2,8.24,28924.0,24279.286
600560.SH,20210108,8.75,8.82,8.6,8.76,13497.03,11776.602
600560.SH,20210107,9.04,9.06,8.67,8.75,18254.75,16108.733
600560.SH,20210106,9.28,9.28,9.02,9.04,14741.0,13388.862
600560.SH,20210105,9.2,9.32,9.15,9.26,15333.25,14156.38
600560.SH,20210104,9.04,9.3,9.02,9.27,24616.0,22670.967
600560.SH,20201231,8.88,9.04,8.82,9.04,14883.75,13355.717
600560.SH,20201230,8.82,8.93,8.76,8.87,12164.0,10747.996
600560.SH,20201229,8.8,8.93,8.76,8.82,13063.0,11556.269
600560.SH,20201228,8.81,8.9,8.62,8.81,15417.0,13534.681
600560.SH,20201225,8.7,8.88,8.7,8.81,15857.0,13984.081
600560.SH,20201224,9.09,9.09,8.76,8.79,18608.0,16533.902
600560.SH,20201223,9.02,9.06,8.96,9.04,16170.88,14564.644
600560.SH,20201222,9.16,9.22,8.99,9.0,15507.0,14100.625
600560.SH,20201221,9.18,9.25,9.06,9.23,12138.0,11161.048
600560.SH,20201218,9.15,9.2,9.09,9.18,12558.0,11487.555
600560.SH,20201217,9.18,9.19,8.89,9.17,23938.0,21630.354
600560.SH,20201216,9.32,9.32,9.18,9.18,11670.0,10781.582
600560.SH,20201215,9.28,9.32,9.21,9.28,8412.0,7801.728
600560.SH,20201214,9.21,9.32,9.19,9.28,11260.0,10416.74
600560.SH,20201211,9.52,9.56,9.18,9.24,20489.08,19060.507
600560.SH,20201210,9.52,9.6,9.42,9.53,12576.0,11959.973
600560.SH,20201209,9.76,9.78,9.54,9.54,16971.0,16404.784
600560.SH,20201208,9.69,9.78,9.66,9.71,11562.0,11231.051
600560.SH,20201207,9.88,9.89,9.64,9.69,20997.01,20483.2
600560.SH,20201204,9.83,9.89,9.83,9.88,14413.0,14206.31
600560.SH,20201203,9.97,10.03,9.83,9.85,20253.0,20073.917
600560.SH,20201202,9.98,10.04,9.94,10.01,21376.0,21354.649
600560.SH,20201201,10.06,10.06,9.85,9.98,29624.0,29501.268
600560.SH,20201130,10.13,10.22,10.05,10.05,23805.01,24089.905
600560.SH,20201127,10.13,10.27,10.02,10.16,24648.97,24952.244
600560.SH,20201126,10.05,10.18,9.95,10.18,24925.01,25110.705
600560.SH,20201125,10.05,10.28,10.02,10.05,40289.48,40949.705
600560.SH,20201124,10.04,10.09,9.96,10.05,21007.5,21055.757
600560.SH,20201123,9.96,10.06,9.87,10.02,22362.23,22327.858
600560.SH,20201120,9.96,10.0,9.9,9.96,20649.0,20525.52
600560.SH,20201119,9.87,9.98,9.8,9.96,26919.59,26628.762
600560.SH,20201118,9.86,9.89,9.79,9.85,20046.6,19702.525
600560.SH,20201117,9.97,9.97,9.76,9.82,25862.63,25425.755
600560.SH,20201116,9.9,10.1,9.84,9.97,35056.95,34860.905
600560.SH,20201113,9.7,10.3,9.57,9.91,38085.4,37602.511
600560.SH,20201112,9.63,9.74,9.61,9.74,12630.0,12201.729
600560.SH,20201111,9.69,9.75,9.57,9.63,18669.02,18038.066
600560.SH,20201110,9.79,9.93,9.68,9.73,22861.02,22393.993
600560.SH,20201109,9.68,9.86,9.68,9.79,30061.0,29455.062
600560.SH,20201106,9.77,9.77,9.6,9.65,17104.0,16532.776
600560.SH,20201105,9.78,9.84,9.67,9.75,23670.0,23066.635
600560.SH,20201104,9.7,9.78,9.62,9.73,18050.69,17517.2
600560.SH,20201103,9.52,9.75,9.46,9.73,25020.4,24186.767
600560.SH,20201102,9.34,9.51,9.23,9.51,18586.17,17470.012
600560.SH,20201030,9.58,9.6,9.34,9.36,23817.98,22570.769
600560.SH,20201029,9.44,9.62,9.41,9.53,21604.0,20622.966
600560.SH,20201028,9.56,9.63,9.35,9.59,25002.12,23803.976
600560.SH,20201027,9.45,9.55,9.36,9.55,28103.16,26618.174
600560.SH,20201026,9.25,9.6,9.24,9.47,42484.51,40288.619
600560.SH,20201023,9.31,9.39,9.18,9.2,12384.0,11501.43
600560.SH,20201022,9.31,9.35,9.18,9.29,11250.0,10404.183
600560.SH,20201021,9.54,9.54,9.27,9.32,21777.01,20345.987
600560.SH,20201020,9.41,9.56,9.35,9.56,16333.51,15410.702
600560.SH,20201019,9.6,9.66,9.44,9.47,21753.92,20793.018
600560.SH,20201016,9.52,9.52,9.37,9.51,12639.75,11948.427
600560.SH,20201015,9.49,9.58,9.46,9.48,11792.0,11216.665
600560.SH,20201014,9.63,9.65,9.48,9.52,17928.02,17115.494
600560.SH,20201013,9.63,9.68,9.58,9.66,14421.0,13883.855
600560.SH,20201012,9.48,9.66,9.46,9.66,18689.0,17931.806
600560.SH,20201009,9.38,9.5,9.38,9.43,13198.51,12453.866
600560.SH,20200930,9.29,9.36,9.24,9.27,9410.0,8754.258
600560.SH,20200929,9.19,9.33,9.18,9.29,12990.58,12048.461
600560.SH,20200928,9.26,9.29,9.14,9.18,10999.65,10146.449
600560.SH,20200925,9.46,9.48,9.2,9.26,17923.0,16703.452
600560.SH,20200924,9.65,9.65,9.38,9.39,20501.01,19465.394
600560.SH,20200923,9.74,9.78,9.66,9.72,16528.1,16059.104
600560.SH,20200922,9.89,9.95,9.69,9.73,19309.0,18967.396
600560.SH,20200921,10.15,10.15,9.95,10.0,14866.0,14895.133
600560.SH,20200918,10.03,10.12,9.92,10.05,20507.0,20584.335
600560.SH,20200917,9.94,10.04,9.83,9.98,15479.0,15399.272
600560.SH,20200916,9.92,9.97,9.83,9.94,11858.09,11754.546
600560.SH,20200915,10.01,10.1,9.91,9.97,14816.0,14787.592
600560.SH,20200914,9.88,10.07,9.88,10.01,18006.01,17968.961
600560.SH,20200911,9.89,9.97,9.67,9.87,29489.0,28927.171
600560.SH,20200910,10.67,10.71,9.85,9.95,57224.01,58473.578
600560.SH,20200909,10.54,10.83,10.45,10.62,56306.11,60080.658
600560.SH,20200908,10.5,10.62,10.32,10.57,27080.39,28489.608
600560.SH,20200907,10.69,10.69,10.35,10.43,38329.58,40285.21
600560.SH,20200904,10.28,10.59,10.14,10.59,26963.01,28037.932
600560.SH,20200903,10.62,10.62,10.34,10.41,26444.69,27695.012
600560.SH,20200902,10.52,10.65,10.38,10.61,33302.65,35030.115
600560.SH,20200901,10.47,10.56,10.4,10.52,18654.75,19541.602
600560.SH,20200831,10.41,10.58,10.4,10.44,29596.65,31090.255
600560.SH,20200828,10.3,10.36,10.17,10.35,22805.0,23451.863
600560.SH,20200827,10.09,10.36,10.09,10.28,21151.19,21682.231
600560.SH,20200826,10.38,10.4,10.09,10.15,36018.16,36897.017
600560.SH,20200825,10.46,10.61,10.39,10.42,24931.03,26166.611
600560.SH,20200824,10.43,10.58,10.21,10.5,34299.01,35577.233
600560.SH,20200821,10.58,10.72,10.45,10.48,37253.65,39381.299
600560.SH,20200820,10.7,10.77,10.4,10.58,27033.75,28700.524
600560.SH,20200819,10.84,10.84,10.65,10.7,32914.65,35339.101
600560.SH,20200818,10.77,10.87,10.71,10.85,34156.5,36874.868
600560.SH,20200817,10.58,10.8,10.57,10.75,34514.15,36920.894
600560.SH,20200814,10.54,10.64,10.29,10.64,31625.5,33033.098
600560.SH,20200813,10.41,10.65,10.41,10.51,31892.5,33693.493
600560.SH,20200812,10.49,10.62,10.16,10.37,38980.9,40173.556
600560.SH,20200811,11.03,11.03,10.51,10.54,45104.0,48545.407
600560.SH,20200810,10.8,11.05,10.72,10.98,39920.81,43731.226
600560.SH,20200807,11.13,11.18,10.69,10.84,55744.73,60650.106
600560.SH,20200806,11.19,11.22,10.93,11.17,49159.0,54541.333
600560.SH,20200805,11.19,11.28,10.95,11.17,56581.17,62877.672
600560.SH,20200804,11.72,11.72,11.01,11.17,121243.18,137148.203
600560.SH,20200803,11.46,11.78,11.37,11.68,98370.5,113766.885
600560.SH,20200731,11.48,11.55,11.2,11.5,98767.05,112692.809
600560.SH,20200730,11.03,11.73,10.93,11.62,164323.17,186270.491
600560.SH,20200729,11.2,11.2,10.81,11.12,109159.5,119866.516
600560.SH,20200728,10.66,11.16,10.54,11.16,131888.65,144681.916
600560.SH,20200727,10.38,10.78,10.38,10.54,53047.38,56113.026
600560.SH,20200724,10.71,11.04,10.37,10.38,78107.01,83467.458
600560.SH,20200723,10.48,10.83,10.24,10.83,71935.68,75696.856
600560.SH,20200722,10.68,10.81,10.56,10.59,55374.0,59320.654
600560.SH,20200721,10.61,10.75,10.48,10.7,41501.0,44151.98
600560.SH,20200720,10.2,10.67,10.2,10.67,51889.65,54391.167
600560.SH,20200717,10.11,10.25,10.02,10.14,30937.37,31374.04
600560.SH,20200716,10.57,10.73,10.08,10.14,52211.92,54325.246
600560.SH,20200715,11.11,11.13,10.47,10.6,75006.35,80445.243
600560.SH,20200714,10.9,11.35,10.77,11.05,94724.41,104335.233
600560.SH,20200713,10.55,10.95,10.51,10.92,76814.76,82635.873
600560.SH,20200710,10.73,10.87,10.47,10.51,80944.01,86165.99
600560.SH,20200709,10.41,10.9,10.36,10.84,109266.25,116259.733
600560.SH,20200708,10.22,10.48,10.13,10.43,78102.24,80819.985
600560.SH,20200707,10.25,10.43,10.02,10.2,98453.41,100538.121
600560.SH,20200706,9.91,10.26,9.89,10.19,78889.29,79767.751
600560.SH,20200703,9.75,9.88,9.71,9.87,60522.78,59431.726
600560.SH,20200702,9.55,9.77,9.55,9.76,57092.49,55223.258
600560.SH,20200701,9.5,9.88,9.46,9.67,74905.5,72472.108
600560.SH,20200630,9.32,9.43,9.29,9.41,29436.5,27556.136
600560.SH,20200629,9.36,9.39,9.22,9.27,33486.01,31102.288
600560.SH,20200624,9.39,9.65,9.39,9.48,41356.0,39353.73
600560.SH,20200623,9.45,9.5,9.31,9.33,40119.0,37636.586
600560.SH,20200622,9.67,9.77,9.48,9.53,50985.59,49097.708
600560.SH,20200619,9.48,9.55,9.43,9.51,30156.07,28629.526
600560.SH,20200618,9.34,9.52,9.3,9.48,35628.7,33712.628
600560.SH,20200617,9.38,9.41,9.28,9.35,31378.07,29317.021
600560.SH,20200616,9.25,9.45,9.2,9.41,30306.28,28287.191
600560.SH,20200615,9.2,9.33,9.16,9.19,35052.03,32355.831
600560.SH,20200612,9.13,9.31,9.03,9.23,44403.01,40684.006
600560.SH,20200611,9.55,9.56,9.32,9.32,44229.0,41787.411
600560.SH,20200610,9.54,9.61,9.47,9.52,30089.2,28690.887
600560.SH,20200609,9.65,9.69,9.48,9.57,32035.92,30652.281
600560.SH,20200608,9.65,9.79,9.59,9.65,40718.25,39385.406
600560.SH,20200605,9.57,9.67,9.46,9.57,34947.0,33413.679
600560.SH,20200604,9.72,9.76,9.55,9.57,41179.57,39602.146
600560.SH,20200603,9.79,9.87,9.7,9.7,54251.48,53066.872
600560.SH,20200602,9.76,9.84,9.64,9.83,52361.1,51018.924
600560.SH,20200601,9.41,9.73,9.41,9.72,55962.0,53837.432
600560.SH,20200529,9.39,9.52,9.32,9.41,36845.0,34768.33
600560.SH,20200528,9.39,9.49,9.2,9.47,58229.09,54508.726
600560.SH,20200527,9.63,9.73,9.4,9.42,56539.09,53915.009
600560.SH,20200526,9.51,9.68,9.36,9.66,72859.09,69495.191
600560.SH,20200525,10.03,10.08,9.18,9.51,95860.01,90941.324
600560.SH,20200522,10.27,10.57,10.12,10.2,120687.07,124933.475
600560.SH,20200521,9.97,10.48,9.95,10.38,147185.99,151576.159
600560.SH,20200520,10.09,10.18,9.88,9.95,59627.28,59762.787
600560.SH,20200519,10.05,10.16,9.92,10.15,66694.0,67133.594
600560.SH,20200518,10.17,10.21,9.88,9.95,79477.28,79894.348
600560.SH,20200515,10.25,10.29,10.07,10.15,84710.0,86228.783
600560.SH,20200514,10.38,10.43,10.13,10.2,101911.91,104639.239
600560.SH,20200513,10.56,10.75,10.37,10.52,117961.0,124475.406
600560.SH,20200512,10.34,10.85,10.31,10.73,175721.01,186841.416
600560.SH,20200511,10.5,10.5,10.23,10.33,105083.0,108658.078
600560.SH,20200508,10.68,10.83,10.5,10.56,147414.01,156644.82
600560.SH,20200507,10.44,10.87,10.19,10.79,198656.02,208665.928
600560.SH,20200506,10.26,10.65,10.08,10.54,165624.01,172739.02
600560.SH,20200430,10.38,10.41,10.01,10.3,225978.15,231740.574
600560.SH,20200429,9.39,10.15,9.35,10.15,108007.01,107327.087
600560.SH,20200428,9.99,10.08,9.11,9.23,137400.01,129170.433
600560.SH,20200427,9.85,10.3,9.67,10.12,119384.14,119456.579
600560.SH,20200424,9.9,10.38,9.73,9.97,149454.14,150800.697
600560.SH,20200423,10.38,10.56,9.98,10.06,221981.29,226374.348
600560.SH,20200422,9.83,10.96,9.7,10.55,287778.09,303345.225
600560.SH,20200421,9.35,10.41,9.22,9.96,232451.1,227632.037
600560.SH,20200420,9.45,9.81,9.38,9.49,182979.0,174558.973
600560.SH,20200417,8.9,9.43,8.8,9.25,162028.01,148220.68
600560.SH,20200416,8.79,8.91,8.61,8.88,62564.01,55072.951
600560.SH,20200415,8.99,9.04,8.76,8.8,86014.01,76610.749
600560.SH,20200414,8.92,9.05,8.82,9.05,67642.01,60519.642
600560.SH,20200413,9.11,9.13,8.78,8.83,102010.0,90836.439
600560.SH,20200410,9.71,9.73,9.17,9.21,136295.83,127760.813
600560.SH,20200409,9.73,9.96,9.56,9.78,181310.94,177442.125
600560.SH,20200408,9.42,9.75,9.39,9.6,152121.03,145922.982
600560.SH,20200407,9.39,9.55,9.3,9.5,140920.03,132897.296
600560.SH,20200403,9.47,9.6,9.12,9.23,131878.66,123134.725
600560.SH,20200402,9.25,9.57,9.01,9.53,159602.28,149537.804
600560.SH,20200401,9.17,9.57,9.14,9.21,150074.0,139699.183
600560.SH,20200331,9.78,9.88,9.28,9.31,181023.38,172160.929
600560.SH,20200330,10.0,10.11,9.59,9.59,284988.11,276336.808
600560.SH,20200327,10.86,11.1,10.66,10.66,322010.33,346362.737
600560.SH,20200326,12.57,12.6,11.84,11.84,224751.0,270060.919
600560.SH,20200325,13.16,13.16,11.91,13.16,648745.75,840666.503
600560.SH,20200324,11.96,11.96,10.2,11.96,485804.44,563384.714
600560.SH,20200323,9.65,10.87,9.5,10.87,112840.32,119443.372
600560.SH,20200320,9.54,9.96,9.54,9.88,117695.14,115241.896
600560.SH,20200319,9.05,9.67,9.05,9.46,104327.14,97025.603
600560.SH,20200318,10.14,10.37,9.35,9.36,161033.14,160413.657
600560.SH,20200317,9.81,10.36,9.21,10.14,184513.59,181032.888
600560.SH,20200316,11.23,11.48,9.83,9.89,280881.62,293139.972
600560.SH,20200313,9.4,10.92,9.38,10.92,275940.64,291576.756
600560.SH,20200312,9.02,9.99,9.02,9.93,136447.01,130110.563
600560.SH,20200311,9.57,10.1,9.2,9.28,117274.7,113176.53
600560.SH,20200310,8.99,9.9,8.8,9.63,133533.9,124179.017
600560.SH,20200309,9.91,10.4,9.34,9.34,189888.07,187198.787
600560.SH,20200306,8.87,9.91,8.87,9.91,100457.05,95241.24
600560.SH,20200305,8.97,9.15,8.91,9.01,65908.0,59414.838
600560.SH,20200304,8.62,8.94,8.59,8.89,47646.02,42083.884
600560.SH,20200303,8.73,9.0,8.6,8.68,52245.9,45949.682
600560.SH,20200302,8.28,8.66,8.26,8.56,33747.55,28585.399
600560.SH,20200228,8.59,8.7,8.18,8.18,52060.5,43913.265
600560.SH,20200227,8.72,8.88,8.58,8.88,38890.24,34140.282
600560.SH,20200226,8.64,8.97,8.58,8.72,42246.12,36998.509
600560.SH,20200225,8.75,8.88,8.36,8.82,57967.38,50402.74
600560.SH,20200224,8.8,9.32,8.62,8.98,65407.25,58276.404
600560.SH,20200221,8.53,8.67,8.49,8.56,37755.52,32389.423
600560.SH,20200220,8.45,8.55,8.3,8.55,41360.67,34923.128
600560.SH,20200219,8.35,8.57,8.28,8.48,44875.32,37842.562
600560.SH,20200218,8.26,8.39,8.19,8.39,32449.65,26893.918
600560.SH,20200217,7.99,8.24,7.97,8.22,28075.16,22829.964
600560.SH,20200214,7.86,8.08,7.85,7.95,23325.07,18548.182
600560.SH,20200213,8.03,8.09,7.87,7.89,22442.03,17876.587
600560.SH,20200212,7.87,8.06,7.87,8.04,20628.09,16480.577
600560.SH,20200211,7.98,8.06,7.9,7.91,19278.0,15377.223
600560.SH,20200210,7.9,8.02,7.83,8.0,22395.0,17741.219
600560.SH,20200207,7.8,7.94,7.76,7.9,30802.13,24170.529
600560.SH,20200206,7.65,7.93,7.58,7.83,31965.78,24816.664
600560.SH,20200205,7.55,7.77,7.48,7.66,21247.1,16278.725
600560.SH,20200204,7.25,7.57,7.16,7.47,36070.25,26781.513
600560.SH,20200203,7.65,7.65,7.65,7.65,6181.0,4728.465
600560.SH,20200123,8.96,9.02,8.39,8.5,35139.94,30467.825
600560.SH,20200122,9.04,9.08,8.86,9.04,19493.0,17498.562
600560.SH,20200121,9.11,9.13,9.01,9.02,16234.14,14704.843
600560.SH,20200120,8.93,9.19,8.88,9.15,22367.15,20261.385
600560.SH,20200117,8.98,9.0,8.92,8.93,11501.91,10302.489
600560.SH,20200116,9.06,9.09,8.95,8.95,15568.1,14025.442
600560.SH,20200115,9.03,9.1,8.93,9.03,18451.0,16594.669
600560.SH,20200114,9.12,9.15,9.07,9.1,21515.03,19594.839
600560.SH,20200113,9.14,9.14,9.0,9.11,30258.03,27448.476
600560.SH,20200110,9.28,9.28,9.02,9.14,35379.0,32273.059
600560.SH,20200109,8.99,9.18,8.99,9.16,32925.0,29933.156
600560.SH,20200108,9.04,9.09,8.84,8.93,34214.02,30681.202
600560.SH,20200107,8.94,9.15,8.93,9.12,35827.58,32420.765
600560.SH,20200106,8.81,9.07,8.79,8.95,34047.05,30530.724
600560.SH,20200103,8.87,8.88,8.78,8.85,20496.32,18114.089
600560.SH,20200102,8.73,8.84,8.7,8.84,21979.3,19329.009
