ts_code,trade_date,total_mv,pb,pe_ttm
002040.SZ,20260416,487459.038,1.4283,26.8505
002040.SZ,20260415,488434.932,1.4311,26.9043
002040.SZ,20260414,491362.6139,1.4397,27.0656
002040.SZ,20260413,494778.2428,1.4497,27.2537
002040.SZ,20260410,498193.8717,1.4597,27.4418
002040.SZ,20260409,499169.7657,1.4626,27.4956
002040.SZ,20260408,513808.1752,1.5055,28.3019
002040.SZ,20260407,503073.3415,1.474,27.7106
002040.SZ,20260403,492826.4549,1.444,27.1462
002040.SZ,20260402,506976.9174,1.4855,27.9256
002040.SZ,20260401,500633.6066,1.4669,27.5762
002040.SZ,20260331,491362.6139,1.4397,27.0656
002040.SZ,20260330,499657.7126,1.464,27.5225
002040.SZ,20260327,498193.8717,1.4597,27.4418
002040.SZ,20260326,495754.1368,1.4526,27.3075
002040.SZ,20260325,504049.2355,1.4769,27.7644
002040.SZ,20260324,496730.0307,1.4554,27.3612
002040.SZ,20260323,473308.5755,1.3868,26.0711
002040.SZ,20260320,501609.5006,1.4697,27.63
002040.SZ,20260319,511856.3873,1.4998,28.1944
002040.SZ,20260318,529422.4787,1.5512,29.162
002040.SZ,20260317,533814.0016,1.5641,29.4039
002040.SZ,20260316,546012.6762,1.5998,30.0758
002040.SZ,20260313,523567.1149,1.5341,28.8395
002040.SZ,20260312,538693.4714,1.5784,29.6727
002040.SZ,20260311,541621.1534,1.587,29.8339
002040.SZ,20260310,545036.7822,1.597,30.0221
002040.SZ,20260309,532838.1076,1.5612,29.3501
002040.SZ,20260306,545524.7292,1.5984,30.049
002040.SZ,20260305,544548.8353,1.5955,29.9952
002040.SZ,20260304,578217.1772,1.6942,31.8497
002040.SZ,20260303,642626.1792,1.8829,35.3976
002040.SZ,20260302,584072.541,1.7113,32.1723
002040.SZ,20260227,530886.3197,1.5715,31.3176
002040.SZ,20260226,520151.486,1.5397,30.6844
002040.SZ,20260225,525030.9559,1.5542,30.9722
002040.SZ,20260224,518199.6981,1.534,30.5692
002040.SZ,20260213,495754.1368,1.4675,29.2451
002040.SZ,20260212,507464.8644,1.5022,29.936
002040.SZ,20260211,508928.7054,1.5065,30.0223
002040.SZ,20260210,503073.3415,1.4892,29.6769
002040.SZ,20260209,501609.5006,1.4849,29.5905
002040.SZ,20260206,500633.6066,1.482,29.533
002040.SZ,20260205,499169.7657,1.4776,29.4466
002040.SZ,20260204,502097.4476,1.4863,29.6193
002040.SZ,20260203,494778.2428,1.4646,29.1876
002040.SZ,20260202,501609.5006,1.4849,29.5905
002040.SZ,20260130,533326.0546,1.5787,31.4615
002040.SZ,20260129,545524.7292,1.6149,32.1812
002040.SZ,20260128,530398.3727,1.5701,31.2888
002040.SZ,20260127,533814.0016,1.5802,31.4903
002040.SZ,20260126,520151.486,1.5397,30.6844
002040.SZ,20260123,509904.5993,1.5094,30.0799
002040.SZ,20260122,505513.0765,1.4964,29.8208
002040.SZ,20260121,498681.8187,1.4762,29.4178
002040.SZ,20260120,498681.8187,1.4762,29.4178
002040.SZ,20260119,504049.2355,1.4921,29.7345
002040.SZ,20260116,500145.6596,1.4805,29.5042
002040.SZ,20260115,506488.9704,1.4993,29.8784
002040.SZ,20260114,497705.9247,1.4733,29.3603
002040.SZ,20260113,504049.2355,1.4921,29.7345
002040.SZ,20260112,495266.1898,1.4661,29.2163
002040.SZ,20260109,489410.826,1.4487,28.8709
002040.SZ,20260108,487946.985,1.4444,28.7846
002040.SZ,20260107,485995.1971,1.4386,28.6694
002040.SZ,20260106,487946.985,1.4444,28.7846
002040.SZ,20260105,484531.3561,1.4343,28.5831
002040.SZ,20251231,480627.7802,1.4227,28.3528
002040.SZ,20251230,478675.9923,1.417,28.2377
002040.SZ,20251229,485019.3031,1.4357,28.6119
002040.SZ,20251226,490386.7199,1.4516,28.9285
002040.SZ,20251225,498193.8717,1.4747,29.389
002040.SZ,20251224,488922.879,1.4473,28.8421
002040.SZ,20251223,489898.7729,1.4502,28.8997
002040.SZ,20251222,507464.8644,1.5022,29.936
002040.SZ,20251219,487946.985,1.4444,28.7846
002040.SZ,20251218,480627.7802,1.4227,28.3528
002040.SZ,20251217,479651.8863,1.4199,28.2952
002040.SZ,20251216,478188.0453,1.4155,28.2089
002040.SZ,20251215,487946.985,1.4444,28.7846
002040.SZ,20251212,489410.826,1.4487,28.8709
002040.SZ,20251211,490386.7199,1.4516,28.9285
002040.SZ,20251210,504049.2355,1.4921,29.7345
002040.SZ,20251209,501609.5006,1.4849,29.5905
002040.SZ,20251208,504537.1825,1.4935,29.7632
002040.SZ,20251205,499657.7126,1.4791,29.4754
002040.SZ,20251204,495754.1368,1.4675,29.2451
002040.SZ,20251203,499169.7657,1.4776,29.4466
002040.SZ,20251202,500145.6596,1.4805,29.5042
002040.SZ,20251201,505513.0765,1.4964,29.8208
002040.SZ,20251128,498193.8717,1.4747,29.389
002040.SZ,20251127,489898.7729,1.4502,28.8997
002040.SZ,20251126,492826.4549,1.4589,29.0724
002040.SZ,20251125,495266.1898,1.4661,29.2163
002040.SZ,20251124,489410.826,1.4487,28.8709
002040.SZ,20251121,483067.5152,1.43,28.4967
002040.SZ,20251120,500633.6066,1.482,29.533
002040.SZ,20251119,506488.9704,1.4993,29.8784
002040.SZ,20251118,516247.9101,1.5282,30.4541
002040.SZ,20251117,540157.3124,1.599,31.8645
002040.SZ,20251114,536253.7365,1.5874,31.6342
002040.SZ,20251113,530398.3727,1.5701,31.2888
002040.SZ,20251112,526982.7438,1.56,31.0873
002040.SZ,20251111,535277.8425,1.5845,31.5767
002040.SZ,20251110,547964.4642,1.6221,32.3251
002040.SZ,20251107,544060.8883,1.6105,32.0948
002040.SZ,20251106,571385.9194,1.6914,33.7067
002040.SZ,20251105,600174.7916,1.7766,35.405
002040.SZ,20251104,589439.9579,1.7449,34.7718
002040.SZ,20251103,587000.223,1.7376,34.6278
002040.SZ,20251031,572849.7604,1.6957,33.7931
002040.SZ,20251030,587976.1169,1.7405,34.6854
002040.SZ,20251029,577241.2833,1.7087,34.0521
002040.SZ,20251028,573825.6544,1.6986,33.8507
002040.SZ,20251027,565042.6086,1.7024,35.2522
002040.SZ,20251024,566994.3966,1.7083,35.374
002040.SZ,20251023,575777.4423,1.7348,35.9219
002040.SZ,20251022,562602.8737,1.6951,35.1
002040.SZ,20251021,590903.7988,1.7803,36.8656
002040.SZ,20251020,600662.7385,1.8097,37.4745
002040.SZ,20251017,619204.724,1.8656,38.6313
002040.SZ,20251016,611885.5192,1.8436,38.1747
002040.SZ,20251015,566506.4496,1.7068,35.3435
002040.SZ,20251014,609933.7313,1.8377,38.0529
002040.SZ,20251013,554307.775,1.6701,34.5825
002040.SZ,20251010,504049.2355,1.5187,31.4469
002040.SZ,20251009,495754.1368,1.4937,30.9294
002040.SZ,20250930,492826.4549,1.4848,30.7467
002040.SZ,20250929,498681.8187,1.5025,31.112
002040.SZ,20250926,504537.1825,1.5201,31.4774
002040.SZ,20250925,548452.4111,1.6524,34.2172
002040.SZ,20250924,584560.488,1.7612,36.4699
002040.SZ,20250923,531374.2667,1.601,33.1517
002040.SZ,20250922,483067.5152,1.4554,30.1379
002040.SZ,20250919,502097.4476,1.5128,31.3251
002040.SZ,20250918,471356.7875,1.4202,29.4073
002040.SZ,20250917,496242.0837,1.4951,30.9598
002040.SZ,20250916,485995.1971,1.4643,30.3205
002040.SZ,20250915,468917.0526,1.4128,29.2551
002040.SZ,20250912,466477.3177,1.4055,29.1029
002040.SZ,20250911,469404.9996,1.4143,29.2855
002040.SZ,20250910,468429.1056,1.4113,29.2246
002040.SZ,20250909,464525.5297,1.3996,28.9811
002040.SZ,20250908,477212.1513,1.4378,29.7726
002040.SZ,20250905,462085.7948,1.3922,28.8289
002040.SZ,20250904,460134.0069,1.3863,28.7071
002040.SZ,20250903,464037.5827,1.3981,28.9506
002040.SZ,20250902,489410.826,1.4745,30.5336
002040.SZ,20250901,472332.6815,1.4231,29.4682
002040.SZ,20250829,470380.8935,1.4172,29.3464
002040.SZ,20250828,473308.5755,1.4482,29.5986
002040.SZ,20250827,474772.4164,1.4527,29.6902
002040.SZ,20250826,489410.826,1.4975,30.6056
002040.SZ,20250825,492826.4549,1.508,30.8192
002040.SZ,20250822,493314.4018,1.5095,30.8497
002040.SZ,20250821,500633.6066,1.5319,31.3074
002040.SZ,20250820,489898.7729,1.499,30.6361
002040.SZ,20250819,489898.7729,1.499,30.6361
002040.SZ,20250818,490874.6669,1.502,30.6971
002040.SZ,20250815,492338.5079,1.5065,30.7887
002040.SZ,20250814,490386.7199,1.5005,30.6666
002040.SZ,20250813,508440.7584,1.5557,31.7957
002040.SZ,20250812,521615.327,1.5961,32.6195
002040.SZ,20250811,474284.4694,1.4512,29.6597
002040.SZ,20250808,469892.9466,1.4378,29.385
002040.SZ,20250807,469892.9466,1.4378,29.385
002040.SZ,20250806,467941.1586,1.4318,29.263
002040.SZ,20250805,465989.3707,1.4259,29.1409
002040.SZ,20250804,463061.6888,1.4169,28.9578
002040.SZ,20250801,463061.6888,1.4169,28.9578
002040.SZ,20250731,463061.6888,1.4169,28.9578
002040.SZ,20250730,479163.9393,1.4662,29.9648
002040.SZ,20250729,476724.2043,1.4587,29.8122
002040.SZ,20250728,477700.0983,1.4617,29.8733
002040.SZ,20250725,481603.6742,1.4736,30.1174
002040.SZ,20250724,488434.932,1.4945,30.5446
002040.SZ,20250723,480139.8332,1.4692,30.0258
002040.SZ,20250722,485019.3031,1.4841,30.331
002040.SZ,20250721,491850.5609,1.505,30.7582
002040.SZ,20250718,495266.1898,1.4942,30.9718
002040.SZ,20250717,498681.8187,1.5045,31.1854
002040.SZ,20250716,496242.0837,1.4972,31.0328
002040.SZ,20250715,509904.5993,1.5384,31.8872
002040.SZ,20250714,502645.8799,1.5134,31.4333
002040.SZ,20250711,503625.6964,1.5163,31.4945
002040.SZ,20250710,506075.2377,1.5237,31.6477
002040.SZ,20250709,509504.5956,1.534,31.8622
002040.SZ,20250708,517343.1278,1.5576,32.3524
002040.SZ,20250707,511464.2287,1.5399,31.9847
002040.SZ,20250704,511954.1369,1.5414,32.0154
002040.SZ,20250703,520282.5774,1.5665,32.5362
002040.SZ,20250702,532040.3758,1.6019,33.2715
002040.SZ,20250701,536449.5502,1.6151,33.5472
002040.SZ,20250630,532040.3758,1.6019,33.2715
002040.SZ,20250627,515383.4948,1.5517,32.2298
002040.SZ,20250626,524691.7518,1.5797,32.8119
002040.SZ,20250625,528611.0179,1.5915,33.057
002040.SZ,20250624,563394.5048,1.6963,35.2322
002040.SZ,20250623,573192.6701,1.7258,35.845
002040.SZ,20250620,521262.394,1.5694,32.5975
002040.SZ,20250619,509994.5039,1.5355,31.8928
002040.SZ,20250618,546737.6237,1.6461,34.1906
002040.SZ,20250617,573682.5783,1.7272,35.8756
002040.SZ,20250616,568293.5874,1.711,35.5386
002040.SZ,20250613,582011.0188,1.7523,36.3964
002040.SZ,20250612,566823.8626,1.7066,35.4467
002040.SZ,20250611,600137.6246,1.8069,37.53
002040.SZ,20250610,564864.2295,1.7007,35.3241
002040.SZ,20250609,513423.8617,1.5458,32.1073
002040.SZ,20250606,497746.7972,1.4986,31.1269
002040.SZ,20250605,493337.6229,1.4853,30.8512
002040.SZ,20250604,514403.6783,1.5488,32.1685
002040.SZ,20250603,505095.4212,1.5207,31.5865
002040.SZ,20250530,497256.889,1.4971,31.0963
002040.SZ,20250529,531060.5593,1.5989,33.2102
002040.SZ,20250528,534000.0089,1.6078,33.394
002040.SZ,20250527,576132.1196,1.7346,36.0288
002040.SZ,20250526,560944.9634,1.6889,35.079
002040.SZ,20250523,623163.3131,1.8762,38.9699
002040.SZ,20250522,692240.3784,2.0842,43.2897
002040.SZ,20250521,645699.0933,1.9441,40.3792
002040.SZ,20250520,586910.1015,1.7671,36.7028
002040.SZ,20250519,551146.7981,1.6594,34.4663
002040.SZ,20250516,501176.1551,1.5089,31.3414
002040.SZ,20250515,455614.6865,1.3718,28.4921
002040.SZ,20250514,413972.4839,1.2464,25.888
002040.SZ,20250513,376249.5475,1.1328,23.529
002040.SZ,20250512,341955.969,1.0296,21.3844
002040.SZ,20250509,341466.0607,1.0281,21.3538
002040.SZ,20250508,338526.6111,1.0192,21.17
002040.SZ,20250507,337546.7946,1.0163,21.1087
002040.SZ,20250506,333627.5285,1.0045,20.8636
002040.SZ,20250430,326768.8128,0.9838,20.4347
002040.SZ,20250429,336077.0698,1.0119,21.0168
002040.SZ,20250428,348324.7764,1.0487,21.7827
002040.SZ,20250425,345385.3268,1.0572,23.1727
002040.SZ,20250424,342935.7855,1.0497,23.0083
002040.SZ,20250423,361062.3913,1.1051,24.2245
002040.SZ,20250422,375269.731,1.1486,25.1777
002040.SZ,20250421,355183.4921,1.0871,23.8301
002040.SZ,20250418,362532.1161,1.1096,24.3231
002040.SZ,20250417,400255.0525,1.2251,26.854
002040.SZ,20250416,364001.8409,1.1141,24.4217
002040.SZ,20250415,330688.0789,1.0122,22.1866
002040.SZ,20250414,335587.1615,1.0272,22.5153
002040.SZ,20250411,340976.1524,1.0437,22.8769
002040.SZ,20250410,350284.4095,1.0722,23.5014
002040.SZ,20250409,339506.4276,1.0392,22.7783
002040.SZ,20250408,308642.207,0.9447,20.7075
002040.SZ,20250407,297864.2251,0.9117,19.9844
002040.SZ,20250403,330688.0789,1.0122,22.1866
002040.SZ,20250402,322359.6384,0.9867,21.6278
002040.SZ,20250401,325299.088,0.9957,21.8251
002040.SZ,20250331,319910.097,0.9792,21.4635
002040.SZ,20250328,324319.2714,0.9927,21.7593
002040.SZ,20250327,330198.1706,1.0107,22.1538
002040.SZ,20250326,335587.1615,1.0272,22.5153
002040.SZ,20250325,331667.8954,1.0152,22.2524
002040.SZ,20250324,330198.1706,1.0107,22.1538
002040.SZ,20250321,333627.5285,1.0212,22.3838
002040.SZ,20250320,332157.8037,1.0167,22.2852
002040.SZ,20250319,333137.6202,1.0197,22.351
002040.SZ,20250318,338036.7029,1.0347,22.6797
002040.SZ,20250317,329218.3541,1.0077,22.088
002040.SZ,20250314,327748.6293,1.0032,21.9894
002040.SZ,20250313,321379.8218,0.9837,21.5621
002040.SZ,20250312,321869.7301,0.9852,21.595
002040.SZ,20250311,320400.0053,0.9807,21.4964
002040.SZ,20250310,317950.464,0.9732,21.332
002040.SZ,20250307,315011.0144,0.9642,21.1348
002040.SZ,20250306,316480.7392,0.9687,21.2334
002040.SZ,20250305,315990.8309,0.9672,21.2005
002040.SZ,20250304,317950.464,0.9732,21.332
002040.SZ,20250303,314521.1061,0.9627,21.1019
002040.SZ,20250228,315990.8309,0.9672,21.2005
002040.SZ,20250227,321379.8218,0.9837,21.5621
002040.SZ,20250226,321869.7301,0.991,18.3298
002040.SZ,20250225,317950.464,0.979,18.1066
002040.SZ,20250224,322359.6384,0.9925,18.3577
002040.SZ,20250221,319420.1888,0.9835,18.1903
002040.SZ,20250220,320889.9136,0.988,18.274
002040.SZ,20250219,320889.9136,0.988,18.274
002040.SZ,20250218,319910.097,0.985,18.2182
002040.SZ,20250217,327258.721,1.0076,18.6367
002040.SZ,20250214,324319.2714,0.9986,18.4693
002040.SZ,20250213,325788.9962,1.0031,18.553
002040.SZ,20250212,328728.4458,1.0121,18.7204
002040.SZ,20250211,330688.0789,1.0182,18.832
002040.SZ,20250210,327748.6293,1.0091,18.6646
002040.SZ,20250207,325788.9962,1.0031,18.553
002040.SZ,20250206,320889.9136,0.988,18.274
002040.SZ,20250205,318440.3723,0.9805,18.1345
002040.SZ,20250127,322849.5466,0.994,18.3856
002040.SZ,20250124,320400.0053,0.9865,18.2461
002040.SZ,20250123,321869.7301,0.991,18.3298
002040.SZ,20250122,319910.097,0.985,18.2182
002040.SZ,20250121,320400.0053,0.9865,18.2461
002040.SZ,20250120,322359.6384,0.9925,18.3577
002040.SZ,20250117,321869.7301,0.991,18.3298
002040.SZ,20250116,320889.9136,0.988,18.274
002040.SZ,20250115,321869.7301,0.991,18.3298
002040.SZ,20250114,319420.1888,0.9835,18.1903
002040.SZ,20250113,310601.84,0.9563,17.6881
002040.SZ,20250110,310601.84,0.9563,17.6881
002040.SZ,20250109,312561.4731,0.9624,17.7997
002040.SZ,20250108,317460.5557,0.9774,18.0787
002040.SZ,20250107,310111.9317,0.9548,17.6602
002040.SZ,20250106,305212.8491,0.9397,17.3813
002040.SZ,20250103,303253.216,0.9337,17.2697
002040.SZ,20250102,312071.5648,0.9609,17.7718
002040.SZ,20241231,322849.5466,0.994,18.3856
002040.SZ,20241230,323829.3632,0.9971,18.4414
002040.SZ,20241227,327258.721,1.0076,18.6367
002040.SZ,20241226,319420.1888,0.9835,18.1903
002040.SZ,20241225,319442.2432,0.9827,18.1916
002040.SZ,20241224,323367.8007,0.9948,18.4151
002040.SZ,20241223,318951.5485,0.9812,18.1636
002040.SZ,20241220,330237.5264,1.0159,18.8064
002040.SZ,20241219,326802.6635,1.0053,18.6107
002040.SZ,20241218,328274.7476,1.0099,18.6946
002040.SZ,20241217,329746.8317,1.0144,18.7784
002040.SZ,20241216,339070.0308,1.0431,19.3093
002040.SZ,20241213,340542.1149,1.0476,19.3932
002040.SZ,20241212,354281.5662,1.0899,20.1756
002040.SZ,20241211,351337.398,1.0808,20.008
002040.SZ,20241210,348883.9246,1.0733,19.8682
002040.SZ,20241209,352318.7874,1.0838,20.0638
002040.SZ,20241206,352809.4821,1.0853,20.0918
002040.SZ,20241205,348393.2299,1.0718,19.8403
002040.SZ,20241204,350846.7034,1.0793,19.98
002040.SZ,20241203,366548.9334,1.1276,20.8742
002040.SZ,20241202,357716.429,1.1004,20.3712
002040.SZ,20241129,353300.1768,1.0869,20.1197
002040.SZ,20241128,347902.5352,1.0702,19.8123
002040.SZ,20241127,358697.8184,1.1035,20.4271
002040.SZ,20241126,351828.0927,1.0823,20.0359
002040.SZ,20241125,362132.6812,1.114,20.6227
002040.SZ,20241122,329256.137,1.0129,18.7505
002040.SZ,20241121,344467.6724,1.0597,19.6167
002040.SZ,20241120,356244.3449,1.0959,20.2874
002040.SZ,20241119,323858.4954,0.9963,18.4431
002040.SZ,20241118,323858.4954,0.9963,18.4431
002040.SZ,20241115,321895.7166,0.9902,18.3313
002040.SZ,20241114,326311.9689,1.0038,18.5828
002040.SZ,20241113,329746.8317,1.0144,18.7784
002040.SZ,20241112,326802.6635,1.0053,18.6107
002040.SZ,20241111,331709.6104,1.0204,18.8902
002040.SZ,20241108,329256.137,1.0129,18.7505
002040.SZ,20241107,324839.8848,0.9993,18.499
002040.SZ,20241106,316498.0751,0.9736,18.0239
002040.SZ,20241105,316007.3804,0.9721,17.996
002040.SZ,20241104,312081.8228,0.9601,17.7724
002040.SZ,20241101,310609.7388,0.9555,17.6886
002040.SZ,20241031,314535.2963,0.9676,17.9121
002040.SZ,20241030,312572.5175,0.9616,17.8004
002040.SZ,20241029,311591.1282,0.9585,17.7445
002040.SZ,20241028,320914.3273,0.9872,18.2754
002040.SZ,20241025,313063.2122,0.9769,18.014
002040.SZ,20241024,308646.96,0.9631,17.7599
002040.SZ,20241023,310119.0441,0.9677,17.8446
002040.SZ,20241022,307665.5706,0.9601,17.7034
002040.SZ,20241021,304230.7078,0.9494,17.5058
002040.SZ,20241018,305702.7919,0.9539,17.5905
002040.SZ,20241017,302267.929,0.9432,17.3928
002040.SZ,20241016,307665.5706,0.9601,17.7034
002040.SZ,20241015,304721.4025,0.9509,17.534
002040.SZ,20241014,304721.4025,0.9509,17.534
002040.SZ,20241011,299814.4556,0.9356,17.2516
002040.SZ,20241010,306193.4866,0.9555,17.6187
002040.SZ,20241009,300305.1503,0.9371,17.2799
002040.SZ,20241008,326311.9689,1.0183,18.7763
002040.SZ,20240930,321405.022,1.0029,18.494
002040.SZ,20240927,291963.3406,0.9111,16.7999
002040.SZ,20240926,285584.3096,0.8912,16.4328
002040.SZ,20240925,280186.668,0.8743,16.1222
002040.SZ,20240924,277733.1945,0.8667,15.9811
002040.SZ,20240923,272335.553,0.8498,15.6705
002040.SZ,20240920,267919.3007,0.836,15.4164
002040.SZ,20240919,267919.3007,0.836,15.4164
002040.SZ,20240918,262521.6592,0.8192,15.1058
002040.SZ,20240913,262521.6592,0.8192,15.1058
002040.SZ,20240912,263012.3538,0.8207,15.134
002040.SZ,20240911,262030.9645,0.8177,15.0775
002040.SZ,20240910,267428.6061,0.8345,15.3881
002040.SZ,20240909,266447.2167,0.8314,15.3317
002040.SZ,20240906,266937.9114,0.833,15.3599
002040.SZ,20240905,265956.522,0.8299,15.3034
002040.SZ,20240904,265465.8273,0.8284,15.2752
002040.SZ,20240903,267428.6061,0.8345,15.3881
002040.SZ,20240902,266447.2167,0.8314,15.3317
002040.SZ,20240830,264975.1326,0.8269,15.2469
002040.SZ,20240829,262521.6592,0.8192,15.1058
002040.SZ,20240828,264975.1326,0.8269,15.2469
002040.SZ,20240827,261049.5751,0.8282,15.8366
002040.SZ,20240826,263993.7432,0.8376,16.0152
002040.SZ,20240823,259577.491,0.8235,15.7473
002040.SZ,20240822,263012.3538,0.8344,15.9557
002040.SZ,20240821,264484.4379,0.8391,16.045
002040.SZ,20240820,264975.1326,0.8407,16.0748
002040.SZ,20240819,271844.8583,0.8625,16.4915
002040.SZ,20240816,269391.3848,0.8547,16.3427
002040.SZ,20240815,271844.8583,0.8625,16.4915
002040.SZ,20240814,270372.7742,0.8578,16.4022
002040.SZ,20240813,272335.553,0.864,16.5213
002040.SZ,20240812,270863.4689,0.8594,16.432
002040.SZ,20240809,274789.0264,0.8718,16.6701
002040.SZ,20240808,276261.1105,0.8765,16.7594
002040.SZ,20240807,276751.8052,0.878,16.7892
002040.SZ,20240806,277242.4999,0.8796,16.819
002040.SZ,20240805,274789.0264,0.8718,16.6701
002040.SZ,20240802,277242.4999,0.8796,16.819
002040.SZ,20240801,282149.4468,0.8952,17.1167
002040.SZ,20240731,282640.1414,0.8967,17.1464
002040.SZ,20240730,276261.1105,0.8765,16.7594
002040.SZ,20240729,272826.2476,0.8656,16.5511
002040.SZ,20240726,268409.9954,0.8516,16.2831
002040.SZ,20240725,264975.1326,0.8407,16.0748
002040.SZ,20240724,260068.1857,0.8251,15.7771
002040.SZ,20240723,260558.8804,0.8267,15.8069
002040.SZ,20240722,259086.7963,0.822,15.7176
002040.SZ,20240719,260068.1857,0.8251,15.7771
002040.SZ,20240718,260068.1857,0.8251,15.7771
002040.SZ,20240717,260068.1857,0.8251,15.7771
002040.SZ,20240716,258596.1016,0.8204,15.6878
002040.SZ,20240715,259577.491,0.8235,15.7473
002040.SZ,20240712,263993.7432,0.8376,16.0152
002040.SZ,20240711,264484.4379,0.8391,16.045
002040.SZ,20240710,256633.3229,0.8142,15.5687
002040.SZ,20240709,261540.2698,0.8298,15.8664
002040.SZ,20240708,260558.8804,0.8267,15.8069
002040.SZ,20240705,267428.6061,0.8485,16.2236
002040.SZ,20240704,264975.1326,0.8407,16.0748
002040.SZ,20240703,270863.4689,0.8594,16.432
002040.SZ,20240702,270372.7742,0.8578,16.4022
002040.SZ,20240701,265956.522,0.8438,16.1343
002040.SZ,20240628,267919.3007,0.8367,16.2534
002040.SZ,20240627,263993.7432,0.8245,16.0152
002040.SZ,20240626,267428.6061,0.8352,16.2236
002040.SZ,20240625,262521.6592,0.8199,15.9259
002040.SZ,20240624,257614.7123,0.8045,15.6282
002040.SZ,20240621,266447.2167,0.8321,16.1641
002040.SZ,20240620,266447.2167,0.8321,16.1641
002040.SZ,20240619,271354.1636,0.8475,16.4618
002040.SZ,20240618,272826.2476,0.8521,16.5511
002040.SZ,20240617,266937.9114,0.8337,16.1938
002040.SZ,20240614,270372.7742,0.8444,16.4022
002040.SZ,20240613,269391.3848,0.8413,16.3427
002040.SZ,20240612,274789.0264,0.8582,16.6701
002040.SZ,20240611,272335.553,0.8505,16.5213
002040.SZ,20240607,281168.0574,0.8781,17.0571
002040.SZ,20240606,263503.0485,0.8229,15.9855
002040.SZ,20240605,276261.1105,0.8628,16.7594
002040.SZ,20240604,285584.3096,0.8919,17.325
002040.SZ,20240603,288528.4777,0.9011,17.5036
002040.SZ,20240531,297360.9821,0.9287,18.0395
002040.SZ,20240530,298833.0662,0.9333,18.1288
002040.SZ,20240529,299814.4556,0.9363,18.1883
002040.SZ,20240528,300795.845,0.9394,18.2478
002040.SZ,20240527,303249.3184,0.9471,18.3967
002040.SZ,20240524,299814.4556,0.9363,18.1883
002040.SZ,20240523,300795.845,0.9394,18.2478
002040.SZ,20240522,306193.4866,0.9563,18.5753
002040.SZ,20240521,309137.6547,0.9655,18.7539
002040.SZ,20240520,313553.9069,0.9792,19.0218
002040.SZ,20240517,315516.6857,0.9854,19.1409
002040.SZ,20240516,311100.4335,0.9716,18.873
002040.SZ,20240515,316007.3804,0.9869,19.1706
002040.SZ,20240514,314044.6016,0.9808,19.0516
002040.SZ,20240513,315516.6857,0.9854,19.1409
002040.SZ,20240510,314044.6016,0.9808,19.0516
002040.SZ,20240509,315025.991,0.9838,19.1111
002040.SZ,20240508,309137.6547,0.9655,18.7539
002040.SZ,20240507,312081.8228,0.9746,18.9325
002040.SZ,20240506,310609.7388,0.9701,18.8432
002040.SZ,20240430,303249.3184,0.9471,18.3967
002040.SZ,20240429,303249.3184,0.9471,18.3967
002040.SZ,20240426,300305.1503,0.9488,18.0376
002040.SZ,20240425,297851.6768,0.9411,17.8902
002040.SZ,20240424,294416.814,0.9302,17.6839
002040.SZ,20240423,291963.3406,0.9225,17.5365
002040.SZ,20240422,292944.7299,0.9256,17.5955
002040.SZ,20240419,298833.0662,0.9442,17.9492
002040.SZ,20240418,296379.5928,0.9364,17.8018
002040.SZ,20240417,299323.7609,0.9457,17.9786
002040.SZ,20240416,282149.4468,0.8915,16.9471
002040.SZ,20240415,304230.7078,0.9612,18.2734
002040.SZ,20240412,312572.5175,0.9876,18.7744
002040.SZ,20240411,311591.1282,0.9845,18.7155
002040.SZ,20240410,307174.8759,0.9705,18.4502
002040.SZ,20240409,311591.1282,0.9845,18.7155
002040.SZ,20240408,308646.96,0.9752,18.5386
002040.SZ,20240403,314535.2963,0.9938,18.8923
002040.SZ,20240402,311100.4335,0.9829,18.686
002040.SZ,20240401,310609.7388,0.9814,18.6565
002040.SZ,20240329,304230.7078,0.9612,18.2734
002040.SZ,20240328,299814.4556,0.9473,18.0081
002040.SZ,20240327,294416.814,0.9302,17.6839
002040.SZ,20240326,302267.929,0.955,18.1555
002040.SZ,20240325,299323.7609,0.9457,17.9786
002040.SZ,20240322,302267.929,0.955,18.1555
002040.SZ,20240321,307174.8759,0.9705,18.4502
002040.SZ,20240320,307665.5706,0.9721,18.4797
002040.SZ,20240319,304230.7078,0.9612,18.2734
002040.SZ,20240318,308156.2653,0.9736,18.5092
002040.SZ,20240315,302758.6237,0.9566,18.185
002040.SZ,20240314,306684.1813,0.969,18.4207
002040.SZ,20240313,298833.0662,0.9442,17.9492
002040.SZ,20240312,300795.845,0.9504,18.0671
002040.SZ,20240311,295888.8981,0.9349,17.7723
002040.SZ,20240308,293435.4246,0.9271,17.625
002040.SZ,20240307,291472.6459,0.9209,17.5071
002040.SZ,20240306,291963.3406,0.9225,17.5365
002040.SZ,20240305,290981.9512,0.9194,17.4776
002040.SZ,20240304,295888.8981,0.9349,17.7723
002040.SZ,20240301,298342.3715,0.9426,17.9197
002040.SZ,20240229,296870.2875,0.938,17.8313
002040.SZ,20240228,287056.3937,0.9226,22.747
002040.SZ,20240227,301286.5397,0.9683,23.8746
002040.SZ,20240226,295888.8981,0.951,23.4469
002040.SZ,20240223,294416.814,0.9462,23.3303
002040.SZ,20240222,285584.3096,0.9179,22.6303
002040.SZ,20240221,281658.7521,0.9052,22.3193
002040.SZ,20240220,278223.8892,0.8942,22.0471
002040.SZ,20240219,276751.8052,0.8895,21.9304
002040.SZ,20240208,269882.0795,0.8674,21.3861
002040.SZ,20240207,246328.7344,0.7917,19.5196
002040.SZ,20240206,261540.2698,0.8406,20.725
002040.SZ,20240205,262030.9645,0.8422,20.7639
002040.SZ,20240202,290981.9512,0.9352,23.0581
002040.SZ,20240201,302758.6237,0.9731,23.9913
002040.SZ,20240131,311591.1282,1.0014,24.6912
002040.SZ,20240130,329256.137,1.0582,26.091
002040.SZ,20240129,338579.3361,1.0882,26.8298
002040.SZ,20240126,347902.5352,1.1181,27.5686
002040.SZ,20240125,338579.3361,1.0882,26.8298
002040.SZ,20240124,322877.106,1.0377,25.5855
002040.SZ,20240123,308156.2653,0.9904,24.419
002040.SZ,20240122,313063.2122,1.0062,24.8078
002040.SZ,20240119,333672.3892,1.0724,26.441
002040.SZ,20240118,339070.0308,1.0898,26.8687
002040.SZ,20240117,346921.1458,1.115,27.4908
002040.SZ,20240116,353790.8715,1.1371,28.0352
002040.SZ,20240115,360169.9025,1.1576,28.5407
002040.SZ,20240112,359679.2078,1.156,28.5018
002040.SZ,20240111,357225.7343,1.1481,28.3074
002040.SZ,20240110,353300.1768,1.1355,27.9963
002040.SZ,20240109,356735.0396,1.1465,28.2685
002040.SZ,20240108,352318.7874,1.1323,27.9185
002040.SZ,20240105,358697.8184,1.1528,28.424
002040.SZ,20240104,364586.1547,1.1718,28.8906
002040.SZ,20240103,362623.3759,1.1655,28.7351
002040.SZ,20240102,362132.6812,1.1639,28.6962
002040.SZ,20231229,349865.314,1.1244,27.7241
002040.SZ,20231228,352318.7874,1.1323,27.9185
002040.SZ,20231227,350356.0087,1.126,27.763
002040.SZ,20231226,346921.1458,1.115,27.4908
002040.SZ,20231225,349865.314,1.1244,27.7241
002040.SZ,20231222,354772.2609,1.1402,28.113
002040.SZ,20231221,359679.2078,1.156,28.5018
002040.SZ,20231220,356244.3449,1.145,28.2296
002040.SZ,20231219,366695.5481,1.1791,29.0578
002040.SZ,20231218,383853.7623,1.2343,30.4174
002040.SZ,20231215,373068.5991,1.1996,29.5628
002040.SZ,20231214,382383.0582,1.2296,30.3009
002040.SZ,20231213,379441.6501,1.2201,30.0678
002040.SZ,20231212,391207.2826,1.258,31.0001
002040.SZ,20231211,355420.1503,1.1429,28.1643
002040.SZ,20231208,351988.5074,1.1318,27.8924
002040.SZ,20231207,354929.9156,1.1413,28.1254
002040.SZ,20231206,371107.6603,1.1933,29.4074
002040.SZ,20231205,360034.0604,1.1564,28.5299
002040.SZ,20231204,361016.418,1.1596,28.6078
002040.SZ,20231201,358069.3452,1.1501,28.3742
002040.SZ,20231130,351192.842,1.128,27.8293
002040.SZ,20231129,350701.6632,1.1265,27.7904
002040.SZ,20231128,348245.7692,1.1186,27.5958
002040.SZ,20231127,355613.4512,1.1422,28.1796
002040.SZ,20231124,349228.1268,1.1217,27.6736
002040.SZ,20231123,348736.948,1.1202,27.6347
002040.SZ,20231122,344807.5176,1.1075,27.3233
002040.SZ,20231121,343333.9812,1.1028,27.2066
002040.SZ,20231120,343333.9812,1.1028,27.2066
002040.SZ,20231117,340878.0872,1.0949,27.0119
002040.SZ,20231116,338422.1932,1.087,26.8173
002040.SZ,20231115,340386.9084,1.0933,26.973
002040.SZ,20231114,340386.9084,1.0933,26.973
002040.SZ,20231113,343825.16,1.1044,27.2455
002040.SZ,20231110,335966.2992,1.0791,26.6227
002040.SZ,20231109,332036.8688,1.0665,26.3114
002040.SZ,20231108,332036.8688,1.0665,26.3114
002040.SZ,20231107,335475.1204,1.0776,26.5838
002040.SZ,20231106,333019.2264,1.0697,26.3892
002040.SZ,20231103,332528.0476,1.0681,26.3503
002040.SZ,20231102,334983.9416,1.076,26.5449
002040.SZ,20231101,335966.2992,1.0791,26.6227
002040.SZ,20231031,334001.584,1.0728,26.467
002040.SZ,20231030,332036.8688,1.0819,25.1446
002040.SZ,20231027,331545.69,1.0803,25.1074
002040.SZ,20231026,329580.9748,1.0739,24.9586
002040.SZ,20231025,326633.902,1.0643,24.7354
002040.SZ,20231024,319266.22,1.0403,24.1775
002040.SZ,20231023,313863.2532,1.0227,23.7683
002040.SZ,20231020,318775.0412,1.0387,24.1403
002040.SZ,20231019,321230.9352,1.0467,24.3263
002040.SZ,20231018,327616.2596,1.0675,24.8098
002040.SZ,20231017,334001.584,1.0883,25.2934
002040.SZ,20231016,334983.9416,1.0915,25.3677
002040.SZ,20231013,331054.5112,1.0787,25.0702
002040.SZ,20231012,333019.2264,1.0851,25.219
002040.SZ,20231011,328598.6172,1.0707,24.8842
002040.SZ,20231010,329089.796,1.0723,24.9214
002040.SZ,20231009,331545.69,1.0803,25.1074
002040.SZ,20230928,338913.372,1.1043,25.6653
002040.SZ,20230927,336457.478,1.0963,25.4793
002040.SZ,20230926,337931.0144,1.1011,25.5909
002040.SZ,20230925,339404.5508,1.1059,25.7025
002040.SZ,20230922,340878.0872,1.1107,25.8141
002040.SZ,20230921,340878.0872,1.1107,25.8141
002040.SZ,20230920,340386.9084,1.1091,25.7769
002040.SZ,20230919,342842.8024,1.1171,25.9629
002040.SZ,20230918,339404.5508,1.1059,25.7025
002040.SZ,20230915,338422.1932,1.1027,25.6281
002040.SZ,20230914,334983.9416,1.0915,25.3677
002040.SZ,20230913,334492.7628,1.0899,25.3306
002040.SZ,20230912,334492.7628,1.0899,25.3306
002040.SZ,20230911,334001.584,1.0883,25.2934
002040.SZ,20230908,332036.8688,1.0819,25.1446
002040.SZ,20230907,333510.4052,1.0867,25.2562
002040.SZ,20230906,336948.6568,1.0979,25.5165
002040.SZ,20230905,338913.372,1.1043,25.6653
002040.SZ,20230904,342842.8024,1.1171,25.9629
002040.SZ,20230901,332036.8688,1.0819,25.1446
002040.SZ,20230831,326633.902,1.0643,24.7354
002040.SZ,20230830,330563.3324,1.0771,25.033
002040.SZ,20230829,336457.478,1.0963,25.4793
002040.SZ,20230828,334001.584,1.0883,25.2934
002040.SZ,20230825,327125.0808,1.0659,24.7726
002040.SZ,20230824,327125.0808,1.0659,24.7726
002040.SZ,20230823,330072.1536,1.0905,24.294
002040.SZ,20230822,333510.4052,1.1019,24.5471
002040.SZ,20230821,342842.8024,1.1327,25.234
002040.SZ,20230818,344316.3388,1.1376,25.3424
002040.SZ,20230817,343333.9812,1.1343,25.2701
002040.SZ,20230816,339404.5508,1.1213,24.9809
002040.SZ,20230815,342351.6236,1.1311,25.1978
002040.SZ,20230814,342842.8024,1.1327,25.234
002040.SZ,20230811,339404.5508,1.1213,24.9809
002040.SZ,20230810,344807.5176,1.1392,25.3786
002040.SZ,20230809,338913.372,1.1197,24.9447
002040.SZ,20230808,341860.4448,1.1295,25.1617
002040.SZ,20230807,340386.9084,1.1246,25.0532
002040.SZ,20230804,343333.9812,1.1343,25.2701
002040.SZ,20230803,345789.8752,1.1424,25.4509
002040.SZ,20230802,346281.054,1.1441,25.487
002040.SZ,20230801,349719.3056,1.1554,25.7401
002040.SZ,20230731,349719.3056,1.1554,25.7401
002040.SZ,20230728,348245.7692,1.1505,25.6316
002040.SZ,20230727,343825.16,1.1359,25.3063
002040.SZ,20230726,345298.6964,1.1408,25.4147
002040.SZ,20230725,343825.16,1.1359,25.3063
002040.SZ,20230724,339404.5508,1.1213,24.9809
002040.SZ,20230721,339404.5508,1.1213,24.9809
002040.SZ,20230720,336948.6568,1.1132,24.8001
002040.SZ,20230719,339895.7296,1.123,25.0171
002040.SZ,20230718,335966.2992,1.11,24.7278
002040.SZ,20230717,335475.1204,1.1084,24.6917
002040.SZ,20230714,335475.1204,1.1084,24.6917
002040.SZ,20230713,333510.4052,1.1019,24.5471
002040.SZ,20230712,332528.0476,1.0868,24.4748
002040.SZ,20230711,335966.2992,1.098,24.7278
002040.SZ,20230710,334983.9416,1.0948,24.6555
002040.SZ,20230707,334983.9416,1.0948,24.6555
002040.SZ,20230706,330563.3324,1.0804,24.3302
002040.SZ,20230705,331545.69,1.0836,24.4025
002040.SZ,20230704,331054.5112,1.082,24.3663
002040.SZ,20230703,332036.8688,1.0852,24.4386
002040.SZ,20230630,329089.796,1.0756,24.2217
002040.SZ,20230629,326633.902,1.0675,24.041
002040.SZ,20230628,328107.4384,1.0724,24.1494
002040.SZ,20230627,324178.008,1.0595,23.8602
002040.SZ,20230626,314845.6108,1.029,23.1733
002040.SZ,20230621,322704.4716,1.0547,23.7517
002040.SZ,20230620,325651.5444,1.0643,23.9687
002040.SZ,20230619,333510.4052,1.09,24.5471
002040.SZ,20230616,339895.7296,1.1109,25.0171
002040.SZ,20230615,332528.0476,1.0868,24.4748
002040.SZ,20230614,337439.8356,1.1029,24.8363
002040.SZ,20230613,336457.478,1.0996,24.764
002040.SZ,20230612,338422.1932,1.1061,24.9086
002040.SZ,20230609,343333.9812,1.1221,25.2701
002040.SZ,20230608,342842.8024,1.1205,25.234
002040.SZ,20230607,340878.0872,1.1141,25.0894
002040.SZ,20230606,333510.4052,1.09,24.5471
002040.SZ,20230605,338913.372,1.1077,24.9447
002040.SZ,20230602,337931.0144,1.1045,24.8724
002040.SZ,20230601,337931.0144,1.1045,24.8724
002040.SZ,20230531,337931.0144,1.1045,24.8724
002040.SZ,20230530,336948.6568,1.1013,24.8001
002040.SZ,20230529,336948.6568,1.1013,24.8001
002040.SZ,20230526,339895.7296,1.1109,25.0171
002040.SZ,20230525,340878.0872,1.1141,25.0894
002040.SZ,20230524,343333.9812,1.1221,25.2701
002040.SZ,20230523,345298.6964,1.1285,25.4147
002040.SZ,20230522,350701.6632,1.1462,25.8124
002040.SZ,20230519,350701.6632,1.1462,25.8124
002040.SZ,20230518,356104.63,1.1639,26.2101
002040.SZ,20230517,358069.3452,1.1703,26.3547
002040.SZ,20230516,355122.2724,1.1606,26.1378
002040.SZ,20230515,361998.7756,1.1831,26.6439
002040.SZ,20230512,359542.8816,1.1751,26.4631
002040.SZ,20230511,362489.9544,1.1847,26.68
002040.SZ,20230510,362489.9544,1.1847,26.68
002040.SZ,20230509,371331.1728,1.2136,27.3308
002040.SZ,20230508,363963.4908,1.1895,26.7885
002040.SZ,20230505,361998.7756,1.1831,26.6439
002040.SZ,20230504,358560.524,1.1719,26.3908
002040.SZ,20230428,350701.6632,1.153,25.4145
002040.SZ,20230427,343333.9812,1.1288,24.8806
002040.SZ,20230426,342842.8024,1.1272,24.845
002040.SZ,20230425,339404.5508,1.1159,24.5959
002040.SZ,20230424,341860.4448,1.1239,24.7738
002040.SZ,20230421,342842.8024,1.1272,24.845
002040.SZ,20230420,348245.7692,1.1449,25.2366
002040.SZ,20230419,348245.7692,1.1449,25.2366
002040.SZ,20230418,346772.2328,1.1401,25.1298
002040.SZ,20230417,347263.4116,1.1417,25.1654
002040.SZ,20230414,341369.266,1.1223,24.7382
002040.SZ,20230413,338913.372,1.1142,24.5603
002040.SZ,20230412,338913.372,1.1142,24.5603
002040.SZ,20230411,331545.69,1.09,24.0263
002040.SZ,20230410,330563.3324,1.0868,23.9551
002040.SZ,20230407,335475.1204,1.1029,24.3111
002040.SZ,20230406,334001.584,1.0981,24.2043
002040.SZ,20230404,338913.372,1.1142,24.5603
002040.SZ,20230403,338422.1932,1.1126,24.5247
002040.SZ,20230331,335966.2992,1.1046,24.3467
002040.SZ,20230330,333019.2264,1.0949,24.1331
002040.SZ,20230329,337439.8356,1.1094,24.4535
002040.SZ,20230328,341860.4448,1.1239,24.7738
002040.SZ,20230327,345789.8752,1.1369,25.0586
002040.SZ,20230324,350701.6632,1.153,25.4145
002040.SZ,20230323,348940.0628,1.1539,25.2869
002040.SZ,20230322,356199.5648,1.1779,25.8129
002040.SZ,20230321,359103.3656,1.1875,26.0234
002040.SZ,20230320,357167.4984,1.1811,25.8831
002040.SZ,20230317,364427.0004,1.2051,26.4092
002040.SZ,20230316,360071.2992,1.1907,26.0935
002040.SZ,20230315,366362.8676,1.2115,26.5495
002040.SZ,20230314,356199.5648,1.1779,25.8129
002040.SZ,20230313,362491.1332,1.1987,26.2689
002040.SZ,20230310,358619.3988,1.1859,25.9883
002040.SZ,20230309,363943.0336,1.2035,26.3741
002040.SZ,20230308,361523.1996,1.1955,26.1987
002040.SZ,20230307,358135.432,1.1843,25.9532
002040.SZ,20230306,362975.1,1.2003,26.304
002040.SZ,20230303,364427.0004,1.2051,26.4092
002040.SZ,20230302,362007.1664,1.1971,26.2338
002040.SZ,20230301,357651.4652,1.1827,25.9182
002040.SZ,20230228,355715.598,1.1763,25.7779
002040.SZ,20230227,347972.1292,1.1541,22.4404
002040.SZ,20230224,351843.8636,1.1669,22.6901
002040.SZ,20230223,350391.9632,1.1621,22.5965
002040.SZ,20230222,352811.7972,1.1702,22.7525
002040.SZ,20230221,356199.5648,1.1814,22.971
002040.SZ,20230220,352327.8304,1.1685,22.7213
002040.SZ,20230217,348456.096,1.1557,22.4716
002040.SZ,20230216,349907.9964,1.1605,22.5652
002040.SZ,20230215,356199.5648,1.1814,22.971
002040.SZ,20230214,360555.266,1.1958,23.2519
002040.SZ,20230213,361523.1996,1.199,23.3143
002040.SZ,20230210,358135.432,1.1878,23.0958
002040.SZ,20230209,358135.432,1.1878,23.0958
002040.SZ,20230208,356683.5316,1.183,23.0022
002040.SZ,20230207,360555.266,1.1958,23.2519
002040.SZ,20230206,359587.3324,1.1926,23.1895
002040.SZ,20230203,359103.3656,1.191,23.1582
002040.SZ,20230202,361039.2328,1.1974,23.2831
002040.SZ,20230201,360555.266,1.1958,23.2519
002040.SZ,20230131,359587.3324,1.1926,23.1895
002040.SZ,20230130,358619.3988,1.1894,23.127
002040.SZ,20230120,351843.8636,1.1669,22.6901
002040.SZ,20230119,343132.4612,1.138,22.1283
002040.SZ,20230118,336356.926,1.1156,21.6914
002040.SZ,20230117,334421.0588,1.1092,21.5665
002040.SZ,20230116,338776.76,1.1236,21.8474
002040.SZ,20230113,336356.926,1.1156,21.6914
002040.SZ,20230112,332969.1584,1.1043,21.4729
002040.SZ,20230111,335388.9924,1.1124,21.6289
002040.SZ,20230110,338292.7932,1.122,21.8162
002040.SZ,20230109,344100.3948,1.1413,22.1907
002040.SZ,20230106,344100.3948,1.1413,22.1907
002040.SZ,20230105,353779.7308,1.1734,22.8149
002040.SZ,20230104,354747.6644,1.1766,22.8774
002040.SZ,20230103,353295.764,1.1718,22.7837
002040.SZ,20221230,353779.7308,1.1734,22.8149
002040.SZ,20221229,338776.76,1.1236,21.8474
002040.SZ,20221228,345068.3284,1.1445,22.2531
002040.SZ,20221227,352811.7972,1.1702,22.7525
002040.SZ,20221226,334905.0256,1.1108,21.5977
002040.SZ,20221223,334421.0588,1.1092,21.5665
002040.SZ,20221222,335388.9924,1.1124,21.6289
002040.SZ,20221221,343132.4612,1.138,22.1283
002040.SZ,20221220,340712.6272,1.13,21.9722
002040.SZ,20221219,337808.8264,1.1204,21.785
002040.SZ,20221216,348940.0628,1.1573,22.5028
002040.SZ,20221215,346036.262,1.1477,22.3156
002040.SZ,20221214,351359.8968,1.1653,22.6589
002040.SZ,20221213,356199.5648,1.1814,22.971
002040.SZ,20221212,352811.7972,1.1702,22.7525
002040.SZ,20221209,357651.4652,1.1862,23.0646
002040.SZ,20221208,368782.7016,1.2231,23.7825
002040.SZ,20221207,349424.0296,1.1589,22.534
002040.SZ,20221206,346520.2288,1.1493,22.3468
002040.SZ,20221205,347488.1624,1.1525,22.4092
002040.SZ,20221202,339744.6936,1.1268,21.9098
002040.SZ,20221201,342164.5276,1.1348,22.0659
002040.SZ,20221130,341680.5608,1.1332,22.0347
002040.SZ,20221129,342164.5276,1.1348,22.0659
002040.SZ,20221128,334421.0588,1.1092,21.5665
002040.SZ,20221125,332969.1584,1.1043,21.4729
002040.SZ,20221124,328129.4904,1.0883,21.1608
002040.SZ,20221123,329581.3908,1.0931,21.2544
002040.SZ,20221122,329581.3908,1.0931,21.2544
002040.SZ,20221121,325225.6896,1.0787,20.9735
002040.SZ,20221118,328613.4572,1.0899,21.192
002040.SZ,20221117,334905.0256,1.1108,21.5977
002040.SZ,20221116,335872.9592,1.114,21.6601
002040.SZ,20221115,333453.1252,1.1059,21.5041
002040.SZ,20221114,332485.1916,1.1027,21.4417
002040.SZ,20221111,330549.3244,1.0963,21.3168
002040.SZ,20221110,327161.5568,1.0851,21.0984
002040.SZ,20221109,326193.6232,1.0819,21.0359
002040.SZ,20221108,329581.3908,1.0931,21.2544
002040.SZ,20221107,329097.424,1.0915,21.2232
002040.SZ,20221104,327645.5236,1.0867,21.1296
002040.SZ,20221103,321837.922,1.0674,20.755
002040.SZ,20221102,321353.9552,1.0658,20.7238
002040.SZ,20221101,319418.088,1.0594,20.599
002040.SZ,20221031,310222.7188,1.0289,20.006
002040.SZ,20221028,317482.2208,1.053,20.4741
002040.SZ,20221027,328613.4572,1.0899,21.192
002040.SZ,20221026,327645.5236,1.0867,21.1296
002040.SZ,20221025,323773.7892,1.0738,20.8799
002040.SZ,20221024,322805.8556,1.0706,20.8175
002040.SZ,20221021,330549.3244,1.0963,21.3168
002040.SZ,20221020,335872.9592,1.114,21.6601
002040.SZ,20221019,348456.096,1.1741,22.0517
002040.SZ,20221018,329097.424,1.1089,20.8266
002040.SZ,20221017,329581.3908,1.1105,20.8572
002040.SZ,20221014,325225.6896,1.0958,20.5815
002040.SZ,20221013,319902.0548,1.0779,20.2446
002040.SZ,20221012,322321.8888,1.086,20.3978
002040.SZ,20221011,317482.2208,1.0697,20.0915
002040.SZ,20221010,313610.4864,1.0567,19.8465
002040.SZ,20220930,316030.3204,1.0648,19.9996
002040.SZ,20220929,322321.8888,1.086,20.3978
002040.SZ,20220928,331517.258,1.117,20.9797
002040.SZ,20220927,339260.7268,1.1431,21.4697
002040.SZ,20220926,327645.5236,1.104,20.7347
002040.SZ,20220923,338776.76,1.1415,21.4391
002040.SZ,20220922,347972.1292,1.1725,22.021
002040.SZ,20220921,344100.3948,1.1594,21.776
002040.SZ,20220920,333937.092,1.1252,21.1328
002040.SZ,20220919,332485.1916,1.1203,21.041
002040.SZ,20220916,329097.424,1.1089,20.8266
002040.SZ,20220915,343132.4612,1.1561,21.7148
002040.SZ,20220914,348940.0628,1.1757,22.0823
002040.SZ,20220913,347972.1292,1.1725,22.021
002040.SZ,20220909,350875.93,1.1822,22.2048
002040.SZ,20220908,363459.0668,1.2246,23.0011
002040.SZ,20220907,364427.0004,1.2279,23.0624
002040.SZ,20220906,383301.7056,1.2915,24.2568
002040.SZ,20220905,396368.8092,1.3355,25.0838
002040.SZ,20220902,390561.2076,1.316,24.7162
002040.SZ,20220901,401692.444,1.3535,25.4207
002040.SZ,20220831,387173.44,1.3045,24.5018
002040.SZ,20220830,404596.2448,1.3632,25.6044
002040.SZ,20220829,367814.768,1.2393,23.2767
002040.SZ,20220826,376042.2036,1.267,23.7974
002040.SZ,20220825,382333.772,1.3078,24.1956
002040.SZ,20220824,347488.1624,1.1886,22.7997
002040.SZ,20220823,351359.8968,1.2018,23.0538
002040.SZ,20220822,348456.096,1.1919,22.8633
002040.SZ,20220819,346036.262,1.1836,22.7045
002040.SZ,20220818,342648.4944,1.172,22.4822
002040.SZ,20220817,343132.4612,1.1737,22.514
002040.SZ,20220816,344584.3616,1.1786,22.6092
002040.SZ,20220815,332485.1916,1.1373,21.8154
002040.SZ,20220812,336840.8928,1.1522,22.1011
002040.SZ,20220811,329097.424,1.1257,21.5931
002040.SZ,20220810,318934.1212,1.0909,20.9262
002040.SZ,20220809,321353.9552,1.0992,21.085
002040.SZ,20220808,323773.7892,1.1075,21.2438
002040.SZ,20220805,324741.7228,1.1108,21.3073
002040.SZ,20220804,324257.756,1.1091,21.2755
002040.SZ,20220803,318934.1212,1.0909,20.9262
002040.SZ,20220802,322805.8556,1.1042,21.1803
002040.SZ,20220801,337324.8596,1.1538,22.1329
002040.SZ,20220729,342164.5276,1.1704,22.4504
002040.SZ,20220728,347488.1624,1.1886,22.7997
002040.SZ,20220727,348456.096,1.1919,22.8633
002040.SZ,20220726,350391.9632,1.1985,22.9903
002040.SZ,20220725,347488.1624,1.1886,22.7997
002040.SZ,20220722,347004.1956,1.1869,22.768
002040.SZ,20220721,342648.4944,1.172,22.4822
002040.SZ,20220720,335388.9924,1.1472,22.0059
002040.SZ,20220719,333937.092,1.1422,21.9106
002040.SZ,20220718,327645.5236,1.1207,21.4978
002040.SZ,20220715,316030.3204,1.081,20.7357
002040.SZ,20220714,325709.6564,1.1141,21.3708
002040.SZ,20220713,332001.2248,1.1356,21.7836
002040.SZ,20220712,323289.8224,1.096,21.212
002040.SZ,20220711,321353.9552,1.0894,21.085
002040.SZ,20220708,316998.254,1.0747,20.7992
002040.SZ,20220707,316514.2872,1.073,20.7675
002040.SZ,20220706,312642.5528,1.0599,20.5134
002040.SZ,20220705,321353.9552,1.0894,21.085
002040.SZ,20220704,317482.2208,1.0763,20.831
002040.SZ,20220701,319418.088,1.0829,20.958
002040.SZ,20220630,325709.6564,1.1042,21.3708
002040.SZ,20220629,323773.7892,1.0977,21.2438
002040.SZ,20220628,332969.1584,1.1288,21.8471
002040.SZ,20220627,328129.4904,1.1124,21.5296
002040.SZ,20220624,328129.4904,1.1124,21.5296
002040.SZ,20220623,328129.4904,1.1124,21.5296
002040.SZ,20220622,324741.7228,1.1009,21.3073
002040.SZ,20220621,324257.756,1.0993,21.2755
002040.SZ,20220620,327161.5568,1.1091,21.4661
002040.SZ,20220617,325225.6896,1.1026,21.339
002040.SZ,20220616,331033.2912,1.1223,21.7201
002040.SZ,20220615,337808.8264,1.1452,22.1647
002040.SZ,20220614,339260.7268,1.1502,22.2599
002040.SZ,20220613,336840.8928,1.142,22.1011
002040.SZ,20220610,347004.1956,1.1764,22.768
002040.SZ,20220609,334421.0588,1.1337,21.9424
002040.SZ,20220608,343132.4612,1.1633,22.514
002040.SZ,20220607,347004.1956,1.1764,22.768
002040.SZ,20220606,344100.3948,1.1666,22.5775
002040.SZ,20220602,354747.6644,1.2027,23.2761
002040.SZ,20220601,347488.1624,1.178,22.7997
002040.SZ,20220531,339260.7268,1.1502,22.2599
002040.SZ,20220530,338776.76,1.1485,22.2282
002040.SZ,20220527,343616.428,1.1649,22.5457
002040.SZ,20220526,336356.926,1.1403,22.0694
002040.SZ,20220525,336840.8928,1.142,22.1011
002040.SZ,20220524,311190.6524,1.055,20.4182
002040.SZ,20220523,325709.6564,1.1042,21.3708
002040.SZ,20220520,315062.3868,1.0681,20.6722
002040.SZ,20220519,310706.6856,1.0534,20.3864
002040.SZ,20220518,310706.6856,1.0534,20.3864
002040.SZ,20220517,311674.6192,1.0566,20.4499
002040.SZ,20220516,316998.254,1.0747,20.7992
002040.SZ,20220513,303931.1504,1.0304,19.9418
002040.SZ,20220512,297155.6152,1.0074,19.4973
002040.SZ,20220511,295703.7148,1.0025,19.402
002040.SZ,20220510,299575.4492,1.0156,19.656
002040.SZ,20220509,296671.6484,1.0058,19.4655
002040.SZ,20220506,293767.8476,0.9959,19.275
002040.SZ,20220505,301995.2832,1.0238,19.8148
002040.SZ,20220429,296671.6484,1.0191,20.3763
002040.SZ,20220428,287960.246,0.9891,19.778
002040.SZ,20220427,292315.9472,1.0041,20.0771
002040.SZ,20220426,295219.748,1.0141,20.2766
002040.SZ,20220425,298607.5156,1.0257,20.5093
002040.SZ,20220422,328613.4572,1.1288,22.5702
002040.SZ,20220421,317966.1876,1.0922,21.8389
002040.SZ,20220420,335872.9592,1.1537,23.0688
002040.SZ,20220419,345068.3284,1.1853,23.7003
002040.SZ,20220418,336356.926,1.1554,23.102
002040.SZ,20220415,340712.6272,1.1703,23.4012
002040.SZ,20220414,345552.2952,1.187,23.7336
002040.SZ,20220413,352811.7972,1.2119,24.2322
002040.SZ,20220412,367814.768,1.2634,25.2626
002040.SZ,20220411,334421.0588,1.1487,22.9691
002040.SZ,20220408,335388.9924,1.152,23.0355
002040.SZ,20220407,334421.0588,1.1487,22.9691
002040.SZ,20220406,343616.428,1.1803,23.6006
002040.SZ,20220401,333937.092,1.1471,22.9358
002040.SZ,20220331,317966.1876,1.0922,21.8389
002040.SZ,20220330,311674.6192,1.0706,21.4068
002040.SZ,20220329,313126.5196,1.0756,21.5065
002040.SZ,20220328,307802.8848,1.0573,21.1408
002040.SZ,20220325,306834.9512,1.054,21.0744
002040.SZ,20220324,303447.1836,1.0423,20.8417
002040.SZ,20220323,307318.918,1.0556,21.1076
002040.SZ,20220322,305867.0176,1.0506,21.0079
002040.SZ,20220321,304899.084,1.0473,20.9414
002040.SZ,20220318,306350.9844,1.0523,21.0411
002040.SZ,20220317,297639.582,1.0224,20.4428
002040.SZ,20220316,297639.582,1.0224,20.4428
002040.SZ,20220315,291348.0136,1.0008,20.0107
002040.SZ,20220314,307802.8848,1.0573,21.1408
002040.SZ,20220311,316030.3204,1.0855,21.7059
002040.SZ,20220310,309738.752,1.0639,21.2738
002040.SZ,20220309,302963.2168,1.0407,20.8084
002040.SZ,20220308,306834.9512,1.054,21.0744
002040.SZ,20220307,320869.9884,1.1022,22.0383
002040.SZ,20220304,329097.424,1.1304,22.6034
002040.SZ,20220303,354263.6976,1.2169,24.3319
002040.SZ,20220302,327645.5236,1.1254,22.5037
002040.SZ,20220301,322805.8556,1.1088,22.1713
002040.SZ,20220228,320869.9884,1.1022,22.0383
002040.SZ,20220225,326193.6232,1.1299,21.6648
002040.SZ,20220224,301027.3496,1.0428,19.9934
002040.SZ,20220223,308770.8184,1.0696,20.5076
002040.SZ,20220222,308770.8184,1.0696,20.5076
002040.SZ,20220221,313126.5196,1.0847,20.7969
002040.SZ,20220218,312158.586,1.0813,20.7327
002040.SZ,20220217,304415.1172,1.0545,20.2184
002040.SZ,20220216,307318.918,1.0646,20.4112
002040.SZ,20220215,303447.1836,1.0511,20.1541
002040.SZ,20220214,307318.918,1.0646,20.4112
002040.SZ,20220211,307802.8848,1.0662,20.4434
002040.SZ,20220210,311674.6192,1.0796,20.7005
002040.SZ,20220209,310706.6856,1.0763,20.6362
002040.SZ,20220208,314578.42,1.0897,20.8934
002040.SZ,20220207,303447.1836,1.0511,20.1541
002040.SZ,20220128,287476.2792,0.9958,19.0933
002040.SZ,20220127,286508.3456,0.9925,19.029
002040.SZ,20220126,290864.0468,1.0076,19.3183
002040.SZ,20220125,286992.3124,0.9941,19.0612
002040.SZ,20220124,297155.6152,1.0293,19.7362
002040.SZ,20220121,297155.6152,1.0293,19.7362
002040.SZ,20220120,299575.4492,1.0377,19.8969
002040.SZ,20220119,303931.1504,1.0528,20.1862
002040.SZ,20220118,303447.1836,1.0511,20.1541
002040.SZ,20220117,307318.918,1.0646,20.4112
002040.SZ,20220114,302479.25,1.0478,20.0898
002040.SZ,20220113,311190.6524,1.078,20.6684
002040.SZ,20220112,306350.9844,1.0612,20.3469
002040.SZ,20220111,303447.1836,1.0511,20.1541
002040.SZ,20220110,303447.1836,1.0511,20.1541
002040.SZ,20220107,301511.3164,1.0444,20.0255
002040.SZ,20220106,307318.918,1.0646,20.4112
002040.SZ,20220105,308770.8184,1.0696,20.5076
002040.SZ,20220104,303931.1504,1.0528,20.1862
002040.SZ,20211231,299091.4824,1.0361,19.8648
002040.SZ,20211230,298123.5488,1.0327,19.8005
002040.SZ,20211229,297155.6152,1.0293,19.7362
002040.SZ,20211228,295703.7148,1.0243,19.6398
002040.SZ,20211227,296671.6484,1.0277,19.7041
002040.SZ,20211224,295219.748,1.0226,19.6076
002040.SZ,20211223,297639.582,1.031,19.7683
002040.SZ,20211222,301511.3164,1.0444,20.0255
002040.SZ,20211221,302963.2168,1.0495,20.1219
002040.SZ,20211220,298607.5156,1.0344,19.8326
002040.SZ,20211217,297639.582,1.031,19.7683
002040.SZ,20211216,299091.4824,1.0361,19.8648
002040.SZ,20211215,298607.5156,1.0344,19.8326
002040.SZ,20211214,293767.8476,1.0176,19.5112
002040.SZ,20211213,295219.748,1.0226,19.6076
002040.SZ,20211210,292799.914,1.0143,19.4469
002040.SZ,20211209,291348.0136,1.0092,19.3505
002040.SZ,20211208,291348.0136,1.0092,19.3505
002040.SZ,20211207,289412.1464,1.0025,19.2219
002040.SZ,20211206,291348.0136,1.0092,19.3505
002040.SZ,20211203,299091.4824,1.0361,19.8648
002040.SZ,20211202,287476.2792,0.9958,19.0933
002040.SZ,20211201,288444.2128,0.9992,19.1576
002040.SZ,20211130,283120.578,0.9807,18.804
002040.SZ,20211129,281668.6776,0.9757,18.7076
002040.SZ,20211126,284572.4784,0.9858,18.9005
002040.SZ,20211125,288444.2128,0.9992,19.1576
002040.SZ,20211124,287960.246,0.9975,19.1255
002040.SZ,20211123,288928.1796,1.0008,19.1898
002040.SZ,20211122,288444.2128,0.9992,19.1576
002040.SZ,20211119,288444.2128,0.9992,19.1576
002040.SZ,20211118,288928.1796,1.0008,19.1898
002040.SZ,20211117,285540.412,0.9891,18.9648
002040.SZ,20211116,285540.412,0.9891,18.9648
002040.SZ,20211115,286992.3124,0.9941,19.0612
002040.SZ,20211112,285056.4452,0.9874,18.9326
002040.SZ,20211111,286024.3788,0.9908,18.9969
002040.SZ,20211110,284572.4784,0.9858,18.9005
002040.SZ,20211109,284088.5116,0.9841,18.8683
002040.SZ,20211108,284088.5116,0.9841,18.8683
002040.SZ,20211105,284088.5116,0.9841,18.8683
002040.SZ,20211104,284088.5116,0.9841,18.8683
002040.SZ,20211103,280700.744,0.9724,18.6433
002040.SZ,20211102,278764.8768,0.9656,18.5147
002040.SZ,20211101,283120.578,0.9807,18.804
002040.SZ,20211029,283120.578,0.9807,18.804
002040.SZ,20211028,278280.91,0.964,18.4826
002040.SZ,20211027,276345.0428,0.9738,20.4978
002040.SZ,20211026,279248.8436,0.9841,20.7132
002040.SZ,20211025,279732.8104,0.9858,20.7491
002040.SZ,20211022,279248.8436,0.9841,20.7132
002040.SZ,20211021,281184.7108,0.9909,20.8567
002040.SZ,20211020,281668.6776,0.9926,20.8926
002040.SZ,20211019,284088.5116,1.0011,21.0721
002040.SZ,20211018,286508.3456,1.0096,21.2516
002040.SZ,20211015,283604.5448,0.9994,21.0362
002040.SZ,20211014,287476.2792,1.013,21.3234
002040.SZ,20211013,287476.2792,1.013,21.3234
002040.SZ,20211012,289412.1464,1.0199,21.467
002040.SZ,20211011,295703.7148,1.042,21.9337
002040.SZ,20211008,297639.582,1.0489,22.0773
002040.SZ,20210930,293767.8476,1.0352,21.7901
002040.SZ,20210929,289896.1132,1.0216,21.5029
002040.SZ,20210928,295703.7148,1.042,21.9337
002040.SZ,20210927,293767.8476,1.0352,21.7901
002040.SZ,20210924,304899.084,1.0744,22.6157
002040.SZ,20210923,311674.6192,1.0983,23.1183
002040.SZ,20210922,307318.918,1.083,22.7952
002040.SZ,20210917,302963.2168,1.0676,22.4722
002040.SZ,20210916,303447.1836,1.0693,22.5081
002040.SZ,20210915,308286.8516,1.0864,22.867
002040.SZ,20210914,307802.8848,1.0847,22.8311
002040.SZ,20210913,313610.4864,1.1051,23.2619
002040.SZ,20210910,303931.1504,1.071,22.544
002040.SZ,20210909,308286.8516,1.0864,22.867
002040.SZ,20210908,304415.1172,1.0727,22.5798
002040.SZ,20210907,301995.2832,1.0642,22.4004
002040.SZ,20210906,299575.4492,1.0557,22.2209
002040.SZ,20210903,300059.416,1.0574,22.2568
002040.SZ,20210902,297155.6152,1.0472,22.0414
002040.SZ,20210901,295219.748,1.0403,21.8978
002040.SZ,20210831,290864.0468,1.025,21.5747
002040.SZ,20210830,289896.1132,1.0216,21.5029
002040.SZ,20210827,293283.8808,1.0335,21.7542
002040.SZ,20210826,294251.8144,1.0515,21.4885
002040.SZ,20210825,291348.0136,1.0412,21.2764
002040.SZ,20210824,289896.1132,1.036,21.1704
002040.SZ,20210823,288928.1796,1.0325,21.0997
002040.SZ,20210820,280216.7772,1.0014,20.4635
002040.SZ,20210819,282636.6112,1.01,20.6402
002040.SZ,20210818,284088.5116,1.0152,20.7463
002040.SZ,20210817,279732.8104,0.9997,20.4282
002040.SZ,20210816,284572.4784,1.0169,20.7816
002040.SZ,20210813,285056.4452,1.0187,20.817
002040.SZ,20210812,285540.412,1.0204,20.8523
002040.SZ,20210811,285056.4452,1.0187,20.817
002040.SZ,20210810,283120.578,1.0118,20.6756
002040.SZ,20210809,282636.6112,1.01,20.6402
002040.SZ,20210806,282636.6112,1.01,20.6402
002040.SZ,20210805,282152.6444,1.0083,20.6049
002040.SZ,20210804,281668.6776,1.0066,20.5696
002040.SZ,20210803,277796.9432,0.9927,20.2868
002040.SZ,20210802,274893.1424,0.9824,20.0748
002040.SZ,20210730,273441.242,0.9772,19.9687
002040.SZ,20210729,276345.0428,0.9875,20.1808
002040.SZ,20210728,275377.1092,0.9841,20.1101
002040.SZ,20210727,280700.744,1.0031,20.4989
002040.SZ,20210726,280216.7772,1.0014,20.4635
002040.SZ,20210723,285056.4452,1.0187,20.817
002040.SZ,20210722,284088.5116,1.0152,20.7463
002040.SZ,20210721,281668.6776,1.0066,20.5696
002040.SZ,20210720,281668.6776,1.0066,20.5696
002040.SZ,20210719,280700.744,1.0031,20.4989
002040.SZ,20210716,282636.6112,1.01,20.6402
002040.SZ,20210715,282636.6112,1.01,20.6402
002040.SZ,20210714,284088.5116,1.0152,20.7463
002040.SZ,20210713,286508.3456,1.0239,20.923
002040.SZ,20210712,287476.2792,1.0273,20.9937
002040.SZ,20210709,286508.3456,1.0239,20.923
002040.SZ,20210708,284572.4784,1.0169,20.7816
002040.SZ,20210707,287476.2792,1.0273,20.9937
002040.SZ,20210706,290380.08,1.0297,21.2057
002040.SZ,20210705,289896.1132,1.028,21.1704
002040.SZ,20210702,286508.3456,1.016,20.923
002040.SZ,20210701,287960.246,1.0211,21.029
002040.SZ,20210630,291348.0136,1.0331,21.2764
002040.SZ,20210629,290380.08,1.0297,21.2057
002040.SZ,20210628,292315.9472,1.0366,21.3471
002040.SZ,20210625,293767.8476,1.0417,21.4531
002040.SZ,20210624,292315.9472,1.0366,21.3471
002040.SZ,20210623,292315.9472,1.0366,21.3471
002040.SZ,20210622,289896.1132,1.028,21.1704
002040.SZ,20210621,288444.2128,1.0228,21.0644
002040.SZ,20210618,289896.1132,1.028,21.1704
002040.SZ,20210617,291348.0136,1.0331,21.2764
002040.SZ,20210616,291348.0136,1.0331,21.2764
002040.SZ,20210615,291831.9804,1.0348,21.3118
002040.SZ,20210611,296671.6484,1.052,21.6652
002040.SZ,20210610,296671.6484,1.052,21.6652
002040.SZ,20210609,296187.6816,1.0503,21.6298
002040.SZ,20210608,296187.6816,1.0503,21.6298
002040.SZ,20210607,296671.6484,1.052,21.6652
002040.SZ,20210604,297155.6152,1.0537,21.7005
002040.SZ,20210603,300059.416,1.064,21.9126
002040.SZ,20210602,297155.6152,1.0537,21.7005
002040.SZ,20210601,299091.4824,1.0606,21.8419
002040.SZ,20210531,297639.582,1.0554,21.7359
002040.SZ,20210528,300059.416,1.064,21.9126
002040.SZ,20210527,298123.5488,1.0571,21.7712
002040.SZ,20210526,297639.582,1.0554,21.7359
002040.SZ,20210525,296187.6816,1.0503,21.6298
002040.SZ,20210524,295219.748,1.0469,21.5592
002040.SZ,20210521,295703.7148,1.0486,21.5945
002040.SZ,20210520,293283.8808,1.04,21.4178
002040.SZ,20210519,295219.748,1.0469,21.5592
002040.SZ,20210518,300059.416,1.064,21.9126
002040.SZ,20210517,300543.3828,1.0657,21.9479
002040.SZ,20210514,301511.3164,1.0692,22.0186
002040.SZ,20210513,298607.5156,1.0589,21.8066
002040.SZ,20210512,301511.3164,1.0692,22.0186
002040.SZ,20210511,299575.4492,1.0623,21.8772
002040.SZ,20210510,299575.4492,1.0623,21.8772
002040.SZ,20210507,300543.3828,1.0657,21.9479
002040.SZ,20210506,297155.6152,1.0537,21.7005
002040.SZ,20210430,295219.748,1.0469,21.5592
002040.SZ,20210429,299091.4824,1.0606,21.8419
002040.SZ,20210428,298123.5488,1.0693,23.027
002040.SZ,20210427,295219.748,1.0589,22.8027
002040.SZ,20210426,298123.5488,1.0693,23.027
002040.SZ,20210423,301511.3164,1.0814,23.2887
002040.SZ,20210422,304415.1172,1.0918,23.513
002040.SZ,20210421,306350.9844,1.0988,23.6625
002040.SZ,20210420,306350.9844,1.0988,23.6625
002040.SZ,20210419,309738.752,1.1109,23.9242
002040.SZ,20210416,308286.8516,1.1057,23.812
002040.SZ,20210415,304415.1172,1.0918,23.513
002040.SZ,20210414,303931.1504,1.0901,23.4756
002040.SZ,20210413,303447.1836,1.0884,23.4382
002040.SZ,20210412,307802.8848,1.104,23.7747
002040.SZ,20210409,308770.8184,1.1075,23.8494
002040.SZ,20210408,304899.084,1.0936,23.5504
002040.SZ,20210407,309738.752,1.1109,23.9242
002040.SZ,20210406,302479.25,1.0849,23.3635
002040.SZ,20210402,301511.3164,1.0814,23.2887
002040.SZ,20210401,304899.084,1.0936,23.5504
002040.SZ,20210331,307802.8848,1.104,23.7747
002040.SZ,20210330,299091.4824,1.0728,23.1018
002040.SZ,20210329,308286.8516,1.1057,23.812
002040.SZ,20210326,305867.0176,1.0971,23.6251
002040.SZ,20210325,305383.0508,1.0953,23.5878
002040.SZ,20210324,303447.1836,1.0884,23.4382
002040.SZ,20210323,308286.8516,1.1057,23.812
002040.SZ,20210322,312158.586,1.1196,24.1111
002040.SZ,20210319,304415.1172,1.0918,23.513
002040.SZ,20210318,303447.1836,1.0884,23.4382
002040.SZ,20210317,306350.9844,1.0988,23.6625
002040.SZ,20210316,307318.918,1.1023,23.7373
002040.SZ,20210315,304415.1172,1.0918,23.513
002040.SZ,20210312,301511.3164,1.0814,23.2887
002040.SZ,20210311,298607.5156,1.071,23.0644
002040.SZ,20210310,295703.7148,1.0606,22.8401
002040.SZ,20210309,305383.0508,1.0953,23.5878
002040.SZ,20210308,299575.4492,1.0745,23.1392
002040.SZ,20210305,302963.2168,1.0866,23.4009
002040.SZ,20210304,299091.4824,1.0728,23.1018
002040.SZ,20210303,297155.6152,1.0658,22.9523
002040.SZ,20210302,295703.7148,1.0606,22.8401
002040.SZ,20210301,300059.416,1.0762,23.1766
002040.SZ,20210226,297639.582,1.0675,22.9897
002040.SZ,20210225,298607.5156,1.071,23.0644
002040.SZ,20210224,298607.5156,1.071,23.0644
002040.SZ,20210223,301027.3496,1.0925,24.5144
002040.SZ,20210222,301027.3496,1.0925,24.5144
002040.SZ,20210219,299091.4824,1.0855,24.3567
002040.SZ,20210218,293767.8476,1.0662,23.9232
002040.SZ,20210210,285540.412,1.0363,23.2532
002040.SZ,20210209,284088.5116,1.0311,23.1349
002040.SZ,20210208,280700.744,1.0188,22.859
002040.SZ,20210205,279248.8436,1.0135,22.7408
002040.SZ,20210204,286024.3788,1.0381,23.2926
002040.SZ,20210203,297155.6152,1.0785,24.1991
002040.SZ,20210202,301995.2832,1.0961,24.5932
002040.SZ,20210201,300059.416,1.089,24.4355
002040.SZ,20210129,297155.6152,1.0785,24.1991
002040.SZ,20210128,297155.6152,1.0785,24.1991
002040.SZ,20210127,302479.25,1.0978,24.6326
002040.SZ,20210126,301511.3164,1.0943,24.5538
002040.SZ,20210125,311190.6524,1.1294,25.342
002040.SZ,20210122,330549.3244,1.1997,26.9185
002040.SZ,20210121,325225.6896,1.1804,26.485
002040.SZ,20210120,327161.5568,1.1874,26.6426
002040.SZ,20210119,332001.2248,1.205,27.0367
002040.SZ,20210118,343132.4612,1.2454,27.9432
002040.SZ,20210115,333937.092,1.212,27.1944
002040.SZ,20210114,341680.5608,1.2401,27.825
002040.SZ,20210113,335872.9592,1.219,27.352
002040.SZ,20210112,330549.3244,1.1997,26.9185
002040.SZ,20210111,332001.2248,1.205,27.0367
002040.SZ,20210108,328129.4904,1.1909,26.7214
002040.SZ,20210107,333937.092,1.212,27.1944
002040.SZ,20210106,344100.3948,1.2489,28.022
002040.SZ,20210105,364910.9672,1.3244,29.7168
002040.SZ,20210104,331517.258,1.2032,26.9973
002040.SZ,20201231,324257.756,1.1768,26.4061
002040.SZ,20201230,323289.8224,1.1733,26.3273
002040.SZ,20201229,327161.5568,1.1874,26.6426
002040.SZ,20201228,308770.8184,1.1206,25.145
002040.SZ,20201225,308286.8516,1.1189,25.1055
002040.SZ,20201224,300543.3828,1.0908,24.4749
002040.SZ,20201223,300543.3828,1.0908,24.4749
002040.SZ,20201222,300543.3828,1.0908,24.4749
002040.SZ,20201221,306834.9512,1.1136,24.9873
002040.SZ,20201218,305383.0508,1.1083,24.8691
002040.SZ,20201217,309254.7852,1.1224,25.1844
002040.SZ,20201216,297639.582,1.0802,24.2385
002040.SZ,20201215,301995.2832,1.0961,24.5932
002040.SZ,20201214,301995.2832,1.0961,24.5932
002040.SZ,20201211,300543.3828,1.0908,24.4749
002040.SZ,20201210,304899.084,1.1066,24.8297
002040.SZ,20201209,310706.6856,1.1277,25.3026
002040.SZ,20201208,323289.8224,1.1733,26.3273
002040.SZ,20201207,326677.59,1.1856,26.6032
002040.SZ,20201204,331517.258,1.2032,26.9973
002040.SZ,20201203,324257.756,1.1768,26.4061
002040.SZ,20201202,329097.424,1.1944,26.8003
002040.SZ,20201201,332969.1584,1.2085,27.1156
002040.SZ,20201130,332001.2248,1.205,27.0367
002040.SZ,20201127,327161.5568,1.1874,26.6426
002040.SZ,20201126,330065.3576,1.1979,26.8791
002040.SZ,20201125,326193.6232,1.1839,26.5638
002040.SZ,20201124,337808.8264,1.226,27.5097
002040.SZ,20201123,343616.428,1.2471,27.9826
002040.SZ,20201120,342648.4944,1.2436,27.9038
002040.SZ,20201119,333937.092,1.212,27.1944
002040.SZ,20201118,358619.3988,1.3016,29.2044
002040.SZ,20201117,351359.8968,1.2752,28.6132
002040.SZ,20201116,319418.088,1.1593,26.012
002040.SZ,20201113,315546.3536,1.1452,25.6967
002040.SZ,20201112,319902.0548,1.161,26.0514
002040.SZ,20201111,325225.6896,1.1804,26.485
002040.SZ,20201110,331517.258,1.2032,26.9973
002040.SZ,20201109,328129.4904,1.1909,26.7214
002040.SZ,20201106,311190.6524,1.1294,25.342
002040.SZ,20201105,299575.4492,1.0873,24.3961
002040.SZ,20201104,295703.7148,1.0732,24.0808
002040.SZ,20201103,295703.7148,1.0732,24.0808
002040.SZ,20201102,292315.9472,1.0609,23.8049
002040.SZ,20201030,291348.0136,1.0574,23.7261
002040.SZ,20201029,300059.416,1.1109,24.2084
002040.SZ,20201028,303447.1836,1.1234,24.4818
002040.SZ,20201027,301511.3164,1.1163,24.3256
002040.SZ,20201026,301511.3164,1.1163,24.3256
002040.SZ,20201023,304899.084,1.1288,24.5989
002040.SZ,20201022,305867.0176,1.1324,24.677
002040.SZ,20201021,305867.0176,1.1324,24.677
002040.SZ,20201020,309738.752,1.1467,24.9894
002040.SZ,20201019,307318.918,1.1378,24.7941
002040.SZ,20201016,308286.8516,1.1414,24.8722
002040.SZ,20201015,307802.8848,1.1396,24.8332
002040.SZ,20201014,308770.8184,1.1432,24.9113
002040.SZ,20201013,313126.5196,1.1593,25.2627
002040.SZ,20201012,315062.3868,1.1664,25.4189
002040.SZ,20201009,309738.752,1.1467,24.9894
002040.SZ,20200930,303931.1504,1.1252,24.5208
002040.SZ,20200929,305867.0176,1.1324,24.677
002040.SZ,20200928,304899.084,1.1288,24.5989
002040.SZ,20200925,306350.9844,1.1342,24.716
002040.SZ,20200924,307802.8848,1.1396,24.8332
002040.SZ,20200923,315546.3536,1.1682,25.4579
002040.SZ,20200922,312158.586,1.1557,25.1846
002040.SZ,20200921,314578.42,1.1647,25.3798
002040.SZ,20200918,315546.3536,1.1682,25.4579
002040.SZ,20200917,312158.586,1.1557,25.1846
002040.SZ,20200916,312642.5528,1.1575,25.2236
002040.SZ,20200915,315062.3868,1.1664,25.4189
002040.SZ,20200914,315546.3536,1.1682,25.4579
002040.SZ,20200911,313610.4864,1.1611,25.3017
002040.SZ,20200910,313610.4864,1.1611,25.3017
002040.SZ,20200909,327645.5236,1.213,26.4341
002040.SZ,20200908,322805.8556,1.1951,26.0436
002040.SZ,20200907,319418.088,1.1826,25.7703
002040.SZ,20200904,321837.922,1.1915,25.9655
002040.SZ,20200903,321837.922,1.1915,25.9655
002040.SZ,20200902,321837.922,1.1915,25.9655
002040.SZ,20200901,323773.7892,1.1987,26.1217
002040.SZ,20200831,321837.922,1.1915,25.9655
002040.SZ,20200828,323773.7892,1.1987,26.1217
002040.SZ,20200827,320386.0216,1.1862,25.8484
002040.SZ,20200826,316998.254,1.1825,25.0208
002040.SZ,20200825,326193.6232,1.2168,25.7466
002040.SZ,20200824,334421.0588,1.2474,26.396
002040.SZ,20200821,351843.8636,1.3124,27.7711
002040.SZ,20200820,354263.6976,1.3215,27.9621
002040.SZ,20200819,354747.6644,1.3233,28.0003
002040.SZ,20200818,349424.0296,1.3034,27.5802
002040.SZ,20200817,352327.8304,1.3142,27.8093
002040.SZ,20200814,352327.8304,1.3142,27.8093
002040.SZ,20200813,352327.8304,1.3142,27.8093
002040.SZ,20200812,346036.262,1.2908,27.3128
002040.SZ,20200811,331033.2912,1.2348,26.1286
002040.SZ,20200810,332485.1916,1.2402,26.2432
002040.SZ,20200807,325709.6564,1.2149,25.7084
002040.SZ,20200806,334421.0588,1.2474,26.396
002040.SZ,20200805,331517.258,1.2366,26.1668
002040.SZ,20200804,336356.926,1.2547,26.5488
002040.SZ,20200803,332485.1916,1.2402,26.2432
002040.SZ,20200731,325709.6564,1.2149,25.7084
002040.SZ,20200730,327645.5236,1.2222,25.8612
002040.SZ,20200729,325225.6896,1.2131,25.6702
002040.SZ,20200728,321353.9552,1.1987,25.3646
002040.SZ,20200727,318450.1544,1.1879,25.1354
002040.SZ,20200724,315062.3868,1.1752,24.868
002040.SZ,20200723,328129.4904,1.224,25.8994
002040.SZ,20200722,324257.756,1.2095,25.5938
002040.SZ,20200721,324741.7228,1.2113,25.632
002040.SZ,20200720,326677.59,1.2186,25.7848
002040.SZ,20200717,315062.3868,1.1752,24.868
002040.SZ,20200716,317482.2208,1.1843,25.059
002040.SZ,20200715,330065.3576,1.2312,26.0522
002040.SZ,20200714,338776.76,1.2637,26.7398
002040.SZ,20200713,348456.096,1.2998,27.5038
002040.SZ,20200710,337808.8264,1.2601,26.6634
002040.SZ,20200709,337808.8264,1.2601,26.6634
002040.SZ,20200708,332969.1584,1.242,26.2814
002040.SZ,20200707,325225.6896,1.2131,25.6702
002040.SZ,20200706,325709.6564,1.2149,25.7084
002040.SZ,20200703,311674.6192,1.1626,24.6006
002040.SZ,20200702,309254.7852,1.1447,24.4096
002040.SZ,20200701,302963.2168,1.1214,23.913
002040.SZ,20200630,300059.416,1.1106,23.6838
002040.SZ,20200629,299091.4824,1.1071,23.6074
002040.SZ,20200624,302479.25,1.1196,23.8748
002040.SZ,20200623,303931.1504,1.125,23.9894
002040.SZ,20200622,304415.1172,1.1268,24.0276
002040.SZ,20200619,306350.9844,1.1339,24.1804
002040.SZ,20200618,307802.8848,1.1393,24.295
002040.SZ,20200617,304415.1172,1.1268,24.0276
002040.SZ,20200616,305867.0176,1.1321,24.1422
002040.SZ,20200615,302479.25,1.1196,23.8748
002040.SZ,20200612,301027.3496,1.1142,23.7602
002040.SZ,20200611,301995.2832,1.1178,23.8366
002040.SZ,20200610,304415.1172,1.1268,24.0276
002040.SZ,20200609,307802.8848,1.1393,24.295
002040.SZ,20200608,308770.8184,1.1429,24.3714
002040.SZ,20200605,309254.7852,1.1447,24.4096
002040.SZ,20200604,306834.9512,1.1357,24.2186
002040.SZ,20200603,304415.1172,1.1268,24.0276
002040.SZ,20200602,311674.6192,1.1536,24.6006
002040.SZ,20200601,305383.0508,1.1304,24.104
002040.SZ,20200529,301511.3164,1.116,23.7984
002040.SZ,20200528,297639.582,1.1017,23.4928
002040.SZ,20200527,299091.4824,1.1071,23.6074
002040.SZ,20200526,299091.4824,1.1071,23.6074
002040.SZ,20200525,295703.7148,1.0945,23.34
002040.SZ,20200522,294251.8144,1.0892,23.2254
002040.SZ,20200521,300059.416,1.1106,23.6838
002040.SZ,20200520,301511.3164,1.116,23.7984
002040.SZ,20200519,303931.1504,1.125,23.9894
002040.SZ,20200518,302479.25,1.1196,23.8748
002040.SZ,20200515,301027.3496,1.1142,23.7602
002040.SZ,20200514,298123.5488,1.1035,23.531
002040.SZ,20200513,302963.2168,1.1214,23.913
002040.SZ,20200512,301027.3496,1.1142,23.7602
002040.SZ,20200511,307318.918,1.1375,24.2568
002040.SZ,20200508,304415.1172,1.1268,24.0276
002040.SZ,20200507,301511.3164,1.116,23.7984
002040.SZ,20200506,302963.2168,1.1214,23.913
002040.SZ,20200430,301027.3496,1.1142,23.7602
002040.SZ,20200429,296187.6816,1.0963,23.3782
002040.SZ,20200428,295703.7148,1.1039,22.843
002040.SZ,20200427,303447.1836,1.1328,23.4412
002040.SZ,20200424,309254.7852,1.1545,23.8899
002040.SZ,20200423,319418.088,1.1924,24.675
002040.SZ,20200422,313126.5196,1.1689,24.189
002040.SZ,20200421,311674.6192,1.1635,24.0768
002040.SZ,20200420,306834.9512,1.1454,23.7029
002040.SZ,20200417,304415.1172,1.1364,23.516
002040.SZ,20200416,303447.1836,1.1328,23.4412
002040.SZ,20200415,307802.8848,1.1491,23.7777
002040.SZ,20200414,303931.1504,1.1346,23.4786
002040.SZ,20200413,301511.3164,1.1256,23.2917
002040.SZ,20200410,313126.5196,1.1689,24.189
002040.SZ,20200409,301027.3496,1.1238,23.2543
002040.SZ,20200408,301995.2832,1.1274,23.3291
002040.SZ,20200407,301027.3496,1.1238,23.2543
002040.SZ,20200403,294735.7812,1.1003,22.7683
002040.SZ,20200402,298123.5488,1.1129,23.03
002040.SZ,20200401,293283.8808,1.0949,22.6561
002040.SZ,20200331,298607.5156,1.1147,23.0674
002040.SZ,20200330,294251.8144,1.0985,22.7309
002040.SZ,20200327,301511.3164,1.1256,23.2917
002040.SZ,20200326,299575.4492,1.1183,23.1421
002040.SZ,20200325,307318.918,1.1473,23.7403
002040.SZ,20200324,295219.748,1.1021,22.8057
002040.SZ,20200323,291348.0136,1.0876,22.5066
002040.SZ,20200320,301511.3164,1.1256,23.2917
002040.SZ,20200319,297155.6152,1.1093,22.9552
002040.SZ,20200318,295219.748,1.1021,22.8057
002040.SZ,20200317,298607.5156,1.1147,23.0674
002040.SZ,20200316,306834.9512,1.1454,23.7029
002040.SZ,20200313,324257.756,1.2105,25.0488
002040.SZ,20200312,335388.9924,1.252,25.9087
002040.SZ,20200311,339260.7268,1.2665,26.2078
002040.SZ,20200310,330065.3576,1.2322,25.4975
002040.SZ,20200309,326193.6232,1.2177,25.1984
002040.SZ,20200306,329581.3908,1.2304,25.4601
002040.SZ,20200305,342164.5276,1.2773,26.4321
002040.SZ,20200304,347004.1956,1.2954,26.806
002040.SZ,20200303,329097.424,1.2286,25.4227
002040.SZ,20200302,299091.4824,1.1165,23.1048
002040.SZ,20200228,288928.1796,1.0893,20.9495
002040.SZ,20200227,302963.2168,1.1422,21.9671
002040.SZ,20200226,302479.25,1.1404,21.932
002040.SZ,20200225,294735.7812,1.1112,21.3706
002040.SZ,20200224,302963.2168,1.1422,21.9671
002040.SZ,20200221,307318.918,1.1586,22.2829
002040.SZ,20200220,308286.8516,1.1622,22.3531
002040.SZ,20200219,300543.3828,1.1331,21.7916
002040.SZ,20200218,301511.3164,1.1367,21.8618
002040.SZ,20200217,299575.4492,1.1294,21.7215
002040.SZ,20200214,289896.1132,1.0929,21.0196
002040.SZ,20200213,291348.0136,1.0984,21.1249
002040.SZ,20200212,294251.8144,1.1093,21.3355
002040.SZ,20200211,291831.9804,1.1002,21.16
002040.SZ,20200210,292799.914,1.1039,21.2302
002040.SZ,20200207,283120.578,1.0674,20.5284
002040.SZ,20200206,282152.6444,1.0637,20.4582
002040.SZ,20200205,279732.8104,1.0546,20.2827
002040.SZ,20200204,277312.9764,1.0455,20.1073
002040.SZ,20200203,294251.8144,1.1093,21.3355
002040.SZ,20200123,327161.5568,1.2334,23.7217
002040.SZ,20200122,334905.0256,1.2626,24.2831
002040.SZ,20200121,335388.9924,1.2644,24.3182
002040.SZ,20200120,340712.6272,1.2845,24.7042
002040.SZ,20200117,335872.9592,1.2662,24.3533
002040.SZ,20200116,339260.7268,1.279,24.5989
002040.SZ,20200115,341680.5608,1.2881,24.7744
002040.SZ,20200114,346036.262,1.3046,25.0902
002040.SZ,20200113,347004.1956,1.3082,25.1604
002040.SZ,20200110,347004.1956,1.3082,25.1604
002040.SZ,20200109,346520.2288,1.3064,25.1253
002040.SZ,20200108,343616.428,1.2954,24.9148
002040.SZ,20200107,349907.9964,1.3192,25.371
002040.SZ,20200106,344100.3948,1.2973,24.9499
002040.SZ,20200103,344584.3616,1.2991,24.9849
002040.SZ,20200102,346520.2288,1.3064,25.1253
