ts_code,ann_date,end_date,type,p_change_min,p_change_max,net_profit_min,net_profit_max,last_parent_net,first_ann_date,summary,change_reason,update_flag
001395.SZ,20250122,20240930,预增,92.52,92.52,12576.0,12576.0,6532.02,20250122,预计净利润12576万,,0
688750.SH,20241031,20240930,略增,16.03,31.86,11000.0,12500.0,9479.95,20241031,预计:净利润11000-12500,,0
688550.SH,20241026,20240930,预增,88.975,88.975,18530.0,18530.0,9805.7101,20241026,预计:净利润18530,2024年第三季度，受终端消费电子需求回暖影响，公司显示材料板块特别是OLED显示材料收入同比大幅增长；医药板块主力产品开始出货，销售收入同比增长。同时，公司持续深化降本增效，通过工艺优化、节约挖潜、加强成本管控等方式提升精细化管理水平，提高经营效率，降低生产成本，盈利能力大幅提升。,1
688550.SH,20241026,20240930,预增,88.975,88.975,18530.0,18530.0,9805.7101,20241026,预计:净利润18530,2024年第三季度，受终端消费电子需求回暖影响，公司显示材料板块特别是OLED显示材料收入同比大幅增长；医药板块主力产品开始出货，销售收入同比增长。同时，公司持续深化降本增效，通过工艺优化、节约挖潜、加强成本管控等方式提升精细化管理水平，提高经营效率，降低生产成本，盈利能力大幅提升。,0
002466.SZ,20241025,20240930,首亏,-172.2355,-167.2963,-585000.0,-545000.0,809851.38,20241025,预计:净利润-585000--545000,天齐锂业股份有限公司（以下简称“公司”）2024年前三季度业绩变动的主要原因是：1、受锂产品市场波动的影响，2023年第四季度至2024年第三季度期间，锂产品的市场价格整体呈现大幅下滑趋势，公司锂产品销售价格及毛利较上年同期大幅下降。受公司控股子公司TalisonLithiumPtyLtd（以下简称“泰利森”）化学级锂精矿定价机制与公司锂化工产品销售定价机制存在时间周期的错配影响，本报告期公司经营业绩出现阶段性亏损。2024年前三季度，化学级锂精矿的市场价格降低，公司向泰利森新采购的锂精矿价格也随之降低。随新购低价锂精矿逐步入库及库存锂精矿的逐步消化，公司各基地生产成本中耗用的化学级锂精矿成本正逐步贴近最新采购价格，锂精矿定价机制的阶段性错配也逐步减弱，公司2024年第二季度及第三季度亏损均实现环比减少。同时，受新建工厂产能稳步提升的积极影响，2024年前三季度及2024年第三季度锂化合物及衍生品的产销量均实现同比、环比增长。2、截至本业绩预告公告日，公司重要的联营公司SociedadQuímicayMineradeChileS.A.（以下简称“SQM”）尚未公告其2024年第三季度业绩报告。公司全面考虑所能获取的可靠信息，沿用一贯方式，通过财务测算模型并采用彭博社预测的SQM2024年第三季度每股收益等信息为基础来计算同期公司对SQM的投资收益。此外，SQM于2024年第一季度业绩报告中披露，智利圣地亚哥法院于2024年4月对其2017年和2018年税务年度的税务诉讼进行了裁决，撤销了税务和海关法庭在2022年11月7日对于该案件的裁决结论，导致其确认了约11亿美元的所得税费用，并相应减少净利润约11亿美元。根据前述彭博社预测数据，结合SQM2024年上半年已披露的业绩，SQM2024年前三季度业绩预计将同比大幅下降，因此公司在本报告期确认的对该联营公司的投资收益较上年同期大幅下降。,0
300587.SZ,20241025,20240930,扭亏,155.2,169.0,2400.0,3000.0,-4347.53,20241025,预计:净利润2400-3000,"公司2024年1-9月业绩扭亏为盈，业绩变动的主要原因如下：公司营业收入来源于减振/震业务、锂化物业务、其他产品以及其他业务等。1、近年来，我国城市轨道交通行业逐步由高速发展阶段向高质量发展阶段转变，从重建设逐渐转变为建设、运营并重，规划建设规模增速放缓，重心逐步向“互联便捷、装备先进、低碳环保”过渡。本期部分因阶段性外部环境等原因导致施工滞后、受阻及施工进度缓慢的工程恢复正常建设，对公司减振/震业务的收入带来积极影响；此外公司坚持以市场驱动和客户需求为导向，统筹资源调度组织施工队伍、提高施工效率并加快施工进程，以至减振/震业务收入规模增加。2、2024年1-9月，锂化物的价格虽呈下降趋势，但下降幅度小于2023年度，公司锂化物产品的销售价格与原材料采购价格的阶段性错配影响减小，对业绩的影响也相应减小。3、预计本报告期非经常性损益对公司净利润的影响约为5,100万元。",0
301633.SZ,20241023,20240930,预增,39.33,62.01,4300.0,5000.0,3086.25,20241023,预计:净利润4300-5000,,0
600217.SH,20241023,20240930,略增,16.8425,16.8425,6300.0,6300.0,5391.8718,20241023,预计:净利润6300,受管理办法的影响。,0
688757.SH,20241021,20240930,略减,-17.24,-8.37,5600.0,6200.0,6766.45,20241021,预计:净利润5600-6200,"2024年1-9月公司预计实现营业收入约29,200.00万元至30,000.00万元，同比增幅约为3.77%至6.61%，主要系下游客户检测分析需求持续增长，为公司业务规模增长提供良好保障，公司与重点客户保持良好合作，积极开拓新客户并取得了良好成效。公司2024年以来持续加强与客户A、客户H、客户F、应用材料、华虹集团、客户L、华润微电子等已有重点客户的合作，前述公司在手订单情况良好，截至2024年8月31日公司在手订单金额合计约为11,063.86万元，较去年同期增长26.12%。同时，公司深度参与前述重点客户新项目的研发，预计前述重点客户在2024年下半年将带来较多增量业务机会。另一方面，随着检测分析服务半径与服务能力提升，公司在满足已有重点客户服务需求的基础上，积极开拓其他客户，2024年以来已与客户M、中兴通讯、屹唐半导体、通富微电、比亚迪半导体、擎方科技、歌尔股份等客户进行深度接洽并建立合作关系，进一步保障了公司未来收入的持续性。2024年1-9月公司预计可实现扣除非经常性损益后归属于母公司所有者的净利润约为4,900.00万元至5,400.00万元，同比下降约15.42%至6.79%。2024年公司顺应半导体检测分析行业蓬勃发展的趋势，积极进行业务布局，陆续新建深圳、青岛实验室并新招聘部分人员，使得公司2024年1-9月折旧摊销及人员薪酬增加，而市场开拓及产能充分释放需要一定的周期，因此公司预计2024年1-9月净利润水平将会出现小幅下降。具体而言，仅深圳、青岛两家子公司预计2024年1-9月即亏损合计约1,000万元。同时，公司2024年3季度通过校招等方式陆续招聘部分新员工，使得国内深圳、青岛外的其他公司3季度平均人员数量较上半年增加约50人，该等员工主要系作为后续人员力量进行培训和储备，预计因此增加人员成本费用约250万元。如剔除相关影响，预计公司1-9月净利润将同比实现增长。相关下滑因素主要是新产能建设投入带来的短期影响，目前深圳、青岛实验室业务拓展均取得明显进展，预计两家实验室年底前均可以实现单月盈利，未来将为业绩贡献新的增量。随着新建实验室产能利用率逐步提高、新客户/新项目持续开拓，未来公司盈利能力有望进一步提升。",0
300203.SZ,20241021,20240930,扭亏,162.4193,170.3636,11000.0,12400.0,-17622.75,20241021,预计:净利润11000-12400,本报告期，公司坚持集中各类资源发展具有竞争优势的高端分析仪器、科学仪器及相关配套产品业务，重视在高端科学仪器领域、临床及生命科学领域、“双碳”检测仪器领域及半导体精密检测领域的各项投入。公司持续继续优化业务结构和产品结构，努力提高产品市场占有率和客户满意度，实现提升效率的基础上控制费用。本报告期，公司实现营业收入约23亿元，较去年同期增长约12%，因业务结构、产品结构优化以及合同质量提升，公司整体毛利率较去年同期有一定提升。公司于2023年采取的调整、收缩部分业务布局，实行人员优化及效率提升等措施，在本报告期逐渐取得成效，销售费用、管理费用、研发费用等三项费用占销售收入比例及三项费用总金额较去年同期均有所下降；财务费用与去年同期相比略有下降；公司通过多种措施努力加强业务回款管控，强化费用管理及各类付款管理，经营性现金净流量约为7800万元，较去年同期有大幅改善。本报告期归属上市公司的非经常性损益约5000万元，主要系政府补助。此数据根据目前数据测算，实际金额有不确定性，具体数据将在半年报中详细披露。,0
688385.SH,20241019,20240930,略减,-38.48,-30.78,40000.0,45000.0,65014.23,20241019,预计:净利润40000-45000,（一）营业收入和毛利率影响报告期内，公司各产品线所面对的存量市场竞争激烈。为巩固和拓展市场份额，公司调整了部分产品的销售价格，销售量有所提升。受产品销售价格下降和产品结构调整影响，报告期内公司的综合毛利率下降，营业收入同比小幅减少，因此报告期归属于上市公司净利润下降。（二）研发费用影响报告期内，公司持续进行产品和技术迭代，并加强基于多元化供方的研发，使得研发费用同比有所增加。,0
600323.SH,20241019,20240930,略增,18.82,18.82,138528.0,138528.0,116591.31,20241019,预计:净利润138528,（一）公司全资子公司瀚蓝（济宁）固废处置有限公司确认发电收入工作取得重大进展，本期收到2020年11月至2024年8月的发电电费，增加公司当期净利润约1.2亿元。（二）持续落实降本增效举措取得良好成效，保持较高运营效率。,0
000039.SZ,20241019,20240930,预增,233.0,304.0,165000.0,200000.0,49557.7,20241019,预计:净利润165000-200000,"本集团2024年1-9月归属于母公司股东及其他权益持有者的净利润较去年同期预计同向上升，主要原因为：2024年前三季度集装箱运输行业周期性恢复，且因红海事件拉长运距等因素，集装箱制造业需求较好，本集团集装箱制造业务标准干货箱销量同比大幅上涨，该分部业务收入和净利润均较去年同期大幅上升；海工相关产业受益于市场需求的提升，2024年前三季度营收及净利润较去年同期上升；同时，2024年第三季度期间人民币兑美元汇率较二季度末大幅升值形成一定规模的汇兑损失。综合以上因素影响，本集团2024年1-9月归属于母公司股东及其他权益持有者的净利润较去年同期预计同向上升。此外，本集团2024年1-9月的非经常性损益项目较去年同期预计大幅改善，主要由于2024年1-9月本集团汇率衍生品合计损失人民币336,927千元，较去年同期损失有大幅降低。2024年前三季度美元升值幅度较去年同期减少，以及本集团根据2024年前三季度汇率形势采取了更灵活的套期保值策略，平衡汇率风险与套保管理成本。本集团汇率衍生品套期保值业务合约均以真实业务为背景，坚持套期保值基本原则，目的在于平滑或降低汇率变化对经营造成的不确定性影响。预计2024年第四季度，人民币汇率将持续面临全球经济多种因素带来的不确定性影响，可能将维持震荡格局态势。本集团将继续以保护企业经营利润为目标，平衡汇率风险与套保管理成本，开展套期保值衍生品交易。",0
688033.SH,20241019,20240930,首亏,-353.78,-345.32,-60000.0,-58000.0,23642.79,20241019,预计:净利润-60000--58000,报告期内，公司轨道交通业务中标额度较高，整体市场竞争力较强；受制于光伏行业周期性影响，光伏产业链下游客户单晶拉制耗材产品需求尚未有明显改善，公司光伏新能源板块业务受到影响；受产品价格低位徘徊、存货减值计提、折旧摊销费用及融资成本增加等因素影响，公司报告期内营业收入及净利润较同期大幅下降。,0
835185.BJ,20241019,20240930,预减,-55.3,-45.78,61000.0,74000.0,136476.29,20241019,预计:净利润61000-74000,"报告期内行业竞争加剧,产品价格持续承压,行业盈利水平同比下降.公司负极材料销量保持增长,但因价格承压使得对应的营业收入,净利润均同比下降;正极材料因受终端市场影响,销量大幅下降,对应营业收入,净利润均同比下降.同时,公司持有的交易性金融资产等公允价值变动损失同比增加也带来一定影响.",0
920185.BJ,20241019,20240930,预减,-55.3,-45.78,61000.0,74000.0,136476.29,20241019,预计:净利润61000-74000,"报告期内行业竞争加剧,产品价格持续承压,行业盈利水平同比下降.公司负极材料销量保持增长,但因价格承压使得对应的营业收入,净利润均同比下降;正极材料因受终端市场影响,销量大幅下降,对应营业收入,净利润均同比下降.同时,公司持有的交易性金融资产等公允价值变动损失同比增加也带来一定影响.",0
300124.SZ,20241018,20240930,续盈,-4.0,6.0,318659.0,351853.0,331936.76,20241018,预计:净利润318659-351853,1.报告期内，公司营业收入保持较快增长，主要是新能源汽车业务收入同比快速增长，通用自动化业务收入略有增长；2.报告期内，公司产品综合毛利率同比下降，主要系公司产品收入结构变化影响及市场竞争加剧影响；3.报告期内，公司在加大国际化、能源管理、数字化等战略业务投入的同时，对费用进行总体调控，公司研发、销售、管理等费用增速低于收入增速；4.报告期内，公司公允价值变动收益及投资收益同比下降，主要系股权类投资项目的公允价值变动收益同比下降；5.报告期内，公司信用减值损失同比下降，主要系计提应收账款坏账准备同比减少；6.报告期内，公司资产处置收益同比增加，主要系子公司搬迁确认房产处置收益影响；7.报告期内，公司所得税费用同比增加，主要系公司上年同期部分子公司适用税收优惠政策使得所得税费用较低，导致本期所得税费用同比增加。,0
002935.SZ,20241018,20240930,略减,-33.9,-29.64,1550.0,1650.0,2345.0,20241018,预计:净利润1550-1650,2024年1-9月，受外部环境影响，市场形势较为严峻，整体业绩较去年同期下滑，归属于上市公司股东的净利润预计同比下降29.64%-33.90%。主要原因一是受产品交付进度延迟等因素影响，1-9月营业收入同比下降超10%；二是销售回款不及预期，1-9月计提的信用减值损失同比大幅增加，致使前三季度净利润下滑。,0
601628.SH,20241017,20240930,预增,165.0,185.0,10113500.0,10876700.0,3816400.0,20241017,预计:净利润10113500-10876700,本公司坚持资产负债匹配原则和长期投资、价值投资、稳健投资理念，把握市场机会开展跨周期配置，持续推进权益投资结构优化。2024年三季度股票市场显著回暖，本公司投资收益同比大幅提升。,0
300602.SZ,20241017,20240930,预增,109.74,124.0,10300.0,11000.0,4910.76,20241017,预计:净利润10300-11000,"1、报告期内，公司预计2024年前三季度实现营业收入约34.22亿元，较上年同期增长约17%，第三季度营业收入约为12.53亿元。公司预计2024年前三季度实现归属于上市公司股东的净利润为10,300万元～11,000万元，较上年同期增长109.74%～124.00%，第三季度实现归属于上市公司股东的净利润为4,600.00万元～5,300.00万元，较上年同期增长2.02%～17.55%。2、报告期内，公司紧密围绕年初既定的发展战略和经营目标开展各项工作，稳固深化与客户的合作，积极拓展市场，持续加强成本费用管控，优化人员结构，整体经营业绩稳步提升。终端业务增长受益于国内消费类电子业务行业市场需求回暖，订单向好，公司手机及笔记本电脑等终端产品的市场份额持续提升，出货量加大，毛利率提升，盈利能力增强。公司积极拓展新能源汽车业务应用，构筑核心技术壁垒，提升公司产品竞争力，并科学调整新能源产品结构，订单量持续增长。由于原材料价格上涨、新客户导入、部分新项目打样等因素影响导致报告期内新能源领域毛利率有所下降。光伏逆变器和储能业务受市场环境影响导致订单量下滑，营收情况未达预期。公司在通信领域市场份额增加，产能得到释放，毛利率有较大提升，盈利能力同比上涨。公司服务器相关业务积极配合客户打样及小批量供货，合作有序推进中。3、报告期内，汇率波动对公司业绩有一定影响，第三季度汇兑损失较上年同期增加约900万元。4、报告期内，公司按照权益法预计对参股公司广东博纬通信科技有限公司确认投资亏损约2,160万元（未经审计），上年同期投资亏损241万元，同期增加投资亏损1,919万元。5、公司预计2024年前三季度非经常性损益对公司净利润的影响金额约为1,200万元，主要为公司收到的政府补助，上年同期非经常性损益为2,099万元。",0
002215.SZ,20241017,20240930,预增,60.0,80.0,44819.0,50422.0,28012.0,20241017,预计:净利润44819-50422,公司第二增长曲线主打的蓝莓业务进入第二年量产，年度营业收入与利润同比大幅增长。第三季度为公司农药制剂业务及生鲜消费业务的淡季，形成亏损。,0
688603.SH,20241017,20240930,略增,34.45,39.26,5600.0,5800.0,4164.97,20241017,预计:净利润5600-5800,公司2024年前三季度业绩增长的主要原因为：1、报告期内，公司利用国产替代优势积极开拓新客户，同时，公司主营产品结构也得到进一步地优化调整，高毛利产品销售占比稳步提升；2、报告期内，公司闲置募集资金理财收益及银行存款利息收入增加也对本期利润产生了积极的影响。,0
301628.SZ,20241017,20240930,略增,13.87,16.57,7600.0,7780.0,6674.29,20241017,预计:净利润7600-7780,根据Prismark预测数据，从中长期看，PCB行业将保持稳定增长，2024年PCB行业景气度回暖，下游应用领域的新兴产品需求的增加将推动发行人PCB收入增长。销售规模的增加以及随着公司产品结构的持续优化，PCB产品平均订单面积减少、平均层数增加、产品型号款数增加，附加值更高的样板和小批量板产品收入规模和占比的提升，将带动公司扣除非经常性损益后归属于母公司股东的净利润的增长。,0
603205.SH,20241017,20240930,略增,10.18,15.09,9189.0,9598.0,8339.97,20241017,预计:净利润9189-9598,,0
300724.SZ,20241017,20240930,预增,55.0,73.0,189505.0,211512.0,122261.01,20241017,预计:净利润189505-211512,公司在手订单在报告期内持续验收转化为收入所致。,1
300724.SZ,20241017,20240930,预增,55.0,73.0,189505.0,211512.0,122261.01,20241017,预计:净利润189505-211512,公司在手订单在报告期内持续验收转化为收入所致。,0
003003.SZ,20241016,20240930,预增,41.34,90.64,4300.0,5800.0,3042.34,20241016,预计:净利润4300-5800,报告期内，公司归属于上市公司股东的净利润同比上升的主要原因：公司纸类原材料采购成本较上年同比有所下降，公司通过进一步完善内部管理、收入结构，以及优化产品工艺的改进和原材料自产比例的提高等措施，从而导致公司毛利率及净利润有所提高。,0
002666.SZ,20241016,20240930,预增,50.0,70.0,7717.0,8746.0,5144.48,20241016,预计:净利润7717-8746,1、报告期内，公司积极把握市场发展机遇，持续优化产品结构，对部分毛利率较低的产品进行调整，缩减相应产品销售规模，提升产品整体毛利率水平，增强主营业务的可持续提升能力。2、报告期内，公司部分业务原材料价格同比去年有所下降，对应毛利率水平明显提升，净利润同比实现大幅增长。,0
600236.SH,20241016,20240930,预增,85.94,94.73,211400.0,221400.0,113700.0,20241016,预计:净利润211400-221400,2024年前三季度归属于上市公司股东的净利润较上年同期有所增加，主要受来水量影响，2024年前三季度公司发电量同比增长。公司骨干电厂所在的红水河流域，来水同比增长，发电量同比增长。公司位于贵州、四川、云南的水电站也因所在区域来水同比有所增长，发电量相应增长。,0
601319.SH,20241016,20240930,预增,65.0,85.0,3383000.0,3793100.0,2050300.0,20241016,预计:净利润3383000-3793100,本期业绩预增的主要原因是:本集团坚决贯彻落实党的二十届三中全会精神以及中央金融工作会议精神，坚持稳中求进工作总基调，务实推进卓越战略，全力确保高质量发展的良好态势。2024年前三季度，本集团业务结构持续优化，风险防控有力有效，降本增效成果显著。本集团在夯实经营基础的同时，叠加资本市场回暖影响，总投资收益同比实现大幅增长，净利润较去年同期增幅较大。,0
600186.SH,20241016,20240930,预增,69.15,79.72,16000.0,17000.0,9459.28,20241016,预计:净利润16000-17000,（一）公司坚持“品牌复兴战略”，持续优化营销网络布局，巩固并扩大调味品业务竞争优势。2024年前三季度，公司商超等连锁渠道拓展取得突破，新零售业务快速增长，调味品销量和销售收入实现较大幅度增长。（二）公司推进体制机制改革，进一步激发组织活力和动力，促进供应链降本增效，销售净利率同比提升。,0
002026.SZ,20241016,20240930,预增,63.57,102.06,17000.0,21000.0,10393.2,20241016,预计:净利润17000-21000,公司持续深耕主业，紧盯市场需求，不断加强研发投入，积极开发新项目、新产品，2024年以来落地量产的新项目增多，市场订单量充足。同时，公司加强管理，持续精益生产和工艺改善，不断提升产品质量，降低制造成本，持续提升客户满意度，促进业绩提升。,0
000045.SZ,20241016,20240930,略增,2.13,32.17,6800.0,8800.0,6658.0,20241016,预计:净利润6800-8800,报告期内，公司持续聚焦偏光片主业，通过积极争取优质订单、优化产品结构、提升生产工艺、加强质量控制、保障生产要素供应稳定等举措，推动公司业绩稳步增长。,0
600418.SH,20241016,20240930,预增,237.08,237.08,62000.0,62000.0,18393.3,20241016,预计:净利润62000,（一）公司持续优化产品结构和债务结构，积极开拓海内外市场，实现汇兑收益增加和财务费用减少。（二）公司持续致力于优化资产结构，提高资源配置效率，报告期内资产处置收益大幅增加。,0
300151.SZ,20241016,20240930,预增,48.42,54.36,7500.0,7800.0,5053.18,20241016,预计:净利润7500-7800,"公司2024年前三季度归属于上市公司股东的净利润较上年同期增长48.42%至54.36%，其主要原因是：1、报告期内，公司深耕主营业务，深度挖掘客户需求，通过整合公司及下属子公司的业务资源，实现了公司整体业务布局的拓展，公司2024年前三季度盈利能力较上年同期有所增长。2、报告期内，公司非经常性损益对净利润影响预计为1,200.00万元左右，主要为政府补助收入和理财取得的投资收益。",0
000628.SZ,20241016,20240930,预减,-60.61,-48.79,10000.0,13000.0,25386.71,20241016,预计:净利润10000-13000,（一）因公司于2023年9月完成倍特期货有限公司控股权转让，增加公司上年同期净利润约1.5亿元，属于非经常性损益。本报告期，公司无前述事项影响。（二）本报告期功率半导体业务一方面受行业周期下行、整体“去库存”以及部分新客户产品验证周期较长尚未形成批量规模收入的影响，另一方面芯未半导体一期项目于2023年四季度通线投产，产能尚未充分利用，厂房及产线折旧等固定费用对当期损益影响较大。,0
600505.SH,20241016,20240930,扭亏,115.3657,115.3657,500.0,500.0,-3254.0,20241016,预计:净利润500,报告期内公司业绩变动主要原因：一是供电环节直售电量同比增长8.56%；二是受网内电站来水较上年提前的影响，自有电站上网电量同比增长29.91%，网内小水电上网电量同比增长27.06%，外购大网电量同比下降8.28%，影响购电成本同比下降10.32%；三是受控股子公司固增公司康坞电站投运后正常发生运行费用、财务费用和上游水库蓄水等因素影响发电量不及预期所致。,0
688099.SH,20241016,20240930,预增,89.32,89.32,59400.0,59400.0,31374.76,20241016,预计:净利润59400,"本报告期内，公司所处领域市场逐步恢复，公司对外采用积极的销售策略,对内持续提升运营效率,销售收入和净利润保持了较高速度增长。继2024年第二季度营收创单季度历史新高之后，2024年第三季度营收亦创历史同期新高。报告期内实现营收约46.40亿元,同比增加约7.82亿元（约20%）,实现归属于母公司所有者的净利润约5.94亿元,同比增加约2.80亿元（约90%）。公司近年来持续坚持多产品线战略,多个新产品的研发和市场表现不断取得新突破.",0
688596.SH,20241016,20240930,略增,20.0,25.0,32500.0,33900.0,27056.0,20241016,预计:净利润32500-33900,公司下游行业市场需求增长、公司市场竞争力、运营效率不断提升等因素使得报告期内的销售收入和利润均有较大幅度增长；截止本报告期末，公司经营性现金流净额较2024年上半年大幅改善，主要系公司销售收入大幅提升，带动回款提升且有效控制原材料库存所致。,0
688281.SH,20241016,20240930,略增,14.4,14.4,30944.0,30944.0,27049.3,20241016,预计:净利润30944,公司2024年前三季度业绩增长的主要原因:1、报告期内，批产型号任务和小批试制新产品订单陆续增多，当期产销量较上年同期稳步提升，使得公司营业收入及盈利能力较上年同期增加。2、报告期内，各控股子公司项目建设进展顺利，但由于尚在产能建设期，产生一定的亏损，对公司本期利润产生一定影响。,0
601601.SH,20241016,20240930,预增,60.0,70.0,3700000.0,3940000.0,2314900.0,20241016,预计:净利润3700000-3940000,本公司2024年前三季度业绩预计增长的主要原因是：公司依据战略资产配置方案，投资组合中保持配置一定比例区间的权益资产，伴随近期资本市场上涨，公司2024年前三季度投资收益同比实现较大幅度增长，实现了2024年前三季度净利润较大幅度增长。,0
300005.SZ,20241016,20240930,预增,107.23,133.27,9550.0,10750.0,4608.47,20241016,预计:净利润9550-10750,前三季度业绩增长的核心驱动力在于公司实施“户外+芯片”双主业发展战略，具体来看：户外业务方面，公司持续提升品牌力、产品力和渠道力，优化业务构成，深化内部管理效能，实现了营业收入与利润双增长；芯片业务方面，公司以客户需求为导向，加大研发投入，通过技术创新与产品迭代提升芯片业务竞争力。,0
002666.SZ,20241016,20240930,预增,50.0,70.0,7717.0,8746.0,5144.48,20241016,预计:净利润7717-8746,1、报告期内，公司积极把握市场发展机遇，持续优化产品结构，对部分毛利率较低的产品进行调整，缩减相应产品销售规模，提升产品整体毛利率水平，增强主营业务的可持续提升能力。2、报告期内，公司部分业务原材料价格同比去年有所下降，对应毛利率水平明显提升，净利润同比实现大幅增长。,1
600236.SH,20241016,20240930,预增,85.94,94.73,211400.0,221400.0,113700.0,20241016,预计:净利润211400-221400,2024年前三季度归属于上市公司股东的净利润较上年同期有所增加，主要受来水量影响，2024年前三季度公司发电量同比增长。公司骨干电厂所在的红水河流域，来水同比增长，发电量同比增长。公司位于贵州、四川、云南的水电站也因所在区域来水同比有所增长，发电量相应增长。,1
300005.SZ,20241016,20240930,预增,107.23,133.27,9550.0,10750.0,4608.47,20241016,预计:净利润9550-10750,前三季度业绩增长的核心驱动力在于公司实施“户外+芯片”双主业发展战略，具体来看：户外业务方面，公司持续提升品牌力、产品力和渠道力，优化业务构成，深化内部管理效能，实现了营业收入与利润双增长；芯片业务方面，公司以客户需求为导向，加大研发投入，通过技术创新与产品迭代提升芯片业务竞争力。,1
300623.SZ,20241015,20240930,预增,120.0,150.0,31356.0,35632.0,14252.92,20241015,预计:净利润31356-35632,"1、报告期内，半导体行业的温和复苏，公司聚焦主业发展方向，以市场为导向，以创新为驱动，受益于下游市场应用领域需求的逐步回暖、产品结构升级和客户需求增长等因素，2024年前三季度公司综合产能有所提高，产能利用率保持较高的水平，公司紧紧抓住功率半导体器件进口替代契机和产品结构升级与客户需求增长等因素，拓宽下游应用领域，实现了核心业务板块IDM模式下的有效提升，公司营业收入和归属于公司股东的净利润较上年同期有所增长。2、公司控股子公司捷捷微电（南通）科技有限公司的生产设备在功率半导体领域属于国内领先水平，随着产能不断提升，捷捷南通科技的盈利能力进一步增强，净利润较去年同期有较大幅度的增长。3、报告期内，非经常性损益对归属于公司股东的净利润影响额约为5,170万元，其中3,304万元系公司处置非流动资产收益。",0
300322.SZ,20241015,20240930,扭亏,102.3117,102.9538,360.0,460.0,-15573.12,20241015,预计:净利润360-460,2024年前三季度公司业绩实现扭亏，主要是公司各业务逐渐向好，且资产减值较去年同期减少。,0
300218.SZ,20241015,20240930,预增,248.3,272.32,14500.0,15500.0,4163.03,20241015,预计:净利润14500-15500,"报告期内，公司锐意进取，奋力拼搏，生产经营保持快速增长，营业收入、产品单价及利润均创历史最高纪录。（一）报告期内，公司主营革产品销量同比增长约16.1%，销售收入同比增长约26.2%，销售单价同比提高约8.7%。其中，三季度当季在上年较高基数的基础上，销量增长约10.2%,销售收入增长约21.6%，单价同比提高约10.4%。报告期内，公司主营产品量价齐升，盈利能力增强。（二）报告期内，公司研发投入约11240.9万元，较上年同期增加约1668.5万元，增长约17.4%。公司坚持长期主义，坚持品牌引领、创新驱动，努力增强发展后劲。（三）报告期内，计入当期损益的政府补助约1,663.12万元，较上年同期增加237.34万元，占利润比重降低，利润结构好。报告期内，公司与品牌客户深化合作，客户和产品战略成效初显，公司综合竞争力提升，发展机遇向好，市场空间广阔。生产经营整体呈现经营高速度、盈利高增长、发展高质量的良好态势。",0
301187.SZ,20241015,20240930,预增,40.0,55.0,17465.0,19336.0,12475.0,20241015,预计:净利润17465-19336,欧美等发达国家和地区将迎来传统的大型采购季，商家提前备货，以及北美以外新市场的开拓，同时得益于美国房地产行业回暖带动清洁设备及气动工具消费增加，市场需求旺盛，公司整体业绩持续增长。,0
002364.SZ,20241015,20240930,预增,163.72,183.49,8002.0,8602.0,3034.13,20241015,预计:净利润8002-8602,报告期内，公司业绩同比上升的原因主要为：1、报告期内，数据中心电源业务营收同比增长，与此同时，公司加强管理、经营效率提升，带来业绩增长；2、2024年上半年度公司全资子公司转让参股公司股权预计产生投资收益3268.31万元（未经审计），该收益属于非经常性损益；3、2024年第三季度归属于母公司净利润下降的原因主要系2023年第三季度全资子公司转让参股公司股权产生投资收益1831.12万元。,0
000978.SZ,20241015,20240930,预减,-67.05,-67.05,1200.0,1200.0,3641.85,20241015,预计:净利润1200,"1.2024年1-9月，公司游客接待量约466万人次，同比下降约3%；实现营业收入约34,210万元，同比下降约6.67%。2.2024年1-9月，公司投资收益同比减少约2,270万元。3.公司独资子公司桂林资江丹霞旅游有限责任公司2024年7月2日收到桂林丹霞温泉旅游有限公司第二次破产财产分配的现金445.43万元，增加公司本年度归属于上市公司股东的净利润445.43万元，为非经常性损益。具体详见公司2024年7月4日发布的《桂林旅游股份有限公司关于桂林丹霞温泉旅游有限公司破产清算进展的公告》（公告编号：2024-032）。4．本年度公司独资子公司桂林漓江大瀑布饭店有限责任公司收到2023年“秋冬游广西”住宿优惠活动政府补助资金302.88万元，增加公司本年度归属于上市公司股东的净利润302.88万元，为非经常性损益。以上因素综合，为公司2024年1-9月归属于上市公司股东的净利润同比下降的主要原因。",0
002906.SZ,20241015,20240930,预增,51.26,59.67,45000.0,47500.0,29749.4,20241015,预计:净利润45000-47500,公司2024年前三季度归属上市公司股东的净利润较上年同期大幅增长的主要原因为：1、营业收入较上年同期大幅增长：汽车电子业务中座舱域控、HUD、屏显示、车载无线充电、精密运动机构、数字声学、液晶仪表、车载摄像头等产品销售收入同比大幅增长；精密压铸业务中汽车智能化相关零部件及光通讯模块相关零部件销售收入同比大幅增长。2、销售利润率提升：规模效应、公司管理改善。,0
002093.SZ,20241015,20240930,预增,52.21,86.03,13500.0,16500.0,8869.39,20241015,预计:净利润13500-16500,报告期内，公司业绩持续稳健增长，前三季度营收创近6年新高，净利润创历史新高，Q3净利润环比增幅近200%。业绩的大幅增长主要得益于公司在科技领域的持续投入，身联网研发取得阶段性成果，应用场景正式对外推广；长期坚持的深度产教融合战略优势日益凸显，教育培训规模增长的同时，为公司技术创新、经营管理和业务发展带来良好的协同效应，成为推动公司高质量发展的强劲动力；公司动态调整自有资金配置结构，提升收益。,0
000977.SZ,20241015,20240930,预增,61.34,74.24,125000.0,135000.0,77477.0,20241015,预计:净利润125000-135000,报告期内，公司坚持以市场为导向，积极把握行业发展机遇，进一步完善产品线布局，持续致力于产品技术创新和提升客户满意度，大力拓展国内外客户。同时提高生产交付能力，加快产品交付，实现业务快速增长。经财务部门初步测算，公司预计2024年1-9月营业收入将同比增长70%左右，有力保障了净利润的增长。,0
002312.SZ,20241015,20240930,略增,30.46,30.46,42400.0,42400.0,32500.0,20241015,预计:净利润42400,报告期内，磷化工行业景气度回升，公司在保证安全环保、产品质量的前提下，强化市场研判，灵活把握国内国际两个市场、下游需求季节性特征，持续优化采购、生产、销售策略，推动产品技术与工艺创新，开发高附加值产品，并进一步发挥生产装置配套齐全的优势，提升优势产品利润与市场占有率，降本增效，前三季度公司综合毛利率有所上升，经营业绩实现较好增长。,0
000600.SZ,20241015,20240930,预增,92.38,92.38,43600.0,43600.0,22663.79,20241015,预计:净利润43600,"公司2024年前三季度预计实现归属于上市公司股东的净利润约43,600.00万元，同比增加约92.38%，主要原因为公司发电量、供热量同比增加，以及燃料成本同比降低，公司火电主业盈利增加。",0
002947.SZ,20241015,20240930,预增,35.82,64.01,26500.0,32000.0,19511.33,20241015,预计:净利润26500-32000,预告期内，公司业绩实现了显著增长，主要得益于公司抓住了AI行业发展机遇，新项目业务的顺利开展和产能的逐渐释放。同时，公司不断拓展并构建了优质、长期稳定的客户群体，这对公司的业绩增长也做出了重要贡献。公司始终将研发创新作为核心发展战略，通过持续加大研发投入、推动技术创新和优化产品结构，积极布局AI领域，这些举措为进一步提升公司的核心竞争力提供了有力保障。,0
000554.SZ,20241015,20240930,预增,105.0,165.0,4800.0,6200.0,2339.0,20241015,预计:净利润4800-6200,利润增加的主要原因是成品油采销差高于去年同期。,0
002468.SZ,20241015,20240930,预增,178.68,200.4,61600.0,66400.0,22103.9,20241015,预计:净利润61600-66400,"1、2024年初以来，国内线上消费需求表现活跃，实物商品网上零售稳步增长，带动快递市场规模稳步提升。根据国家统计局的数据显示，2024年1-8月，实物商品网上零售额80,143亿元，同比增长8.1%，占社会消费品零售总额的比重达到25.6%；在电商平台促销活动及商品轻小件化等因素的影响下，快递业务量实现了20%以上的较快增长；同时，随着“快递新规”等政策落地实施以及行业号召防止“内卷式”恶性竞争，快递企业不断提升快递服务质量，推动快递市场整体平稳健康发展。2、2024年前三季度，公司秉承“正道经营、长期主义”的发展理念，坚定“打造中国体验领先的经济型快递”的战略目标，坚持“业务规模、服务体验及利润”三驾马车并驾齐驱、均衡发展的策略，通过进一步拓展吞吐产能，提升时效质量体验，实现了公司业务量增速高于行业增速的目标，市场份额稳步提升。同时，公司通过运营成本的极致管控以及件量增长的规模效应带来了较好的降本效果，使得盈利能力同比大幅增长。2024年前三季度，公司实现扣除非经常性损益后的净利润约60,100.00万元至64,900.00万元，同比增长186.76%至209.66%。",0
000969.SZ,20241015,20240930,预增,68.93,76.61,33000.0,34500.0,19535.1,20241015,预计:净利润33000-34500,"公司前三季度经营业绩预计同比实现较大幅度增长，预计公司归属于上市公司股东的净利润比上年同期增长68.93%-76.61%，经营业绩大幅增长的主要原因：1、公司持续加大研发投入，增强创新能力，公司所属钨钼精深加工业务、非晶业务及特种粉末业务不断优化产品结构，挖掘客户应用潜力，使得盈利能力得到提升。2、转让安泰环境股权产生投资收益。3、本期政府补助增加。本报告期内，预计非经常性损益项目对归属于上市公司股东净利润的影响金额约为10,990万元左右，其中转让安泰环境工程技术有限公司14%股权获取的投资收益约为13,059万元左右,非流动资产处置损益约-3,481万元左右，政府补助约为1,518万元。公司三季度非经常性损益项目非流动资产处置损益约-3,359万元左右。",0
000570.SZ,20241015,20240930,预减,-74.5,-68.13,4000.0,5000.0,15686.9,20241015,预计:净利润4000-5000,"1、与去年同期相比，报告期内公司销售收入同比增加，同时毛利率较高的产品销售比重提升，销售结构有所优化。2、去年同期，公司与常州市钟楼区住房和城乡建设局签订了《常州市国有土地上房屋征收与补偿协议书》，该项资产处置增加公司去年同期收益10,539.57万元（税前）。该项属于非经常性损益。3、去年同期，公司持有的江苏厚生新能源科技股份有限公司股权公允价值上升，增加去年同期公允价值变动收益3,941.46万元（税前）。该项属于非经常性损益。4、报告期末，公司全资子公司常州厚生投资有限公司持有的联测科技（688113）、凯龙高科（300912）等股票公允价值较期初有所下降，共减少当期损益2,552.53万元（税前）。去年同期上述股票公允价值上升，共增加当期损益1,028.69万元（税前）。该项属于非经常性损益。",0
603032.SH,20241015,20240930,预减,-91.08,-88.54,1400.0,1800.0,15701.05,20241015,预计:净利润1400-1800,报告期内，公司所处新能源市场竞争依旧激烈，受行业周期及下游价格战的影响，公司模具和切刀的销售仍有一定的下降。叠加业内产能过剩、竞争加剧等多重因素的影响，公司业务规模、订单价格以及订单量均出现一定程度下滑，一定程度上挤压了利润空间，导致公司盈利能力下降。,0
000993.SZ,20241015,20240930,预减,-68.88,-59.55,10000.0,13000.0,32136.29,20241015,预计:净利润10000-13000,本报告期归属于上市公司股东的净利润较上年同期下降的主要原因如下：房地产行业东晟广场项目已于上年完成全部住宅楼交房，本报告期确认售房收入较上年同期大幅减少。,0
002495.SZ,20241015,20240930,扭亏,153.3023,160.4092,1500.0,1700.0,-2814.14,20241015,预计:净利润1500-1700,1、主营业务影响。报告期内，公司根据市场情况，调整经营思路，制定营销策略，进行市场改革，取得明显效果；同时加强原材料采购管理，叠加主要原材料味精、呈味核苷酸二钠等原材料价格大幅度下降，公司产品销售成本同比下降，毛利率同比上升。另一方面继续加强内部开源节流管理工作，扎实推进各项降本增效工作，降低产品成本，提高管理效能，致使报告期公司经营业绩同比实现较大增幅。2、非经常性损益影响。本报告期非经常性损益对公司净利润的影响预计120万元，主要是理财产品收益和政府补助。,0
002970.SZ,20241015,20240930,预增,156.51,181.09,20867.0,22867.0,8135.09,20241015,预计:净利润20867-22867,本报告期内，公司预计归属于上市公司股东的净利润同比大幅增长，主要得益于海外业务的收入和毛利额快速增长。,0
000972.SZ,20241015,20240930,首亏,-216.25,-181.37,-5000.0,-3500.0,4301.16,20241015,预计:净利润-5000--3500,1.受红海—苏伊士运河航运危机影响，国内番茄加工企业大量境外客户暂缓提货，出口船只数量减少，存放在港口的货物交付-出港-回款周期延长；该影响造成公司报告期内主要产品大包装番茄酱销售价格及销量较上年同期下降，在销量减少、毛利率降低的情况下，导致公司整体净利润降幅较大。同时，根据会计准则计提存货跌价准备。2.公司已着手积极开发快消品、保健品领域拳头产品，着力加大内销力度，逐步打通国内市场营销渠道。,0
003000.SZ,20241015,20240930,预增,56.47,67.75,20841.0,22343.0,13319.14,20241015,预计:净利润20841-22343,2024年以来，面对市场竞争加剧的环境，公司坚定聚焦“大单品、全渠道、品牌化、国际化”发展战略，以“做好吃又健康的休闲食品，改善人们生命质量”为使命，选择优质蛋白健康食材为原料，立足中式风味休闲食品赛道，把握行业发展机遇。公司持续深耕休闲鱼制品、禽类制品、豆制品三大优质蛋白健康品类，不断加大研发投入与产品创新。公司以深海鳀鱼、短保豆干、溏心鹌鹑蛋等创新升级产品为代表，布局健康零食赛道，持续挖掘品类价值，加深品类认知，提高知名度和美誉度。公司发力营销网络建设，坚持全渠道发展战略。精耕传统流通渠道，提高网点铺货率；积极开拓现代型渠道，提高终端品牌势能；加强零食专营渠道合作，丰富品类及SKU；同时，公司积极推动海外市场开发。公司营业收入与净利润均实现了高质量增长，净利润增长的主要原因一方面是营业收入增长带来的规模效应和供应链效益优化，另一方面是主要原材料、辅料、包材等价格同比均有所下降。,0
002319.SZ,20241015,20240930,首亏,-1483.1259,-791.5629,-3000.0,-1500.0,216.9,20241015,预计:净利润-3000--1500,"预计2024年前三季度归属上市公司股东的净利润为亏损3,000万元至亏损1,500万元；预计2024年前三季度归属于上市公司股东扣除非经常性损益后的净利润为亏损3,200万至亏损1,600万元。公司2024年前三季度经营亏损主要原因如下：1)受油墨行业竞争加剧、产品价格调整，以及部分原材料价格波动等多重因素影响，公司油墨业务毛利率下降；2)2024前三季度销售收入增加导致按比例计提的坏账准备金额增加。预计报告期内公司非经常性损益对净利润影响金额约80.28万元，主要系公司获得的政府补助。",0
002053.SZ,20241015,20240930,预增,71.38,72.28,56800.0,57100.0,33143.69,20241015,预计:净利润56800-57100,"公司业绩主要来源于风电和盐业。风电业务方面，云南省内每年6月至10月为小风季、11月至次年5月为大风季，风力发电的季节性很强。大风季发电量高，营业收入较高，净利润较高；小风季发电量较低，营业收入较低，净利润较低或亏损。食盐业务方面，主要由于居民生活腌制及消费习惯等原因，第三季度进入销售淡季，同时上年第三季度受日本核污染水排海事件影响小袋食盐销售量增加，本年第三季度市场回归常态，小袋食盐销售量同比回落，工业盐价格受下游需求影响同比有所下降。上述因素叠加影响，致使公司2024年第三季度预计实现归属于上市公司股东的净利润同比下降。2024年前三季度，主要由于永宁风电场、涧水塘梁子风电场、金钟风电场一期项目全容量并网发电及金钟风电场二期项目的陆续并网发电，以及来风情况同比向好影响，公司新能源板块发、售电量较上年同期大幅增长，公司2024年前三季度预计实现归属于上市公司股东的净利润56,800.00万元至57,100.00万元，较上年同期增长71.38%至72.28%。",0
002371.SZ,20241015,20240930,预增,43.19,64.69,413000.0,475000.0,288421.67,20241015,预计:净利润413000-475000,公司2024年前三季度预计经营业绩比上年同期增长的主要原因如下：1．公司精研客户需求，丰富产品矩阵，拓宽工艺覆盖范围，主营业务继续保持良好发展态势，市场占有率稳步攀升，前三季度收入实现同比稳健增长。2．随着公司营收规模持续扩大，平台优势逐渐显现，经营效率持续提高，成本费用率稳定下降，前三季度归属于上市公司股东的净利润同比持续增长。,0
000601.SZ,20241015,20240930,预增,201.0,216.31,19660.0,20660.0,6531.57,20241015,预计:净利润19660-20660,报告期内，受公司水电站所在地区降雨量及来水量同比大幅增长、生态纸餐具经营成果同比改善等因素影响，公司经营业绩同比大幅增长，整体经营趋势良好。（一）报告期内公司经营业绩的主要影响因素。1、公司水电站所在地区降雨量及来水量同比大幅增长的影响报告期内，公司水电站所在地区来水量同比大幅增加，促使公司水电业务营业收入、利润总额同比分别增长47.86%、116.50%。2、公司生态纸餐具经营成果同比改善的影响报告期内，公司生态纸餐具企业通过大力拓展市场，促使产品销量大幅提升，进而促使产能利用率大幅提升，促使纸餐具业务实现的营业收入同比增长17.86%，公司纸餐具业务经营趋势良好。（二）报告期内重点经营工作。1、水电业务：报告期内，公司水电企业重点抓住降雨量、来水量同比大幅增长的有利时机，继续推行精细化管理及流域水情调度，最大限度提高水能利用率。2、生态纸餐具业务：报告期内，公司生态纸餐具企业重点抓以下工作：一是进一步加强市场拓展。推动落实“品牌建设”、“市场拓展”、“国际化”三大工程。主动出海挖掘机会，通过拓展市场，增加订单，促使产品销量和产能利用率大幅提升，提升营业收入，进而有效降低单位产品的付现成本；二是进一步狠抓各项降本增效工作。坚持节支增效管理观念，严控并降低成本开支，同时抓好单机产能、一次性合格率的稳定发挥。3、精密（智能）制造业务：报告期内，公司从事精密（智能）制造业务的企业，进一步拓展新能源汽车零部件业务，努力提高新能源业务营收占比；同时狠抓降低钢材消耗及吨位费等各项降本增效工作，严控各项费用开支。,0
002126.SZ,20241015,20240930,略增,34.13,37.51,59500.0,61000.0,44359.76,20241015,预计:净利润59500-61000,报告期内，公司坚定“夯实基础、降本增效、改善提质、卓越运营”经营方针，有效应对各种挑战，持续变革创新。以OPACC（扣除资本费用后的利润率）指标引领经营效率的持续提升，同时强化职能和组织建设，深化精益管理，推动商业模式和运营模式的创新。公司严格按照“二八战略”原则，高效配置资源，迅速响应市场，赢得了更多客户的信任和订单，各业务板块配套份额和配套价值持续提升，拉动公司订单增长。在海外业务发展上，根据海外发展纲要，公司积极拓展国际市场，持续推进海外经营体的卓越运营，海外经营体的盈利能力显著提升。,0
000807.SZ,20241015,20240930,预增,51.7,53.69,380000.0,385000.0,250499.1937,20241015,预计:净利润380000-385000,报告期内，云南铝业股份有限公司（以下简称“云铝股份”或“公司”）加快电解铝产能的复产进度，电解铝产能利用率大幅提升，在三季度实现满负荷生产，同时公司抓实全要素对标和降本增效各项工作，持续加大营销力度，公司铝商品产销量同比较大幅度增长，经营业绩同比增加。,0
000852.SZ,20241015,20240930,略减,-4.0,-1.0,8400.0,8700.0,8785.67,20241015,预计:净利润8400-8700,公司紧抓国内超深层油气开发和油气装备数智化升级等机遇，积极拓市场增订单，油气装备产品和服务收入规模保持持续增长态势，但受国内油气干线管网建设速度整体放缓影响，油气钢管收入同比明显下降，公司整体经营业绩同比略有下降。,0
002917.SZ,20241015,20240930,略增,31.79,40.45,10650.0,11350.0,8081.34,20241015,预计:净利润10650-11350,报告期内，公司持续加强市场拓展，专用设备、民爆产品和化工材料均实现收入增加，带动业绩增长。同时，公司进一步优化经营管理，加强成本控制，协同效应得到进一步释放，毛利率得到提升，促进公司效益增长。,0
600547.SH,20241015,20240930,预增,37.52,67.26,185000.0,225000.0,134500.0,20241015,预计:净利润185000-225000,2024年1-3季度，公司强化战略引领作用发挥，突出强化生产组织，持续优化生产布局，加强技术管理和科技创新，提高生产作业率、资源利用率；持续深化降本增效，通过科技创新、工艺优化、资产盘活、集中采购、政策创效等方式，提升精细化管理水平，提高经营效率，稳定生产成本；同时，2024年1-3季度黄金价格上行以及并购山金国际（原名“银泰黄金”）也推动公司利润上涨。,0
000627.SZ,20241015,20240930,续亏,-62.0,-48.0,-34500.0,-31500.0,-21299.54,20241015,预计:净利润-34500--31500,2024年前三季度，利率市场环境持续走低，公司控股子公司国华人寿受750日移动平均国债收益率曲线下行影响，增加计提准备金，尽管国华人寿通过持续优化产品结构，提升新业务价值，降低负债成本等措施尽可能减少上述不利影响，但仍无法全部抵消增提准备金带来的影响，从而造成当年累计亏损较上年同期有所扩大。近期资本市场回暖，公司投资收益有所改善，2024年前三季度亏损幅度较半年度收窄。国华人寿按照既定的发展思路，保持适度业务规模，持续推动业务结构优化，资产配置结构优化，稳步推进资产负债匹配，持续强化新技术应用和人才储备，完善公司经营管理体系，全面提升公司经营能力。在保障保费收入保持基本稳定的同时，根据市场情况，适时调整业务节奏和结构，大力推进长期价值和风险保障型业务发展。目前国华人寿业务经营有序，规模适度稳健，2024年前三季度实现原保险保费收入303.42亿元。,0
002836.SZ,20241015,20240930,预增,260.0,360.0,3677.0,4698.0,1021.37,20241015,预计:净利润3677-4698,主要原因为：报告期内，公司持续深耕烟标领域，把握行业发展机遇，积极参与各中烟公司的新型烟草包装招标活动，公司订单实现大幅度增加，从而使营业收入和净利润均实现大幅增长。,0
000899.SZ,20241015,20240930,预增,50.78,60.58,61500.0,65500.0,40788.88,20241015,预计:净利润61500-65500,2024年前三季度公司业绩变动的主要原因是：公司所属火电厂丰城电厂本期燃料成本较上年同期有所下降导致。,0
300260.SZ,20241015,20240930,略增,6.92,24.74,18000.0,21000.0,16834.66,20241015,预计:净利润18000-21000,"1、报告期内，公司归属于上市公司股东的净利润较去年同期上升，主要原因为：受益于国内半导体行业市场需求回暖，订单向好；同时在食品行业，虽然下游客户需求减少，但公司产品在国内客户的市场占有率不断提升，保持了与去年同期基本持平；公司整体业绩稳中向好。2、报告期内，半导体行业业务规模增长显著，但公司不断加大在半导体行业的投入，固定资产折旧不断增加，毛利率较去年同期有所下滑。3、报告期内，公司不断加大研发投入，尤其是在半导体行业的深入布局，研发费用较去年同期上涨明显。4、报告期内，公司非经常性损益金额约1,400万元。",0
600969.SH,20241015,20240930,扭亏,256.6,256.6,6000.0,6000.0,-3831.35,20241015,预计:净利润6000,"（一）综合购电成本较上年同期下降。网内小水电上网电量增长，前三季度公司购小水电上网电量同比增长38.58%；购新能源上网电量同比增长195.6%，综合购电成本较上年同期降低。（二）水电板块发电量增加。受供区降雨量增加影响，公司前三季度发电量2.93亿千瓦时，较上年同期大幅增长72.85%，增加发电收入3,200万元。（三）非经常性损益影响。本期控股二级子公司唐山中邦工业气体有限公司与唐山港陆钢铁有限公司就气款争议达成和解，签订了《<唐山中邦工业气体有限公司为唐山港陆钢铁有限公司投资建厂供气合同>之补充合同》。根据该补充合同及收入确认条件，本公司本期确认了前期因结算价格争议未确认的供气收入2.79亿元，因该项收入是一次性的，故相应增加非经常性损益1.08亿元。（四）积极开展降本增效行动，降低公司成本。加强与银行对接协调，降低了银行贷款利率，减少利息支出；加强应收款项回收管理，减少资金占用成本；积极推进精细化管理，优化电网调度，增强新能源消纳能力；持续开展用电（水）秩序专项整治和电（水）价精准识别行动，增加了稽查收入；压降库存物资，节约了生产经营成本。",0
002538.SZ,20241015,20240930,预增,86.7,111.05,23000.0,26000.0,12319.29,20241015,预计:净利润23000-26000,随着磷复肥市场行情的修复，报告期内主要产品平均价格较去年同期增加；同时公司一方面不断加大市场开拓力度，另一方面通过研判采购和销售市场趋势，努力踏准市场节拍，加大产供销协同力度，产品毛利率同比有不同程度地增加；加强运营管控，磷石膏处置费用同比很大程度减少。,0
000426.SZ,20241015,20240930,预增,130.22,148.64,125000.0,135000.0,54295.51,20241015,预计:净利润125000-135000,1、公司子公司银漫矿业自选矿厂技改完成后（银漫矿业选矿厂于2023年6月9日起进行停产技改，选矿工艺在原有的基础上改造锡石浮选，于2023年7月10日完成并投入使用），主营矿产品产销量增加。公司子公司乾金达矿业主营矿产品产销量同比增加，上年同期受复工延迟及年初库存矿石储备不足（2022年采区二期工程建设影响）等因素影响，未能实现满负荷生产。2、报告期，受宏观经济环境及市场对产品需求变化等因素影响，公司主营锡精粉、银精粉、铅精粉、锌精粉等矿产品销售价格较上年同期上涨。,0
002562.SZ,20241015,20240930,预增,1035.07,1375.6,3000.0,3900.0,264.3,20241015,预计:净利润3000-3900,2024年前三季度业绩增长主要系公司部分维生素产品价格上涨、销量增加及部分产品其存货跌价准备计提减少所致。,0
600312.SH,20241015,20240930,预增,53.87,57.49,85000.0,87000.0,55243.0,20241015,预计:净利润85000-87000,报告期内，电网投资稳步提升，电网建设持续推进，公司重点项目陆续履约交付，营业收入同比增长。精益管理持续深入，提质增效成果显著，同时公司收入结构发生变化，高附加值产品交付同比增加，归属于上市公司股东的净利润同比增幅较大。,0
003025.SZ,20241015,20240930,预增,126.25,140.0,14800.0,15700.0,6541.57,20241015,预计:净利润14800-15700,"（一）主营业务影响。1、2024年前三季度，公司在手有效订单中高工位、大直径、加长型的部分个性化定制重型装备陆续完成交付，从而实现发货量增长；2、公司持续专注主营业务，继续加大新产品研发力度，构筑产品核心技术壁垒，品牌优势进一步凸显；同时，受益于下游行业产品的应用领域和应用市场的不断拓展，公司在手订单较为充足，国内外业务较上年同期增长较快，带动收入和利润的同步增长。（二）非经营性损益的影响。2024年半年度，公司确认了位于江南路1832号生产基地的资产处置收益，上述收益为非经常性损益，增加了公司2024年半年度税后净利润约人民币5,528.48万元。",0
000557.SZ,20241015,20240930,略增,13.83,13.83,22400.0,22400.0,19679.13,20241015,预计:净利润22400,"公司2024年前三季度归属于上市公司股东的净利润较上年同期变动的主要原因是：（一）公司运输业务量上升带动毛利上升。（二）应收客户款项回收情况良好，前三季度计提信用减值损失金额同比减少。（三）政府收回宁东铁路部分用地用于公共基础设施建设并支付补偿款，确认资产处置收益535万元；酒庄公司因政府修建银巴铁路占地，确认占地补偿收入增加746万元。以上合计影响非经常性损益1,281万元。",0
002707.SZ,20241015,20240930,预增,713.72,855.23,11500.0,13500.0,1413.27,20241015,预计:净利润11500-13500,"2024年，旅游行业快速恢复，随着多国免签政策和国家便民利企出入境政策的不断优化，出入境旅游持续升温，国民旅游消费潜力和意愿得到进一步释放，旅游经济持续向好。报告期内，随着传统旅游旺季的到来，暑期旅游市场规模强劲复苏，公司凭借深耕多年的行业经验，精准把控市场动态，积极应对市场新变化，通过优化产品结构、拓宽目的地资源、推进产品与渠道创新、提升运营质量与效率等措施不断提高市场竞争力和盈利能力。公司预计2024年前三季度归属于上市公司股东的净利润为11,500万元至13,500万元，同比实现大幅增长。公司坚定推进全产业链布局铸造品牌核心竞争力的发展路径。一方面，持续巩固提高对产业链上游资源的把控力度，在推进全产业链协同发展的同时聚焦核心领域，提升资源掌控和整合能力；另一方面，不断强化下游渠道的能力建设，加强零售业务布局，进一步扩大市场份额，实现营收规模和盈利能力稳健增长。",0
002155.SZ,20241015,20240930,预增,68.5,79.4,64739.0,68926.0,38420.05,20241015,预计:净利润64739-68926,报告期内，业绩上涨主要原因是公司金、锑、钨产品销售价格同比上涨。,0
002976.SZ,20241015,20240930,首亏,-111.41,-107.74,-664.0,-450.0,5814.33,20241015,预计:净利润-664--450,1、本报告期，会计报表合并范围同比增加子公司普莱德汽车科技（苏州）有限公司，由于该公司前期研发投入较大、费用增加较多，使得当期亏损增加；2、汇率波动影响使得报告期内汇兑收益同比有较大幅度的减少；3、公司新能源电池精密结构件产品项目研发投入较大、费用增加较多，使得当期亏损增加。上述原因使得公司2024年前三季度经营业绩同比下滑较多。,0
688322.SH,20241015,20240930,续亏,68.22,68.22,-6100.0,-6100.0,-19193.84,20241015,预计:净利润-6100,"2024年前三季度，公司预计归属于母公司所有者的净利润同比减少亏损约13,093.84万元，“技术创新投入－商业成果转化”战略持续落地取得良好效果，公司经营水平和盈利能力呈现逐季度改善趋势。报告期内，公司在加强市场开拓力度的同时，持续推进资源配置优化、费用管控等降本增效措施，不断提升技术研发及运营效率，进一步提高了公司经营水平和盈利能力。近两年，公司加快新兴场景推广并持续丰富和优化产品结构，在三维扫描、医保核验等场景加速落地应用，实现了在AIOT等领域的规模快速增长。2024年第三季度，公司预计营业收入同比增长约45.69%，环比增长约13.78%；2024年第二季度，公司营业收入同比增长15.69%，环比增长29.59%；报告期内，公司根据下游需求加快创新产品迭代速度，最终实现营业收入的逐季环比增长。2023年度公司实现营业收入36,000.59万元，2024年前三季度公司预计实现营业收入约35,000万元，已基本达到去年全年的营收规模水平。未来，公司将持续关注行业内的新兴领域与产品，并积极探索其与公司技术相结合的应用场景，围绕以自研核心技术和产品为刚需的应用领域在全球范围开拓潜在客户，持续提升公司的业务表现和经营业绩。",0
002969.SZ,20241015,20240930,略增,10.98,41.25,6533.0,8315.0,5887.01,20241015,预计:净利润6533-8315,2024年前三季度，公司进入重启上市时制订的三年发展目标的第二年。公司充分消化股改后历年来使用留存收益和募集资金持续进行的资本性开支，完善OEM业务能力，拓展OBM、ODM、OCM能力，打造好“全产业链的饮料服务”平台，响应市场趋势和消费者需求的持续迭代，促进自身更好的和可持续的发展。“全产业链饮料服务”平台进入发展轨道，新客户、新市场、新商业模式下的订单已形成规模效益、并具有可持续性。平台战略已覆盖了市场热销饮料品项（含果冻汽水、燕麦奶、厚椰乳、椰奶、椰子水、豆奶、咖啡、含汽饮料、汽泡酒、果汁等细分领域）里的初创品牌、网红品牌、跨界品牌、新零售、连锁茶饮的自有产品、白牌产品、传统头部饮料品牌的新品项等一批潜力客户，部分头部客户订单数量和订单频率增长明显，平台代工灌装的商业模式发展态势良好，有望达到盈亏平衡点并成为公司新的盈利增长点，并为与潜力客户、潜力品项的深度和全方位持续合作、共同成长奠定基础。传统核心客户订单数量稳定在正常可比年份平均水平。在植物蛋白饮料、含乳饮料、混合蛋白饮料、凉茶等细分领域的传统核心客户中，公司在其供应链中所占份额比重稳中有进，订单数量稳定在正常可比年份平均水平；部分传统核心客户订单数量增长明显；新拓展的能量饮料领域里的头部品牌客户、植物蛋白饮料新兴品项的头部客户都实现了持续规模化的订单交付。各业务板块交叉销售有序进展。传统优势业务的稳定为公司发展奠定了良好基础。2024年前三季度，公司“全产业链的中国饮料服务平台”战略稳步推进，传统核心客户增量、新客户、新产品、新业务发展态势良好，第一大客户占比、单一大客户依赖风险显著降低。公司团队将为“实现辉煌”的年度发展目标持续努力。,0
002611.SZ,20241015,20240930,略增,15.0,25.0,31264.0,33982.0,27185.96,20241015,预计:净利润31264-33982,"1.2024年前三季度，公司智能装备制造主业整体营收稳健。海外子公司Fosber集团供应链管理效率相较去年同期提升明显，同时采购成本和制造成本同比下降，在增效降本的推动下，1~9月净利润同比增速超50%。国内包装装备业务主体的海外出口业务增势良好，毛利率水平同比有所提升。2.2024年前三季度，预计非经常性损益金额对净利润的影响金额约为-4,400~-4,700万元。",0
603909.SH,20241015,20240930,预增,114.59,114.59,6335.0,6335.0,2952.32,20241015,预计:净利润6335,2024年前三季度，①公司建筑施工业务营收的增长带动净利润的增加；②公司综合管养业务也实现了利润的同比增长。,0
002385.SZ,20241015,20240930,扭亏,113.21,117.61,12000.0,16000.0,-90839.57,20241015,预计:净利润12000-16000,公司2024年前三季度经营业绩实现扭亏为盈，其中上半年经营业绩大幅减亏，第三季度盈利，主要系生猪价格同比上涨，且公司生猪养殖成本较去年同期下降；同时公司运营效率提升，期间费用较去年同期有所下降。,0
603733.SH,20241015,20240930,预增,107.42,117.37,79200.0,83000.0,38183.35,20241015,预计:净利润79200-83000,（一）随着科技的进步，纸基新材料的应用领域正在快速扩展。许多具有特殊性能的新型纸基材料产品，在不断进行技术进步、产品创新和国家政策等多方面因素的共同推动下，得到了广泛的推广和应用，并为公司带来持续稳定的利润空间，而且在未来有保持稳定增长的态势。（二）在可持续发展的标准下拓展成本管理；公司一直以来都在积极发展绿色能源，各生产园区均布局了光伏发电项目，利用更多新能源输入解决能源紧缺带来的供应风险。此外，公司大力支持用户侧储能项目，该储能项目可实现长达10小时的储能，可有效解决新能源间歇性、不稳定、不可控等问题，不仅以安全环保的形式储能，更能实现企业节能减排，进一步优化了公司能源结构的同时，降低了公司的生产成本。（三）公司经过多年的海外市场拓展，与国外客户建立了良好稳定的合作关系，并树立起国际品牌，出口市场平稳增长，带来稳定的收益。,0
603032.SH,20241015,20240930,预减,-91.08,-88.54,1400.0,1800.0,15701.05,20241015,预计:净利润1400-1800,报告期内，公司所处新能源市场竞争依旧激烈，受行业周期及下游价格战的影响，公司模具和切刀的销售仍有一定的下降。叠加业内产能过剩、竞争加剧等多重因素的影响，公司业务规模、订单价格以及订单量均出现一定程度下滑，一定程度上挤压了利润空间，导致公司盈利能力下降。,1
000993.SZ,20241015,20240930,预减,-68.88,-59.55,10000.0,13000.0,32136.29,20241015,预计:净利润10000-13000,本报告期归属于上市公司股东的净利润较上年同期下降的主要原因如下：房地产行业东晟广场项目已于上年完成全部住宅楼交房，本报告期确认售房收入较上年同期大幅减少。,1
688521.SH,20241014,20240930,续亏,29.0102,29.0102,-11105.0,-11105.0,-15643.63,20241014,预计:净利润-11105,"2024年第二季度，得益于公司独特的商业模式，即原则上无产品库存的风险，无应用领域的边界，以及逆产业周期的属性，公司经营情况快速扭转，业务逐步转好，第二季度业绩较第一季度显著改善。在此基础上，公司2024年第三季度保持经营改善的趋势，单季度营业收入同环比均实现增长，营业收入预计7.18亿元，环比增长16.96%，同比增长23.60%。2024年第三季度，公司知识产权授权使用费收入预计为2.18亿元，环比增长36.62%；特许权使用费收入预计为0.25亿元，环比增长3.68%；芯片设计业务收入预计为2.38亿元，环比增长23.02%；量产业务收入预计为2.36亿元，环比增长0.79%。公司预计2024年第三季度新签订单为6.48亿元，截至2024年第三季度末在手订单为21.38亿元，在手订单已连续四季度保持高位，其中预计一年内转化为收入的比例为78.26%。公司订单情况良好，为未来的业绩转化奠定坚实基础。公司坚持高研发投入，打造竞争壁垒，以保证公司在半导体IP和芯片定制领域具有技术领先性。2024年第三季度公司研发投入占营业收入比重为43.38%，公司持续在AIGC、智慧出行等应用领域进行战略技术布局，并推进Chiplet技术的研发和产业化。基于上述，公司预计2024年第三季度实现归属于母公司所有者的净利润及归属于母公司所有者扣除非经常性损益后净利润分别为-11,105.38万元、-12,220.93万元，亏损同比分别收窄4,538.25万元、3,593.57万元。",0
688127.SH,20241014,20240930,预增,72.09,82.99,15800.0,16800.0,9181.08,20241014,预计:净利润15800-16800,报告期内，公司继续坚持立足于精密光学元器件市场，以技术创新为导向、大力投入研发，持续加强产品矩阵建设，聚焦客户多样化拓展。通过把握消费电子及汽车智能驾驶等领域的发展机遇，公司在光学棱镜、玻璃非球面透镜、玻璃晶圆等主要产品板块的销售收入均实现了提升，进一步巩固了公司的市场竞争优势。,0
600021.SH,20241014,20240930,预增,53.3,82.44,225200.0,268000.0,147600.0,20241014,预计:净利润225200-268000,一是煤电边际收益持续改善，控股和参股煤电企业效益提升；二是公司加快绿色转型发展，境内外清洁能源发电装机规模和效益实现增长。,0
002633.SZ,20241014,20240930,扭亏,192.62,212.47,700.0,850.0,-755.76,20241014,预计:净利润700-850,1、公司围绕发展战略、经营管理目标开展各项工作。稳固深化与现有客户的合作，积极提升客户满意度与客户粘性；公司持续推进客户结构优化、产品结构调整等工作，公司产品竞争力不断增强。2、公司落实各项经营管理举措，深入挖潜增效，通过强化成本控制与预算管理，有效地控制成本和费用，公司整体经营质量显著提升。3、综上所述，2024年1-9月，公司营业收入较上年同期增长，产品毛利稳步回升，公司净利润较上年同期增长。,0
002479.SZ,20241014,20240930,预增,80.0,110.0,23347.0,27238.0,12970.45,20241014,预计:净利润23347-27238,"1、报告期内，公司母公司收到拆迁补偿款10,000万元，公司根据收入确认原则将其计入2024年第三季度当期损益，预计将增加本期非经常性损益合计约9,737万元。2、报告期内，随着公司热电联产业务板块原材料成本的下降，固废（危废）资源化业务板块生产规模的提升，公司整体经营情况向好。",0
688255.SH,20241014,20240930,预增,70.92,89.23,2800.0,3100.0,1638.24,20241014,预计:净利润2800-3100,公司聚焦于焊接机器人市场，相关产品具有较强竞争力。报告期内公司持续加大研发投入、市场推广力度等，机器人相关产品差异化竞争力、市场接受度、认可度持续提升，并根据市场的需求情况、发展趋势和竞争情况，适时制定合理的生产计划和销售策略，从而使得公司本期业绩有较大幅度增长。,0
688213.SH,20241014,20240930,扭亏,485.4132,546.5099,25233.0,29233.0,-6547.0,20241014,预计:净利润25233-29233,报告期内，公司在智慧安防领域新推出的迭代产品具备更优异的性能和竞争力，产品销量有较大的上升，销售收入增加较为显著；在智能手机领域，公司应用于旗舰手机主摄、广角、长焦和前摄镜头的数颗高阶5000万像素产品出货量大幅上升，同时公司与客户的合作全面加深、产品满足更多的应用需求，市场占有率持续提升，带动公司智能手机领域营收显著增长，成功开辟出第二条增长曲线。故公司随着收入规模大幅增长，盈利能力得到有效改善，净利润显著增长。,0
688018.SH,20241014,20240930,预增,188.0,188.0,25100.0,25100.0,8716.91,20241014,预计:净利润25100,（1）在下游各行各业数字化与智能化渗透率日益提升、乐鑫全球品牌影响力持续增强、开发者社区的广泛支持以及行业竞争环境改善的背景下，2023年和2024年新增不少潜力客户，这些下游客户的项目逐步进入放量阶段，贡献了主要的增长。乐鑫的产品应用于泛IoT领域，着眼于长期的数字化升级，而非依赖某个行业或客户的短期爆发性增长。公司产品具有较长的生命周期特征。本期经典产品表现稳定，次新品类（如ESP32-S3、C2和C3）正处于快速增长阶段，推动了营收增长。随着产品线的不断丰富，新品系列具有差异化特性，将进一步开拓新市场。(2)本期的主要费用是研发投入，同比增长保持在20%左右。公司毛利率仍然维持在40%以上，达到预期目标。当收入增长超过20%时，经营杠杆效应推动利润迅速提升。,0
688469.SH,20241014,20240930,续亏,49.73,49.73,-68400.0,-68400.0,-136100.0,20241014,预计:净利润-68400,1、公司SiC、12英寸硅基晶圆等新产品快速转化促进收入提升，2024年第三季度营收再创历史新高。随着新能源车及消费市场的回暖，公司产能利用率逐步提升。报告期内，公司SiC、12英寸硅基晶圆等新产品在头部客户快速导入和量产，以SiCMOSFET芯片及模组产线组成的第二增长曲线和以高压、大功率BCD工艺为主的模拟IC方向的第三增长曲线快速增长，公司营业收入快速上升，单季度同比、环比均呈现较高增长。2024年第三季度公司营业收入约为16.68亿元，再创历史新高。2、报告期内大幅减亏，第三季度毛利率转正。2024年第三季度公司毛利率已实现单季度转正约为6%。报告期内，公司继续增强精益生产管理能力、供应链管理能力、成本控制能力等，大幅提升公司产品的市场竞争力。公司SiC、12英寸产品的规模效益和技术优势逐渐显现，前三季度归母净利润同比减亏约49.73%，实现大幅减亏，公司盈利能力趋于向好。,0
301110.SZ,20241014,20240930,预增,150.41,169.09,6705.0,7205.0,2677.67,20241014,预计:净利润6705-7205,报告期内，公司在传统电商代运营服务、电商直播服务及品牌孵化业务都取得了较好的发展。在传统电商代运营服务板块，公司继续发挥在大服饰领域的优势地位，其中运动户外鞋服类项目、高端软玩具项目Jellycat、知名文娱类项目泡泡玛特等项目取得较好业绩；在电商直播服务板块，伴随公司大力拓展电商直播渠道的优质客户，提升自身服务水平和盈利能力，该业务亦取得明显增长；同时，品牌孵化业务稳健增长。,0
300758.SZ,20241014,20240930,扭亏,3064.83,3322.65,11500.0,12500.0,-387.88,20241014,预计:净利润11500-12500,"公司在报告期内通过加强市场拓展、把握行业新机遇、灵活调整销售策略，并注重技术创新与产品应用研发等多方面的努力，实现了经营业绩的恢复与增长。高性能有机颜料产品的产销量显著增长，综合毛利率提升。同时，新材料产品的成功落地也进一步提升了公司的整体经营质量。公司预计2024年前三季度非经常性损益约1,020万元，主要由计入当期损益的政府补助、其他非流动金融资产分红收益及单独进行减值测试的应收款项减值准备转回构成。上年同期金额为1,219.99万元。",0
300446.SZ,20241014,20240930,预增,105.99,147.19,50000.0,60000.0,24273.2,20241014,预计:净利润50000-60000,公司重大资产重组实施完成后，明确“航天+”与“智能制造”的产业主线，成为集汽车零部件设计制造、油气装备与工程、高性能功能材料研发应用于一体的具有航天特色的产品与服务提供商，经营业绩保持较快速度增长。2024年前三季度，汽车零部件板块业绩增长明显，带动公司整体营业收入同比增长预计超过30%；同时，依托精细化管理、技术升级等措施，公司成本费用控制良好、高附加值产品占比提升。在前述因素的驱动下，公司业绩较上年同期实现较快增长。,0
300628.SZ,20241014,20240930,略增,25.0,30.0,201773.0,209843.0,161418.0,20241014,预计:净利润201773-209843,2024年前三季度，公司实现了较为快速的业绩增长，预计营业收入较上年同期增长25%-30%，净利润较上年同期增长25%-30%。报告期内，公司整体经营保持稳健，各项业务稳步有效推进，市场需求延续向好趋势。同时，公司持续完善企业通信解决方案，不断推进渠道建设，致力于构建中长期竞争优势。,0
603893.SH,20241012,20240930,预增,339.75,365.62,34000.0,36000.0,7732.0,20241012,预计:净利润34000-36000,2024年前三季度，AIoT各产品线需求呈现群体性增长。公司发挥AIoT芯片“雁形方阵”布局优势，以RK3588系列为旗舰，在各条产品线形成多层次、满足不同需求的产品组合拳，并发挥NPU在AI算法实现上的优势，促进在AIoT多产品线的占有率持续提升。同时，公司新产品RK3576、RK2118、RV1103B等快速导入目标领域的头部客户，形成了新的增量，并将在未来持续释放增量价值。依托公司在AIoT的持续增长，尤其是在汽车电子，以及工业、行业类、消费类等市场的提升，叠加第三季度是行业传统旺季，公司在前三季度实现营业收入约21.60亿元，同比增长约48.50%；实现净利润约3.40～3.60亿元，同比增长约339.75%～365.62%。其中第三季度营业收入约9.11亿元，同比增长约51.42%、环比增长约29.18%，创历史单季度新高；第三季度净利润约1.57～1.77亿元，同比增长约199.39%～237.47%、环比增长约36.57%～53.95%，均实现突破性增长。,0
002606.SZ,20241012,20240930,预增,236.05,339.45,13000.0,17000.0,3868.48,20241012,预计:净利润13000-17000,公司在2023年获得超过7亿元的特高压项目订单，2024年出口业务表现强劲，国内外订单总量均创公司历史新高，上述订单较多在2024年前三季度执行，为全年业绩奠定了基础，亦提升了公司产品在海外影响力。随着国网公司高质量发展工作会议暨2024年第二季度工作会议的召开，国家电网将继续加大数智化坚强电网的建设，特高压工程也随之迈入大规模集中建设阶段，进而推动公司中标项目较快发货与确认，报告期内公司完成多条线路的部分供货及验收工作，其中重点项目有“陇东-山东”、“金上-湖北”、“宁夏-湖南”、“哈密-重庆”；同时公司海外项目如沙特、越南等国家重点电力项目也陆续发货并确认，公司在手订单持续转化，高附加值产品的销售比重较上年同期有明显上升，推动公司报告期销售收入及利润较快增长。此外，公司江西工厂自2023年5月试生产以来，经过一年多的调试运营，设备和人员日益磨合、管理体系日臻完善，在充足订单的驱动下，江西工厂产能陆续释放，规模效益突显，2024年半年度已实现盈亏平衡，有效缓解了公司的产能压力，并为公司业绩的持续增长注入新的动力。截止目前，公司产品订单充足，公司生产经营有序开展中。,0
600235.SH,20241012,20240930,预增,124.0,124.0,6100.0,6100.0,2729.0,20241012,预计:净利润6100,（一）主营业务影响。1、报告期内，公司坚持生产经营、项目建设两手抓两手硬，确保了公司整体运营稳定。2、公司通过外控采购成本，内控生产消耗，主要原辅材料木浆以及煤炭领用成本同比均有所下降，确保营业成本同比下降。3、公司2023年被认定为先进制造业企业，根据加计抵减政策，公司2023年全年累计（以及2024年当期）可抵扣进项税额加计5%抵减增值税应纳税额计入本期其他收益，造成营业利润上升。（二）会计处理的影响。会计处理对公司业绩预增没有重大影响。（三）上年比较基数较小。,0
603181.SH,20241012,20240930,略增,20.0,25.0,28163.0,29336.0,23469.0078,20241012,预计:净利润28163-29336,主营业务影响。公司紧紧围绕“市场是命、效益是魂”工作总方向，2024年前三季度公司持续优化产品结构，全力聚焦小品种板块，产品持续增量，效益稳步增长，有效拉动公司整体业绩提升。,0
002073.SZ,20241012,20240930,预增,57.42,71.73,33000.0,36000.0,20963.14,20241012,预计:净利润33000-36000,公司受益于国内轮胎企业海外投资的热潮，橡胶装备业务保持稳步增长。报告期内，公司持续强化研发投入，不断推出新产品、新技术，业务订单保持增长；对已签单项目，公司推进签单项目管理机制，加强质量流程管控，产品品质不断增强，随着项目交付能力的提升，橡胶装备业务营收规模及盈利能力提升。另外，公司橡胶新材料业务的产销规模增加，产品结构改善后毛利率水平提升，新材料业务盈利能力也同步增长。,0
836239.BJ,20241012,20240930,扭亏,167.3,172.29,13500.0,14500.0,-20058.0,20241012,预计:净利润13500-14500,"1,公司积极拓展市场,碱锰电池业务收入和利润实现较大幅度增长;同时锂电行业回暖,公司大力开发客户,获取订单规模增加,销售规模同比大幅提升,盈利能力同比大幅改善,同比实现扭亏为盈;2,公司进一步强化内部精细化管理,积极推广并持续深化阿米巴经营模式,全面降本增效,开源节流,保持较高运营效率,提升了产品综合竞争力和盈利水平.",0
000528.SZ,20241012,20240930,预增,50.0,70.0,123945.0,140471.0,82630.23,20241012,预计:净利润123945-140471,报告期内，国内工程机械受行业周期和国家政策影响，土方机械子行业需求呈现筑底回升态势，其他工程机械子行业需求仍然低迷；国际工程机械市场需求分化明显，大部分发展中国家和地区行业需求增长较快，但欧美发达经济体及个别发展中国家和地区行业年内需求呈现下滑态势，导致海外工程机械总体市场需求下滑。面对国内外市场的机遇和挑战，公司在报告期内根据“十四·五”战略规划，围绕“盈利增长、业务增长、能力成长”三大核心任务，积极采取灵活的应对策略，同时持续加大各项重点工作变革创新力度，公司整体运营效率显著提升，国际、国内市场销量增速均继续跑赢行业，市场占有率持续提升，三大财务报表关键指标得到明显改善，实现了公司前三季度经营业绩的大幅度增长。,0
920239.BJ,20241012,20240930,扭亏,167.3,172.29,13500.0,14500.0,-20058.0,20241012,预计:净利润13500-14500,"1,公司积极拓展市场,碱锰电池业务收入和利润实现较大幅度增长;同时锂电行业回暖,公司大力开发客户,获取订单规模增加,销售规模同比大幅提升,盈利能力同比大幅改善,同比实现扭亏为盈;2,公司进一步强化内部精细化管理,积极推广并持续深化阿米巴经营模式,全面降本增效,开源节流,保持较高运营效率,提升了产品综合竞争力和盈利水平.",0
600235.SH,20241012,20240930,预增,124.0,124.0,6100.0,6100.0,2729.0,20241012,预计:净利润6100,（一）主营业务影响。1、报告期内，公司坚持生产经营、项目建设两手抓两手硬，确保了公司整体运营稳定。2、公司通过外控采购成本，内控生产消耗，主要原辅材料木浆以及煤炭领用成本同比均有所下降，确保营业成本同比下降。3、公司2023年被认定为先进制造业企业，根据加计抵减政策，公司2023年全年累计（以及2024年当期）可抵扣进项税额加计5%抵减增值税应纳税额计入本期其他收益，造成营业利润上升。（二）会计处理的影响。会计处理对公司业绩预增没有重大影响。（三）上年比较基数较小。,1
601127.SH,20241011,20240930,扭亏,252.8384,279.0393,350000.0,410000.0,-229000.0,20241011,预计:净利润350000-410000,（一）2024年前三季度公司营业收入及销量增长，超额完成了倍增计划。（二）产品结构调整，高价值产品的销售规模增长。（三）坚持软件定义汽车，坚持跨界融合，坚持技术创新、价值贡献的经营方针，新质生产力引领公司经营质量不断提升，经营管理精细化提升全链条效率，毛利率同比增加，盈利能力向好。,0
300533.SZ,20241011,20240930,首亏,-335.03,-288.95,-51000.0,-41000.0,21699.2,20241011,预计:净利润-51000--41000,"报告期内，影响公司业绩变动的主要原因：1.报告期内公司《X-hero》《超能世界》《HeroClash》（超能世界海外版）等受游戏生命周期延长的影响，本期确认的收入减少。2.报告期内公司《HeroClash《EpicWar《TitanWar《MergeTopia《KingdomGo！》投放力度较大，公司销售费用增长，运营成本增加。3.截至2024年9月30日，报告期内公司非经常性损益金额约为3,100万元，主要为政府补贴及存款理财收益。",0
300790.SZ,20241011,20240930,预增,208.58,242.33,12800.0,14200.0,4148.06,20241011,预计:净利润12800-14200,"报告期内业绩预计上升的主要原因：公司延续上半年的良好开局，传统安防镜头、车载镜头、玻璃非球面镜片等汽车光学零部件、微单摄影等业务量增加,营业收入增长，毛利率回升。报告期内，预计非经常性损益对净利润影响金额区间为800-1000万元。",0
002130.SZ,20241011,20240930,略增,30.0,40.0,62410.0,67215.0,48010.34,20241011,预计:净利润62410-67215,报告期内，公司预计实现归属于上市公司股东的净利润同比增长30%-40%；净利润增长的主要原因是：公司营业收入增长、毛利水平提升；报告期内公司不断加大市场开拓力度，持续开发新产品、新客户，使得公司电子产品、电力产品、电线产品以及新能源汽车业务相关产品的营业收入均实现不同程度增长；同时公司不断提升自动化水平、开展降本增效等系列经营措施以及主要原材料价格下降，促使毛利率持续上升；综合因素影响下，公司实现了归属于上市公司股东的净利润同比增长。,0
601058.SH,20241011,20240930,预增,58.52,61.98,321000.0,328000.0,202500.0,20241011,预计:净利润321000-328000,公司紧紧围绕“做一条好轮胎”的使命，根据既定战略不断加大研发投入并持续开展技术创新等工作，企业全球化战略、科技创新及品牌建设等工作效果不断显现。2024年前三季度，公司全钢、半钢和非公路轮胎三类轮胎产品的产销量均创历史同期最好水平，轮胎产品总销量同比增长超过30%。同时，随着公司市场开拓及产品结构优化等措施落地，公司毛利率也保持在较高水平。因此，预计今年前三季度净利润较去年同期有较大幅度增长。,1
688252.SH,20241011,20240930,预增,156.32,156.32,19182.0,19182.0,7483.47,20241011,预计:净利润19182,公司不断地加大产品技术创新，加快产品迭代速度，扩充产品品类，完善产品结构。公司1-9月的营业收入和净利润的增长，得益于客户对公司新产品的认可，市场份额不断提升，下半年也是季节性销售旺季，对业绩贡献较大。,0
688041.SH,20241011,20240930,预增,56.16,75.9,140800.0,158600.0,90163.45,20241011,预计:净利润140800-158600,报告期内，公司始终围绕通用计算市场，持续加大技术研发投入，产品竞争力保持市场领先。随着市场需求的不断增加，进一步带动了公司营业收入的快速增长。,1
000833.SZ,20241011,20240930,预增,340.96,386.3,21400.0,23600.0,4853.0,20241011,预计:净利润21400-23600,公司2024年前三季度净利润较上年同期大幅增长，主要原因：（一）报告期内，通过全方位、精细化的强化管控措施，推动糖浆纸产品实现增产、降本、增效的显著成效，糖浆纸板块整体实现扭亏为盈。（二）报告期内，不断深耕客户市场资源和持续实施的降本增效举措，降低了矿石产品生产成本，矿石板块的销售毛利实现了提升。（三）报告期内，非经常性损益项目对归属于上市公司股东的净利润无重大影响。,0
603337.SH,20241011,20240930,预增,45.49,52.77,60000.0,63000.0,41238.55,20241011,预计:净利润60000-63000,"（一）主营业务影响。2024年前三季度，全球经济缓慢复苏，公司紧抓行业复苏机遇，在聚焦核心品类、打造爆品、实现价值营销的经营指引下，通过快反王及过梗王等爆品发布会及挑战赛拉动产品结构升级，带动公司整体业绩的增长。（二）非经营性损益的影响。报告期内，公司非经营性损益影响金额为5,100万元左右，主要系政府补助及大额存单收益。",0
601058.SH,20241011,20240930,预增,58.52,61.98,321000.0,328000.0,202500.0,20241011,预计:净利润321000-328000,公司紧紧围绕“做一条好轮胎”的使命，根据既定战略不断加大研发投入并持续开展技术创新等工作，企业全球化战略、科技创新及品牌建设等工作效果不断显现。2024年前三季度，公司全钢、半钢和非公路轮胎三类轮胎产品的产销量均创历史同期最好水平，轮胎产品总销量同比增长超过30%。同时，随着公司市场开拓及产品结构优化等措施落地，公司毛利率也保持在较高水平。因此，预计今年前三季度净利润较去年同期有较大幅度增长。,0
688041.SH,20241011,20240930,预增,56.16,75.9,140800.0,158600.0,90163.45,20241011,预计:净利润140800-158600,报告期内，公司始终围绕通用计算市场，持续加大技术研发投入，产品竞争力保持市场领先。随着市场需求的不断增加，进一步带动了公司营业收入的快速增长。,0
601236.SH,20241011,20240930,预增,203.85,203.85,65200.0,65200.0,21457.98,20241011,预计:净利润65200,2024年1-9月，公司坚决按照“国九条”和《关于加强证券公司和公募基金监管加快推进建设一流投资银行和投资机构的意见（试行）》的相关要求落实各项工作，保持战略定力，通过科学、有效的资产配置和弥补薄弱环节，取得明显效果，从而实现公司整体经营业绩同比增加。,0
603058.SH,20241011,20240930,预增,89.99,123.04,11500.0,13500.0,6052.84,20241011,预计:净利润11500-13500,1、2024年1-9月，公司澳洲子公司医用大麻业务收入、利润同比实现翻倍式增长；2、2024年1-9月，公司贵州省外烟标印刷业务收入同比实现净增长；3、2023年第二季度公司受烟标二维码升级改版影响未能实现盈利，2024年同期无此类影响；4、公司认购的私募证券投资基金因二级市场波动导致公允价值变动收益增加。,1
603058.SH,20241011,20240930,预增,89.99,123.04,11500.0,13500.0,6052.84,20241011,预计:净利润11500-13500,1、2024年1-9月，公司澳洲子公司医用大麻业务收入、利润同比实现翻倍式增长；2、2024年1-9月，公司贵州省外烟标印刷业务收入同比实现净增长；3、2023年第二季度公司受烟标二维码升级改版影响未能实现盈利，2024年同期无此类影响；4、公司认购的私募证券投资基金因二级市场波动导致公允价值变动收益增加。,0
688049.SH,20241011,20240930,预增,51.09,51.09,7090.0,7090.0,4692.63,20241011,预计:净利润7090,"今年以来，公司紧紧把握市场需求和技术发展趋势，采取积极的销售策略，成功实现公司营业收入较大幅增长，同时公司持续优化产品结构及客户结构，实现利润较高速增长。报告期内，公司产品表现频传捷报。其中，端侧AI处理器芯片持续放量，销售收入同比呈现倍数增长；同时公司的低延迟高音质无线音频产品表现尤为亮眼，销售收入大幅增长。此外，蓝牙音箱SoC芯片系列稳步上攻头部音频客户，赢得国际一线品牌客户的青睐。报告期内，公司持续关注市场需求动态和技术发展趋势，为满足客户对端侧设备低功耗高算力的需求，进一步加大研发投入，研发投入约16,000.00万元，同比增长34.09%。此外，公司的产品结构以及客户结构不断优化，高毛利率产品销售占比持续提高，进而提升本报告期的综合毛利率达到47.14%左右，预计同比提升4.10个百分点，提升了公司整体利润水平。后续，公司将继续通过紧密围绕下游市场需求，赋能终端品牌客户持续创新，并加大新兴市场开拓力度，不断精进产品矩阵，开启新一轮的增长浪潮。",0
688049.SH,20241011,20240930,预增,51.09,51.09,7090.0,7090.0,4692.63,20241011,预计:净利润7090,"今年以来，公司紧紧把握市场需求和技术发展趋势，采取积极的销售策略，成功实现公司营业收入较大幅增长，同时公司持续优化产品结构及客户结构，实现利润较高速增长。报告期内，公司产品表现频传捷报。其中，端侧AI处理器芯片持续放量，销售收入同比呈现倍数增长；同时公司的低延迟高音质无线音频产品表现尤为亮眼，销售收入大幅增长。此外，蓝牙音箱SoC芯片系列稳步上攻头部音频客户，赢得国际一线品牌客户的青睐。报告期内，公司持续关注市场需求动态和技术发展趋势，为满足客户对端侧设备低功耗高算力的需求，进一步加大研发投入，研发投入约16,000.00万元，同比增长34.09%。此外，公司的产品结构以及客户结构不断优化，高毛利率产品销售占比持续提高，进而提升本报告期的综合毛利率达到47.14%左右，预计同比提升4.10个百分点，提升了公司整体利润水平。后续，公司将继续通过紧密围绕下游市场需求，赋能终端品牌客户持续创新，并加大新兴市场开拓力度，不断精进产品矩阵，开启新一轮的增长浪潮。",1
002835.SZ,20241011,20240930,预增,51.63,79.71,13500.0,16000.0,8903.0,20241011,预计:净利润13500-16000,公司净利润同比增长的主要原因系：报告期内营业收入增加，实现公司利润总额增加。,0
600746.SH,20241011,20240930,扭亏,224.0296,244.1425,18500.0,21500.0,-14915.8,20241011,预计:净利润18500-21500,2024年前三季度，公司主要产品产销量同比增加、单位成本同比下降，使得公司2024年前三季度经营业绩较去年同期预计实现扭亏为盈。,0
605286.SH,20241011,20240930,预增,40.0,60.0,20200.0,23100.0,14417.5789,20241011,预计:净利润20200-23100,公司本期归属于上市公司股东的净利润较上年同期增长的主要原因是：本期公司电梯部件业务营收基本保持稳定的情况下，新能源业务随着风光电站和共享储能电站开发和销售规模的逐步扩大营收增长较快。本期新能源业务营收占比较去年同期更高，且新能源业务综合毛利较电梯部件业务更高，因此本期归属于上市公司股东的净利润较去年同期实现增长。,0
603929.SH,20241011,20240930,预增,84.44,99.8,42149.0,45662.0,22853.18,20241011,预计:净利润42149-45662,新加坡联电项目持续推进，对2024年1月-9月业绩贡献较多。除新加坡联电项目外，公司积极拓展业务，本期其他施工项目收入较上年同期增加较多。收入增加相应施工毛利增加导致本期净利润与上年同期相比增幅较大。,0
688768.SH,20241011,20240930,扭亏,113.1374,119.5533,215.0,320.0,-1636.55,20241011,预计:净利润215-320,公司预计2024年1-9月经营业绩较上年同期扭亏为盈，主要原因包括：一是受益于各行业加快推动数字化、智能化转型升级，公司设备智能运维服务助力客户实现降本增效目标，使得公司订单增长；二是公司推行合作伙伴战略，初见成效；三是公司持续加强组织能力建设，提升运营管理效率，盈利能力有所提升。报告期内公司在钢铁和煤炭等行业收入增幅较大，带动公司营业收入增长。,0
002787.SZ,20241011,20240930,预增,141.79,158.75,5700.0,6100.0,2357.45,20241011,预计:净利润5700-6100,1、报告期内，公司在行业竞争加剧的形势下迎难而上，围绕公司战略和业务策略，积极开拓国内外市场，挖掘客户需求，同时持续推进精益化管理，通过工艺优化、流程改善等举措提高生产效率，与去年同期相比，公司营业收入及利润均实现增长。2、报告期内，公司部分高毛利产品销量占比增加，提高了公司毛利率，提升了公司整体盈利能力。3、报告期内，公司因享受增值税加计抵减政策，增加了归属于上市公司股东的净利润。,0
002942.SZ,20241010,20240930,预增,232.0,241.0,7340.0,7540.0,2210.97,20241010,预计:净利润7340-7540,"1.归属上市公司股东的净利润同比增长原因是：报告期内，公司积极应对农化行业的竞争态势，笃定公司战略和业务策略，制剂业务持续推进渠道和品牌建设的深化和优化，不断提升制剂业务销售能力；工业品业务（中间体与原药）聚焦战略客户，加强市场研究与分析，挖掘客户需求，强化成本管控，同时部分产品价格止跌回升，两大业务板块均同步实现了收入与盈利的增长。2.2024年1-9月，非经常性损益对净利润的影响金额约为1,550万元~1,650万元。",0
688249.SH,20241010,20240930,预增,744.01,837.79,27000.0,30000.0,3199.01,20241010,预计:净利润27000-30000,1、随着行业景气度逐渐回升，公司自今年3月起产能持续处于满载状态，并于今年6月起对部分产品代工价格进行调整，助益公司营业收入和产品毛利水平稳步提升。2、2024年随着CIS国产化替代加速，公司紧跟行业内外业态发展趋势，持续调整、优化产品结构。CIS产能处于满载状态，后续公司将根据客户需求重点扩充CIS产能。3、公司高度重视研发体系建设，持续增加研发投入。目前55nm中高阶单芯片及堆栈式CIS芯片工艺平台已大批量生产，40nm高压OLED芯片工艺平台已实现小批量生产，28nm逻辑芯片通过功能性验证，28nmOLED驱动芯片预计将于2025年上半年批量量产。公司将加强与战略客户的合作，加快推进OLED产品的量产和CIS等高阶产品开发。,0
605499.SH,20241010,20240930,预增,57.04,64.89,260000.0,273000.0,165560.0,20241010,预计:净利润260000-273000,"（一）主营业务影响2024年1-9月公司始终“以动销指导相关的经营活动”作为公司的明确共识，持续推进全国化战略，通过精细化渠道管理，不断加强渠道运营能力，继续加强冰冻化建设，提高全品项产品的曝光率、拉动终端动销；同时，公司在夯实东鹏特饮基本盘，持续保持增长的基础上，积极探索多品类发展，培育新的增长点，为公司的持续增长注入了新的活力，从而进一步带动收入的增长。业绩预告期间内，公司预计实现营业收入1,240,000万元到1,272,000万元，与上年同期864,091万元相比，同比增长375,909万元到407,909万元，增幅为43.50%到47.21%。（二）非经营性损益影响非经营性损益对公司业绩没有重大影响。（三）会计处理的影响会计处理对公司本期业绩预告没有重大影响。（四）其他影响公司不存在其他对本期业绩预告构成重大影响的因素。",0
688117.SH,20241010,20240930,预增,43.9,75.88,5007.0,6120.0,3479.62,20241010,预计:净利润5007-6120,报告期内，公司多肽原料药、制剂业务等销售收入同比有较大增长，使得公司业绩同比实现较大增长。,0
000403.SZ,20241010,20240930,预增,60.0,70.0,52191.0,55453.0,32620.0,20241010,预计:净利润52191-55453,"2024年前三季度，公司归属于上市公司股东的净利润52,191万元–55,453万元，同比增长60%–70%，业绩增长主要因为：原料血浆采集同比增长较好，血液制品市场销售需求景气，2024年前三季度公司可售产品数量和销量增加，主营业务收入较上年同期增长。",0
000423.SZ,20241010,20240930,略增,40.0,50.0,110000.0,117500.0,78367.34,20241010,预计:净利润110000-117500,公司紧紧围绕“增长·质量”年度发展主题，以打造东阿阿胶特色新质生产力为重要着力点，深度践行“价值重塑、业务重塑、组织重塑、精神重塑”，各项工作稳步有序推进。坚持以消费者为中心，结合整合营销与数字化投放，持续提升品牌势能，强化品牌渗透以促进消费转化；系统构建药品+健康消费品“双轮驱动”增长模式，统筹推进“一中心三高地”研发布局落地，积极拓展胶类产业链协同发展，公司迈入可持续高质量发展新轨道。主要产品渠道库存保持良性，价格体系不断规范，盈利能力表现稳健，投资回报能力显著增强，研发投入进一步加大，经营质量全方位提升。未来，东阿阿胶将坚定扛起中医药文化传承创新的使命担当，坚持以“1238”战略为指引，进一步巩固“滋补国宝东阿阿胶”顶流品牌地位，全面落地药品+健康消费品“双轮驱动”业务增长模式，全方位持续夯实药品基石业务价值引领，全体系立体打造健康消费品创新业务发展格局。通过全面科学系统布局，持续做强做优做大阿胶主业，积极拓展滋补新赛道，统筹培育外延品种，大力发展“阿胶+”“+阿胶”，全面释放新质生产力发展新动能，致力于成为大众最信赖的滋补健康引领者。,0
600420.SH,20241010,20240930,预增,64.01,74.65,92500.0,98500.0,56392.33,20241010,预计:净利润92500-98500,1、2024年青霉素类、大环内酯类原料药的市场需求旺盛，公司积极把握市场机遇，动态优化产品结构，相关原料药销量增加，同时带动公司医药中间体及原料药业务板块毛利率同比上升；2、本期公司持续深入开展提质增效、降本控费，提振管理效益，期间费用同比明显下降。,0
600141.SH,20241010,20240930,略增,37.07,47.78,128000.0,138000.0,93383.27,20241010,预计:净利润128000-138000,报告期内，农化市场行情有所回暖，公司磷矿石、磷肥、草甘膦产品盈利能力同比增强，同时公司持续加强产品及工艺研发，积极向化工新材料企业转型升级，特种化学品板块保持良好的发展态势及盈利水平，对公司业绩发挥了重要支撑作用。,0
603501.SH,20241010,20240930,预增,515.35,569.64,226701.0,246701.0,36841.06,20241010,预计:净利润226701-246701,本报告期内，市场需求持续复苏，下游客户需求有所增长，伴随着公司在高端智能手机市场的产品导入及汽车市场自动驾驶应用的持续渗透，公司的营业收入和毛利率实现了显著增长；此外，为更好的应对产业波动的影响，公司积极推进产品结构优化及供应链结构优化，公司产品毛利率逐步恢复，整体业绩显著提升。,0
000791.SZ,20241010,20240930,略增,6.49,11.86,59500.0,62500.0,55874.94,20241010,预计:净利润59500-62500,本报告期与上年同期相比，预计归属于上市公司股东的净利润同比增长，主要是报告期内公司发电量增加，发电收入增加。本报告期公司所属电站发电量71.01亿千瓦时，上年同期发电量63.19亿千瓦时，同比增加7.82亿千瓦时。,0
600521.SH,20241010,20240930,略增,37.0,45.0,98800.0,104600.0,72155.67,20241010,预计:净利润98800-104600,报告期内，公司实现归属于上市公司股东的净利润及归属于上市公司股东的扣除非经常性损益的净利润较去年同期均大幅增长，主要是：（1）紧抓销售团队裂变及组织架构调整，市场下沉和新业务模式拓展，积极推进全球销售网络布局，公司产品市场占有率得到有效提升，销售收入大幅增长；（2）精益管理持续优化，技改能力不断提升叠加规模效应，公司成本控制能力及综合竞争实力不断增强，同时公司产品结构优化，毛利率同比增长，盈利能力进一步提升；（3）新产品持续导入并逐步上量，市场拓展成效进一步显现。,0
603162.SH,20241010,20240930,预增,138.41,191.39,36000.0,44000.0,15100.0,20241010,预计:净利润36000-44000,2024年前三季度全球航运市场景气度回升，公司顺应市场变化趋势，适时扩大控制运力规模，优化全球航线布局，提高运营效率，通过精细化管理降低运营成本，强化自身盈利能力。,0
601966.SH,20241010,20240930,预增,72.0,82.0,165000.0,175000.0,96000.0,20241010,预计:净利润165000-175000,2024年公司积极进行产品升级，在国内外零售和配套市场持续开展结构调整。同时，海外第二基地陆续释放产能，为海外市场产销增长提供支持。产品销量均实现增长，2024年前三季度累计实现销量同比增长约11%，其中毛利较高的乘用车胎销量增长幅度较大。加之公司于第三季度收到反倾销退税款，增加公司收益。此外，公司持续推进降本增效，盈利能力实现显著提升。,0
605319.SH,20241010,20240930,预增,42.23,50.04,23700.0,25000.0,16662.58,20241010,预计:净利润23700-25000,随着新项目逐步投产，市场订单充足，规模效应带来毛利率提升；另一方面公司主要原材料价格较上年同期有所下降，产品毛利率的提高带动公司利润增长；同时，随着选择性精密电镀业务同比增长，提振了公司整体盈利能力。因此，公司2024年前三季度实现业绩的较高增长。,0
002714.SZ,20241010,20240930,扭亏,642.79,697.07,1000000.0,1100000.0,-184200.0,20241010,预计:净利润1000000-1100000,公司2024年前三季度经营业绩实现扭亏为盈，主要原因为报告期内公司生猪出栏量、生猪销售均价较去年同期上升，且生猪养殖成本较去年同期下降。,0
000422.SZ,20241010,20240930,预增,94.04,103.04,75500.0,79000.0,38908.69,20241010,预计:净利润75500-79000,"1.报告期内，公司持续提升经营管理水平，紧跟主导产品市场变化，动态调整生产节奏，同时加大高附加值产品市场开发力度，确保生产装置高效稳定运行；通过回购湖北宜化肥业有限公司少数股权，以及新项目投产后，有效降低公司液氨成本，进一步提高磷酸二铵的盈利水平和市场竞争力，多措并举实现前三季度经营业绩同比大幅增长。2.2024年前三季度，预计非经常性损益项目对归属于上市公司股东净利润的影响金额约为20,000万元，主要系资产处置收益及补贴所致。",0
688591.SH,20241010,20240930,预增,58.61,58.61,5961.0,5961.0,3758.44,20241010,预计:净利润5961,（一）随着市场需求的不断增加，公司积极开拓境内外市场、加大客户投入及技术支持，进行了多元化的下游应用市场布局，紧跟国内国际市场，故IOT产品及音频产线境内外产品收入均持续增长，使得营收总体保持增长的趋势；（二）因半导体行业供应链紧张情况本年度逐步缓解，行业供应链产能充足，同时公司加强供应链管理，优化成本，毛利率同比上升，带来了毛利润增长，使得归属于母公司净利润及扣除非经常性损益的净利润均实现大幅增长。,0
300881.SZ,20241010,20240930,预增,155.41,162.32,18500.0,19000.0,7243.14,20241010,预计:净利润18500-19000,报告期内，公司主业聚焦火电超超临界锅炉制造行业，受益于下游订单激增，公司同期在手订单相应增加。2024年以来公司综合产能有所提高，产能利用率逐步上升。报告期内，各品类出货量增加，其中合金钢产品出货量较同期增长约12.08%，产品结构进一步提升，不锈钢产品出货量较同期增长约49.86%。,0
300783.SZ,20241010,20240930,预增,99.13,101.43,33777.0,34167.0,16962.66,20241010,预计:净利润33777-34167,"公司坚定贯彻“高端性价比”总战略，持续重点推进“业务、供应链和组织”三大结构性变革：1、夯实“D+N”全渠道协同打法，聚焦分销105款日销品打造并完成首轮铺市，市场反响良好。报告期内全渠道营收持续增长，规模效应下整体费率持续优化。2、推进“一品一链”供应链持续创新升级，产品竞争力进一步强化，整体毛利率稳定。3、推动组织变革，构建小而美经营体“品销合一”网络型组织，进一步激活组织潜能，有效抓住动态市场机会，释放增长潜力。4、坚定小鹿蓝蓝“儿童高端健康零食”新定位，持续保持营收利润双增长。5、2024年前三季度，预计非经常性损益7,218万元至7,528万元，主要系政府补助影响。",0
300001.SZ,20241010,20240930,预增,96.47,107.99,43595.0,46151.0,22189.0,20241010,预计:净利润43595-46151,"报告期内，公司紧抓国家“双碳”和“新型电力系统”战略的发展机遇，深耕主业、持续创新、强化核心竞争力，“智能制造+集成服务”及电动汽车充电网两大板块保持良好发展势头。公司持续加大技术深造和迭代升级，不断提升产品的标准化和模块化水平并推动新材料和新结构的落地应用，打造具有竞争力的成本优势，公司盈利能力较去年同期有较好提升。经初步测算，报告期内非经常性损益影响公司利润约为5,600万元。",0
603209.SH,20241010,20240930,预增,52.29,53.39,27731.0,27931.0,18209.01,20241010,预计:净利润27731-27931,（一）2024年前三季度，危化品海运市场需求增长，公司货运量相比去年同期稳步增长；（二）公司把握市场发展机遇，不断扩大危化品船队规模，以满足目标客户需求。2024年前三季度，内贸运营效益保持稳中有升，外贸新增2艘船舶投入运营，运营效益有较大增长；（三）公司不断加强安全投入，提升安全管理水平，为船舶平稳运行保驾护航，助力业绩提升。,0
688117.SH,20241010,20240930,预增,43.9,75.88,5007.0,6120.0,3479.62,20241010,预计:净利润5007-6120,报告期内，公司多肽原料药、制剂业务等销售收入同比有较大增长，使得公司业绩同比实现较大增长。,1
300225.SZ,20241010,20240930,预增,176.0,305.0,1700.0,2500.0,617.01,20241010,预计:净利润1700-2500,2024年前三季度，公司围绕主营产品可覆盖的车用及工业涂料其他细分领域，持续稳固深化与现有客户的合作，积极拓展新客户、布局增量市场；同时，公司持续推进客户结构优化、产品结构调整与产品迭代改良等工作，公司产品竞争力不断增强，整体盈利能力显著提升。,0
603501.SH,20241010,20240930,预增,515.35,569.64,226701.0,246701.0,36841.06,20241010,预计:净利润226701-246701,本报告期内，市场需求持续复苏，下游客户需求有所增长，伴随着公司在高端智能手机市场的产品导入及汽车市场自动驾驶应用的持续渗透，公司的营业收入和毛利率实现了显著增长；此外，为更好的应对产业波动的影响，公司积极推进产品结构优化及供应链结构优化，公司产品毛利率逐步恢复，整体业绩显著提升。,1
603162.SH,20241010,20240930,预增,138.41,191.39,36000.0,44000.0,15100.0,20241010,预计:净利润36000-44000,2024年前三季度全球航运市场景气度回升，公司顺应市场变化趋势，适时扩大控制运力规模，优化全球航线布局，提高运营效率，通过精细化管理降低运营成本，强化自身盈利能力。,1
688591.SH,20241010,20240930,预增,58.61,58.61,5961.0,5961.0,3758.44,20241010,预计:净利润5961,（一）随着市场需求的不断增加，公司积极开拓境内外市场、加大客户投入及技术支持，进行了多元化的下游应用市场布局，紧跟国内国际市场，故IOT产品及音频产线境内外产品收入均持续增长，使得营收总体保持增长的趋势；（二）因半导体行业供应链紧张情况本年度逐步缓解，行业供应链产能充足，同时公司加强供应链管理，优化成本，毛利率同比上升，带来了毛利润增长，使得归属于母公司净利润及扣除非经常性损益的净利润均实现大幅增长。,1
002124.SZ,20241010,20240930,扭亏,183.0886,186.2817,130105.0,135105.0,-156585.91,20241010,预计:净利润130105-135105,"公司2024年前三季度归属于上市公司股东的净利润预计为13-13.5亿元,相比去年同期亏损15.66亿元大幅扭亏为盈，主要贡献来自公司第一季度出售参股公司史记生物32.91%股权所产生的投资收益9.95亿元。同时由于生猪价格从第二季度开始回暖，公司在预重整阶段仍努力维持了生产经营正常，持续的降本措施效果也逐步显现，生猪销售成本呈下降趋势，公司第二季度和第三季度主营业务生猪养殖实现盈利，前三季度扣除非经常性损益后的净利润预计为1.19-1.69亿元，与去年同期亏损16.82亿元相比大幅扭亏为盈。",0
688726.SH,20241010,20240930,预增,246.98,326.5,48000.0,59000.0,13833.59,20241010,预计:净利润48000-59000,2024年，新型高效光伏电池片产业化程度进一步加深，受益于产业发展以及公司产品良好的竞争能力，公司设备获得持续规模化验收。,0
601702.SH,20241009,20240930,略增,23.68,38.76,82000.0,92000.0,66300.0,20241009,预计:净利润82000-92000,本期业绩预增的主要原因为主营业务影响。（一）产品结构不断优化，产销两旺助推效益。公司始终以三高战略思路（高端市场、高端客户、高附加值/高贡献率产品）为导向，不断巩固、加强公司产品的领先优势，以高质量品质、高水平性能、高性价比赢得市场。2024年前三季度公司产销双旺，海内外客户开拓有力，总体销售规模不断增长，盈利能力不断增强。（二）技术创新成效显著，三化增效成果突出。公司始终坚持以技术创新为驱动，不断加大研发投入，在铝热传输材料的生产工艺、产品性能等方面取得不断突破，产品竞争力持续增强。此外，公司大力加强两地对标和三化建设，通过现代数智化手段进一步促进作业标准化、规范化和提升流程效率，增效明显。,0
605166.SH,20241009,20240930,预增,46.51,66.49,22000.0,25000.0,15016.28,20241009,预计:净利润22000-25000,本期较上年同期业绩预增的主要原因系本期下游市场总体需求较好，公司产品销售情况及毛利较上年同期均有所增长。,0
002463.SZ,20241009,20240930,预增,91.05,96.29,182083.0,187083.0,95308.23,20241009,预计:净利润182083-187083,受益于高速运算服务器、人工智能等新兴计算场景对印制电路板的结构性需求，预计公司2024年第三季度的营业收入和净利润较上年同期均将有所增长。,0
300505.SZ,20241009,20240930,扭亏,193.44,211.94,10100.0,12100.0,-10809.0,20241009,预计:净利润10100-12100,1、2023年前三季度，由于市场行情的原因，公司产品去库存，业绩出现亏损。2024年前三季度，随着磷化工行情修复，同时公司根据市场情况，充分发挥装置灵活的优势，科学调整产品结构，精心组织生产，公司产品综合毛利率上升，公司盈利水平提升。2、预计本报告期非经常性损益对公司净利润的影响约为920万元。,0
000089.SZ,20241009,20240930,预增,84.34,117.28,30221.0,35621.0,16394.0,20241009,预计:净利润30221-35621,随着我国民航业快速健康发展，深圳区域经济持续恢复向好态势，公司客货业务稳定增长，旅客吞吐量同比上升18.5%，航班起降架次同比上升10.1%，货邮吞吐量同比上升16.5%，使得公司营业收入同比增长，经营业绩同比上升。,0
300054.SZ,20241009,20240930,预增,108.0,115.0,36662.0,37895.0,17625.81,20241009,预计:净利润36662-37895,"公司是国内领先的关键大赛道领域中各类核心“卡脖子”进口替代类创新材料的平台型公司，目前重点聚焦半导体创新材料领域。2024年前三季度，累计实现营业收入约24.10亿元，其中：第三季度营业收入约8.92亿元，环比增长10%；2024年前三季度，归属于上市公司股东的净利润预计约为3.67亿元至3.79亿元，其中：第三季度约为1.49亿元至1.61亿元，环比较第二季度1.36亿元持续稳健增长。相关情况如下：1、半导体材料业务及集成电路芯片设计和应用业务：实现营业收入约10.89亿元，同比增长88%，营收占比从2023年的32%持续提升至约45%水平。其中，第三季度：实现营业收入约4.49亿元，同比增长68%，环比增长33%；具体为：①CMP抛光垫销售约5.24亿元，同比增长95%。其中，今年第三季度实现销售收入约2.26亿元，环比增长39%，同比增长90%；②CMP抛光液、清洗液产品合计销售约1.38亿元，同比增长186%。其中，今年第三季度实现销售收入约6,155万元，环比增长53%，同比增长183%；③半导体显示材料业务（YPI、PSPI、TFE-INK）合计销售约2.82亿元，同比增长162%。其中，今年第三季度实现销售收入约1.15亿元，环比增长18%，同比增长102%。此外，公司半导体先进封装材料及晶圆光刻胶业务亦在快速推进中，多款产品在其客户端分别进入不同验证及市场开拓阶段，客户反馈良好，进展符合公司预期。2、打印复印通用耗材业务：持续保持稳健经营，本期预计实现营业收入约13.21亿元，同比略有增长。公司将继续多举措进行降本增效，提升公司经营效率，多渠道拓展业务，夯实公司在行业的竞争力。3、受汇率波动及上市公司实施股权激励成本影响，第三季度归属于上市公司的净利润影响额环比减少约1,500万元。4、非经常性损益影响预计本报告期非经常性损益约为2,815万元，主要是政府补助影响；去年同期非经常性损益金额为4,680.91万元。",0
002734.SZ,20241009,20240930,预增,122.76,140.95,4900.0,5300.0,2199.64,20241009,预计:净利润4900-5300,报告期内，公司管理层坚决执行董事会制定的战略发展规划和经营目标，专注核心业务的深耕与拓展，推动国际和国内市场双轮发力，采取补短板、练内功系列措施降本增效，优化配置资源确保关键产品项目量效提升，搭建“生物合成”技术平台推动“生物制造”提速，实施集团化运营促进管理效能升级，通过以上举措，公司经营能力和主营业务盈利质量得到显著提升，对外投资项目也取得良好收益。本报告期内，公司预计归属于上市公司股东的净利润将同比增长122.76%-140.95%。同时，由于持有的交易性金融资产公允价值变动等非经常损益对净利润影响，预计报告期内归属于上市公司股东扣除非经常性损益后的净利较上年同期增长179.67%-214.99%。,0
601336.SH,20241009,20240930,预增,95.0,115.0,1860700.0,2051500.0,954200.0,20241009,预计:净利润1860700-2051500,本公司2024年前三季度业绩预计增长的主要原因是：公司坚定看好中国经济发展，认真落实服务国家战略、服务实体经济，扎实做好“五篇大文章”，不断提升专业投研能力建设，持续优化资产配置。前三季度公司适度加大了对权益类资产的投资，提升了权益类资产的配置比例；同时加强保险负债端的品质管理、优化业务结构。近期资本市场回暖上涨，使得公司2024年前三季度投资收益同比实现大幅增长，实现了2024年前三季度净利润同比较大增长。,0
000975.SZ,20241009,20240930,预增,50.22,54.69,168000.0,173000.0,111834.72,20241009,预计:净利润168000-173000,本报告期公司下属各矿山继续保持稳健经营，净利润同比上升主要得益于金银价格的上涨和销量的增加。,0
688208.SH,20241009,20240930,预增,95.1,113.86,52000.0,57000.0,26653.1,20241009,预计:净利润52000-57000,"1、公司通过产品和技术创新，持续巩固数字维修业务的行业领先地位；同时，公司紧抓海外新能源充电行业发展机遇，深耕数字能源海外市场，凭借产品、技术、品牌、市场、服务及全球供应链等系统性优势，实现了业绩的快速增长并构筑中长期竞争壁垒。2、报告期内，公司推动数智化变革和组织能力建设，持续优化研发、营销服、供应链管理等关键环节，运营效率持续优化提升。3、预计2024年1-9月非经常性损益金额约为9,769.58万元，主要系2024年第二季度转让子公司深圳市塞防科技有限公司股权产生的投资收益。",0
002550.SZ,20241009,20240930,预增,56.47,56.47,30959.0,30959.0,19785.51,20241009,预计:净利润30959,"1、报告期内，公司积极应对国内外医药行业复杂多变的生态环境，适时把握行业战略机遇，坚定实施科学、合理的产供销集约化经营方针，2024年前三季度主营业务发展态势持续向好，毛利率较上年同期持续提升，同时销售费用率逐步下降，由此归属于上市公司股东的净利润实现了同比持续提升。2、报告期内，公司前三季度的非经常性损益金额为9448.19万元，主要原因是公司与建元信托股份有限公司就锐赢64号信托计划理财产品纠纷案（案号（2020）沪74民初5号）达成和解并签署了《和解协议》，该协议签署当日公司收到建元信托支付的和解款8500万元，即锐赢64号信托计划项下投资本金金额17,000万元的50%，具体信息详见公司披露的《关于公司与建元信托股份有限公司签署和解协议暨诉讼进展的公告》（公告编号：2024-034）",0
002299.SZ,20241009,20240930,略减,-49.97,-43.21,37000.0,42000.0,73955.57,20241009,预计:净利润37000-42000,报告期内，公司持续保持生鸡肉和肉制品产销量稳定增长，整体销量增幅接近20%，尽管鸡肉价格下跌对公司利润带来了一定挑战，公司凭借在大食品战略上的深入推进、持续的降本增效举措以及新品的不断推出，前三季度业绩环比不断稳步提升，各季度的同比降幅显著收窄，尤其是第三季度较第二季度盈利增加超1.1亿元，增幅超70%。其中，9月份的表现尤为突出，成为前三季度中盈利最佳的月份，同比和环比均实现了显著增长。这一成绩充分展现了公司在面对价格压力与市场挑战时的出色应对能力及运营韧性，进一步夯实了公司在行业中的竞争优势。报告期内，公司继续深化成本控制，精细化管理覆盖各生产环节。通过设定降本增效目标，在采购、养殖、屠宰和生加工等环节推动成本降低及效率提升，持续经营管理的提升，推动公司不含原材料的成本创下单季度历史最佳水平。此外，公司继续挖掘自研种鸡生产性能综合优势，逐步实现圣泽901Plus品种的全面替换，为未来养殖成本进一步下降提供了强有力的保障。成本领先战略的成功实施，为公司利润提供了强大支撑，提升了未来业绩增长的弹性。报告期内，公司在生产和销售端均实现高质量增长。在生产端，2024年前三季度屠宰量同比增长超22%，熟食销量亦取得稳定的增长，尤其是食品十厂的产能逐步释放，为后续持续增长奠定基础；销售端，在重客、餐饮系统、出口等策略渠道在销量上均取得一定增长，特别是出口渠道销量同比增长超30%，公司持续扩大在餐饮供应链体系的市场份额。整体来看，在产、销量稳定增长的同时，始终注重高价值渠道挖掘以及高价值产品转化，并持续较同行业保持一定的溢价水平。在C端零售板块，线上、线下渠道均衡发力，持续推出新品，洞察消费者需求，推动品牌建设，聚焦于产品的多样化，消费者对圣农品牌的认知度以及认可度。1-9月C端收入累计同比增长接近20%。,0
605169.SH,20241009,20240930,预增,52.3,52.3,16500.0,16500.0,10834.21,20241009,预计:净利润16500,（一）主营业务影响2024年前三季度，公司主要产品之液化天然气（LNG）、工商用气销量比上年同期增加较多，销售价格随市场行情比上年同期有所上升，LNG及工商用气销售毛利率比上年同期上升。该等原因致本期业绩比上年同期预增。（二）非经营性损益的影响预计2024年1-9月非经常性损益为80万元，其中主要项目为政府补助。,0
001389.SZ,20241009,20240930,预增,67.34,72.51,48500.0,50000.0,28983.39,20241009,预计:净利润48500-50000,受益于通用服务器迭代升级带来的产品结构持续优化，以及AI应用驱动的服务器PCB需求增长，预计公司2024年第三季度的营业收入和净利润较上年同期均将有所增长。,0
002535.SZ,20241009,20240930,预增,51.09,61.08,13600.0,14500.0,9001.47,20241009,预计:净利润13600-14500,业绩变动主要原因是，报告期内，公司产能提高，订单充裕，流动资金缓解，促使产量增加，公司营业收入增加。,0
300627.SZ,20241009,20240930,略增,32.64,37.95,37500.0,39000.0,28271.41,20241009,预计:净利润37500-39000,"1、报告期内，公司实现归属于上市公司股东的净利润快速增长，主要原因如下：（1）公司积极拓展产品和解决方案的行业应用，资源与公共事业、地理空间信息等相关业务领域营业收入实现较大增长，公司集中资源大力拓展海外市场，海外区域营业收入持续快速增长，未来海外市场仍有较大增长空间。（2）公司继续加大研发投入，构筑核心技术壁垒，提升公司产品竞争力，助力公司在各行业市场业务快速拓展。2、报告期内，因实施公司股权激励计划带来股份支付费用约4,100万元，已经计入本报告期损益。3、报告期内，预计非经常性损益对当期净利润的影响约为4,800万元。",0
002532.SZ,20241009,20240930,预增,88.0,88.0,307351.0,307351.0,163726.63,20241009,预计:净利润307351,公司业绩大幅增长的主要原因为：2024年1-9月，公司自产铝锭对外销售均价同比上升约6%，氧化铝对外销售均价同比上升约30%，氧化铝产量同比增加约6%，而电解铝和氧化铝的生产成本保持相对稳定，进而推动前三季度公司电解铝板块和氧化铝板块的利润同比显著提升。,0
301592.SZ,20241009,20240930,预增,366.2,599.3,1000.0,1500.0,214.5,20241009,预计:净利润1000-1500,,0
605166.SH,20241009,20240930,预增,46.51,66.49,22000.0,25000.0,15016.28,20241009,预计:净利润22000-25000,本期较上年同期业绩预增的主要原因系本期下游市场总体需求较好，公司产品销售情况及毛利较上年同期均有所增长。,1
300054.SZ,20241009,20240930,预增,108.0,115.0,36662.0,37895.0,17625.81,20241009,预计:净利润36662-37895,"公司是国内领先的关键大赛道领域中各类核心“卡脖子”进口替代类创新材料的平台型公司，目前重点聚焦半导体创新材料领域。2024年前三季度，累计实现营业收入约24.10亿元，其中：第三季度营业收入约8.92亿元，环比增长10%；2024年前三季度，归属于上市公司股东的净利润预计约为3.67亿元至3.79亿元，其中：第三季度约为1.49亿元至1.61亿元，环比较第二季度1.36亿元持续稳健增长。相关情况如下：1、半导体材料业务及集成电路芯片设计和应用业务：实现营业收入约10.89亿元，同比增长88%，营收占比从2023年的32%持续提升至约45%水平。其中，第三季度：实现营业收入约4.49亿元，同比增长68%，环比增长33%；具体为：①CMP抛光垫销售约5.24亿元，同比增长95%。其中，今年第三季度实现销售收入约2.26亿元，环比增长39%，同比增长90%；②CMP抛光液、清洗液产品合计销售约1.38亿元，同比增长186%。其中，今年第三季度实现销售收入约6,155万元，环比增长53%，同比增长183%；③半导体显示材料业务（YPI、PSPI、TFE-INK）合计销售约2.82亿元，同比增长162%。其中，今年第三季度实现销售收入约1.15亿元，环比增长18%，同比增长102%。此外，公司半导体先进封装材料及晶圆光刻胶业务亦在快速推进中，多款产品在其客户端分别进入不同验证及市场开拓阶段，客户反馈良好，进展符合公司预期。2、打印复印通用耗材业务：持续保持稳健经营，本期预计实现营业收入约13.21亿元，同比略有增长。公司将继续多举措进行降本增效，提升公司经营效率，多渠道拓展业务，夯实公司在行业的竞争力。3、受汇率波动及上市公司实施股权激励成本影响，第三季度归属于上市公司的净利润影响额环比减少约1,500万元。4、非经常性损益影响预计本报告期非经常性损益约为2,815万元，主要是政府补助影响；去年同期非经常性损益金额为4,680.91万元。",1
300926.SZ,20241008,20240930,预增,90.0,120.0,34504.0,39952.0,18160.09,20241008,预计:净利润34504-39952,报告期内，公司归属于上市公司股东的净利润增长的主要原因如下：1、报告期内公司订单充足，营业收入较去年同期稳步增长。2、混动汽车、纯电动汽车快速上量，公司新能源汽车车身模块化产品收入稳步提升。3、公司预计2024年前三季度非经常性损益对归属于上市公司股东的净利润的影响金额约为200万元。,0
300458.SZ,20241008,20240930,扭亏,781.0929,858.932,14000.0,15600.0,-2055.52,20241008,预计:净利润14000-15600,"1.报告期内，公司把握下游市场需求回暖的机会，积极拓展各产品线业务，出货量提升使得营业收入同比增长约50%，营业收入的增长带动了净利润的增长；2.报告期内，公司为满足客户持续增长的产品及服务需求，加大在芯片新产品开发及智能车载、扫地机器人等新兴应用领域方案的研发投入，研发费用同比增长约10%；3.报告期内，预计公司非经常性损益对净利润的影响金额为3,900万元至4,300万元。",0
300304.SZ,20241008,20240930,略增,30.0,50.0,30429.0,35110.0,23406.91,20241008,预计:净利润30429-35110,"报告期内，公司紧密围绕年初既定的发展战略和经营目标，持续加强核心业务领域竞争力，整体经营业绩稳中有进。公司成熟业务稳健发展的同时，积极推进智能雨刮系统产品、传感器类产品、半导体功率器件等业务板块拓展，持续提升市场份额，加快海外市场布局，持续提升核心竞争力，助力公司整体业绩增长。报告期内，预计非经常性损益对净利润的影响金额约1,093.38万元。",0
688076.SH,20241008,20240930,预增,256.7239,300.3383,32716.0,36716.0,9171.2812,20241008,预计:净利润32716-36716,报告期内，公司多肽原料药等销售收入同比有较大增长，使得公司业绩同比实现较大增长。,0
601919.SH,20241008,20240930,预增,72.7199,72.7199,3812100.0,3812100.0,2207100.0,20241008,预计:净利润3812100,2024年前三季度，主要市场货量温和增长，运力供给受红海局势持续影响，全球供应链总体呈现紧张态势；2024年第3季度，随着欧美主干航线市场进入旺季，公司集装箱航运业务实现量价齐升。面对复杂多变的全球经贸形势，中远海控坚持以自身发展的确定性应对外部环境的不确定性，在数字智能和绿色低碳新赛道上持续“以进求新”，不断增强全球供应链韧性，有效提升企业核心竞争力，取得了较好的经营业绩。,0
300926.SZ,20241008,20240930,预增,90.0,120.0,34504.0,39952.0,18160.09,20241008,预计:净利润34504-39952,报告期内，公司归属于上市公司股东的净利润增长的主要原因如下：1、报告期内公司订单充足，营业收入较去年同期稳步增长。2、混动汽车、纯电动汽车快速上量，公司新能源汽车车身模块化产品收入稳步提升。3、公司预计2024年前三季度非经常性损益对归属于上市公司股东的净利润的影响金额约为200万元。,1
605128.SH,20240930,20240930,预增,68.0,68.0,10700.0,10700.0,6362.35,20240930,预计:净利润10700,公司主要生产汽车座椅骨架总成、精密冲压件、精密注塑件，2024年前三季度公司业绩预增的主要原因是：（一）公司严格的成本管控制度及确保执行到位的团队合作。（二）2024年度公司开始量产的新项目增多，市场订单量充足，公司的产能利用率提高，成本相应降低。（三）2024年度公司持续精益生产和工艺改善，不断提高生产效率，带来成本降低。（四）2024年公司轨道交通方面的产品-铁路专用集装箱的新客户新订单在第3季度逐月增加，产能利用率提升迅速，成本相应降低，产品盈利能力提升。,0
002444.SZ,20240928,20240930,略增,25.0,35.0,188273.0,203335.0,150618.51,20240928,预计:净利润188273-203335,1、随着美联储进入降息通道，美国房地产相关产业明显进入底部复苏阶段，三季度北美工具消费同比增速达到4%，行业走出了近三年来零增长的状况，公司客户订单和直销销售均大幅增长，预计公司三季度收入同比增速超过30%。2、三季度人民币兑美元汇率有所升值，导致公司应收账款和美元现金资产相对贬值，使得公司投资收益相比二季度大幅减少，对公司净利润产生了一定的负面影响，后续随着人民币汇率稳定该影响预计会逐渐消除，同时当前较高的美元存款利率也可以有效对冲该负面影响。,0
002444.SZ,20240928,20240930,略增,25.0,35.0,188273.0,203335.0,150618.51,20240928,预计:净利润188273-203335,1、随着美联储进入降息通道，美国房地产相关产业明显进入底部复苏阶段，三季度北美工具消费同比增速达到4%，行业走出了近三年来零增长的状况，公司客户订单和直销销售均大幅增长，预计公司三季度收入同比增速超过30%。2、三季度人民币兑美元汇率有所升值，导致公司应收账款和美元现金资产相对贬值，使得公司投资收益相比二季度大幅减少，对公司净利润产生了一定的负面影响，后续随着人民币汇率稳定该影响预计会逐渐消除，同时当前较高的美元存款利率也可以有效对冲该负面影响。,1
002376.SZ,20240927,20240930,扭亏,580.0,700.0,3005.0,3756.0,-626.01,20240927,预计:净利润3005-3756,2024年度，公司经营管理团队和全体员工坚持“一体两翼、八大业务板块”业务战略不动摇，持续打造支撑未来发展的“三条成长曲线”。前三季度：产品方面，一是公司牢抓金融信创产业机遇，充分发挥自研现金模块、票据模块的核心技术竞争优势，金融机具场景化产品解决方案在国内市场的拓展进入爆发增长阶段，同时公司积极推动金融机具业务“出海”进程，在海外市场的拓展也取得显著效果。二是公司坚持贯彻新零售综合运营业务的“城市聚焦”“公共点位+商业点位”业务拓展策略，得益于商业模式的充分验证和不断成熟，新零售综合运营业务的规模迅速扩展。市场区域方面，深度挖掘海外客户的需求，依托成熟的销售网络和产品竞争优势，聚力提升业务出海的规模，来源于海外业务的收入规模持续增长。同时，公司持续围绕“提质增效”的核心管理主题，将经营质量改善和提升放到首位，通过强化经营计划管理、供应链管理等关键环节的管理改善，着力提升运营效率，公司的综合毛利率得到进一步的提升。,0
002472.SZ,20240927,20240930,略增,22.66,26.05,72300.0,74300.0,58943.48,20240927,预计:净利润72300-74300,公司专注于核心业务，持续增强研发创新能力，积极拓展市场，全面提升核心竞争力。在报告期内，公司新能源汽车齿轮业务实现快速增长，成为业绩提升的主要驱动力。展望未来，公司将集中资源拓展海外市场，争取更多业务落地，进一步提升全球市场占有率。此外，公司智能执行机构业务围绕智能家居、智能汽车、智能办公及未来生活等多个领域进行战略布局，特别是在智能家居和智能汽车领域，公司将持续提升市场占有率，推动该业务板块的快速增长。报告期内，智能执行机构业务的营收和利润实现了显著同比增长，为公司整体业绩注入了新的增长动力。,0
301626.SZ,20240927,20240930,略增,24.63,33.86,13500.0,14500.0,10832.3,20240927,预计:净利润13500-14500,公司预计2024年1-9月归母净利润及扣非归母净利润的增长幅度超过收入增幅，其原因与2024年1-6月相似，主要是由于公司不锈钢均温板的毛利率快速提升、销售金额也快速增加，进而使得均温板等主要产品的毛利率上升所致。,0
301613.SZ,20240926,20240930,略增,2.12,6.03,15700.0,16300.0,15373.6115,20240926,预计:净利润15700-16300,,1
833171.BJ,20240926,20240930,预增,943.42,1072.24,8100.0,9100.0,776.29,20240926,预计:净利润8100-9100,"1155.05,大幅上涨59.47%,其中波罗的海·巴拿马型船指数(BPI)四线2024年年初至9月23日平均期租金为13,948.58美元/天,同比去年同期的10,367.57美元/天上涨幅度为34.54%.2024年是公司运力结构升级调整及管理运营优化的重要一年,通过下述相关措施取得显著成效:1,由于公司的外贸运价和BDI指数密切相关,公司积极布局外贸运营航线,将大量具备外贸经营能力的运力投入到运价更具优势的外贸航线,BDI的上涨给外贸运价带来较好的提升和预期;2,公司将一些在国内缺乏竞争力但在海外更有优势的船型通过技术改造转移到外贸航线,以优化运力结构和增加收益,其中内贸船“国电7”成功升级改造为内外贸兼营船舶,并于8月中旬正式投入外贸航次;3,2022年12月上市以来,公司已启动“12+4”艘新造船计划,截至到2024年9月24日,已有三艘新建船舶投入营运,三艘新造船在节能减排,船舶智能化数字化方面均有优异表现,到今年年底,公司预计另有三艘新造船投入营运.通过上述运力结构升级调整措施并结合内部压缩营运成本和管理费用等多项举措使得2024年前三季度业绩提升显著.随着2024年全球经济预期向好,航运市场正在迎来上升周期,BDI指数近期走势反映了干散货运输正在迎来四季度的季节性旺季.同时,由于国内沿海老旧船在国家“设备更新”政策引导下逐步出清同时运力减少,内贸运价有望提升.",0
920571.BJ,20240926,20240930,预增,943.42,1072.24,8100.0,9100.0,776.29,20240926,预计:净利润8100-9100,"1155.05,大幅上涨59.47%,其中波罗的海·巴拿马型船指数(BPI)四线2024年年初至9月23日平均期租金为13,948.58美元/天,同比去年同期的10,367.57美元/天上涨幅度为34.54%.2024年是公司运力结构升级调整及管理运营优化的重要一年,通过下述相关措施取得显著成效:1,由于公司的外贸运价和BDI指数密切相关,公司积极布局外贸运营航线,将大量具备外贸经营能力的运力投入到运价更具优势的外贸航线,BDI的上涨给外贸运价带来较好的提升和预期;2,公司将一些在国内缺乏竞争力但在海外更有优势的船型通过技术改造转移到外贸航线,以优化运力结构和增加收益,其中内贸船“国电7”成功升级改造为内外贸兼营船舶,并于8月中旬正式投入外贸航次;3,2022年12月上市以来,公司已启动“12+4”艘新造船计划,截至到2024年9月24日,已有三艘新建船舶投入营运,三艘新造船在节能减排,船舶智能化数字化方面均有优异表现,到今年年底,公司预计另有三艘新造船投入营运.通过上述运力结构升级调整措施并结合内部压缩营运成本和管理费用等多项举措使得2024年前三季度业绩提升显著.随着2024年全球经济预期向好,航运市场正在迎来上升周期,BDI指数近期走势反映了干散货运输正在迎来四季度的季节性旺季.同时,由于国内沿海老旧船在国家“设备更新”政策引导下逐步出清同时运力减少,内贸运价有望提升.",0
301613.SZ,20240926,20240930,略增,2.12,6.03,15700.0,16300.0,15373.6115,20240926,预计:净利润15700-16300,,0
603617.SH,20240925,20240930,预增,78.58,93.1,7377.0,7977.0,4130.88,20240925,预计:净利润7377-7977,（一）主营业务的影响公司本次业绩预增主要系海外市场行业趋势的向好及目标客户群体需求的日益增长，公司同期在手订单较上年大幅增加，使得本期公司产品产销量、毛利率同比有效提升；同时，公司不断加强内部管理，提升整体运营能力，积极推进品牌建设，有效支撑了当期业绩。（二）非经常性损益影响公司本期非经常性损益较上年同期大幅减少，主要系上年同期公司收回所持黑龙江哈工石墨科技有限公司20%股权的回购款及利息。（三）会计处理影响会计处理对公司本期业绩预增没有影响。,0
300401.SZ,20240923,20240930,预增,55.77,75.92,23200.0,26200.0,14893.33,20240923,预计:净利润23200-26200,"报告期内，影响公司业绩变动的主要原因：1、报告期内，维生素板块营业收入及毛利同比上升。2、报告期内，公司2022年员工持股计划第一批锁定期及额外锁定期届满，本期确认的股份支付费用同比下降。3、报告期内，非经常性损益对净利润的影响预计约为4,000万元，主要系子公司完成搬迁工作，确认了相关的资产处置收益。",0
688545.SH,20240920,20240930,略增,23.63,29.37,12939.0,13540.0,10466.03,20240920,预计:净利润12939-13540,,0
002166.SZ,20240920,20240930,预增,100.0,150.0,8180.0,10225.0,4090.07,20240920,预计:净利润8180-10225,"报告期内，公司管理层坚定执行董事会制定的发展战略和经营目标，专注核心业务的深耕与拓展，通过持续加大研发投入、优化产品结构，重点挖掘客户深度应用潜力，提供定制化服务和复配产品强化客户服务能力等相关措施，不断提升公司主营业务市场占有率，使公司经营能力和主营业务盈利质量得到显著提升。本报告期内，公司主营业务延续高增长态势，预计实现营业收入较去年同期增长约30%，归属于上市公司股东的净利润将同比增长100%-150%。同时，由于公允价值变动等非经常损益对净利润影响较小，预计报告期内扣除非经常性损益后的净利润较上年同期增长约2,132.80%-2,698.11%。",0
301556.SZ,20240920,20240930,略增,10.95,16.95,7400.0,7800.0,6669.52,20240920,预计:净利润7400-7800,在国家顶层政策大力支持、智慧农业行业快速发展以及公司较强竞争实力等因素驱动下，公司经营状况呈现良好的发展态势，经营业绩持续稳步增长。,0
301522.SZ,20240920,20240930,略增,1.28,5.5,12000.0,12500.0,11848.84,20240920,预计:净利润12000-12500,,0
001279.SZ,20240913,20240930,续盈,-2.92,8.98,6850.0,7690.0,7056.39,20240913,预计:净利润6850-7690,,0
301618.SZ,20240913,20240930,略增,4.25,12.48,6184.0,6672.0,5931.59,20240913,预计:净利润6184-6672,,0
002204.SZ,20240912,20240930,略增,20.7,27.05,38050.0,40050.0,31523.51,20240912,预计:净利润38050-40050,2024年1-9月，公司预计归属于上市公司股东的净利润同比增长20.70%-27.05%，主要原因为：报告期内，公司营业收入预计实现101.50亿元左右，较上年同期增长10%左右，带动公司整体毛利上升，其中主要是物料搬运设备毛利同比增长明显。,1
002204.SZ,20240912,20240930,略增,20.7,27.05,38050.0,40050.0,31523.51,20240912,预计:净利润38050-40050,2024年1-9月，公司预计归属于上市公司股东的净利润同比增长20.70%-27.05%，主要原因为：报告期内，公司营业收入预计实现101.50亿元左右，较上年同期增长10%左右，带动公司整体毛利上升，其中主要是物料搬运设备毛利同比增长明显。,0
300181.SZ,20240906,20240930,略增,43.29,48.52,41105.0,42605.0,28686.52,20240906,预计:净利润41105-42605,1、本报告期内，公司基于乌灵胶囊、灵泽片、百令片三个核心产品是国家基本药物目录产品的优势，持续加强市场拓展，其中乌灵胶囊、灵泽片的销售收入延续了较好的市场增长；中药配方颗粒随着备案品种增加，销售收入较上年同期增长显著。2、本报告期内，非经常性损益对公司净利润的影响金额约505.12万元——545.12万元。,0
688615.SH,20240905,20240930,略增,5.0,7.0,29080.0,29520.0,27601.0,20240905,预计:净利润29080-29520,,0
832149.BJ,20240830,20240930,续亏,,,,,,20240830,续亏,,0
830809.BJ,20240830,20240930,续亏,,,,,,20240830,续亏,,0
920809.BJ,20240830,20240930,续亏,,,,,,20240830,续亏,,0
920249.BJ,20240830,20240930,续亏,,,,,,20240830,续亏,,0
872925.BJ,20240829,20240930,略减,,,,,,20240829,略减,,0
831175.BJ,20240829,20240930,略减,,,,,,20240829,略减,,0
430047.BJ,20240829,20240930,续亏,,,,,,20240829,续亏,,0
839792.BJ,20240829,20240930,略减,,,,,,20240829,略减,,0
838030.BJ,20240829,20240930,略减,,,,,,20240829,略减,,0
301600.SZ,20240829,20240930,略增,19.47,33.88,11134.0,12477.0,9319.33,20240829,预计:净利润11134-12477,公司经营业绩大幅增长主要由于销售收入的大幅增长所致，收入增长的分析如下：1、从客户需求端看，公司老客户（如奇瑞汽车、吉利汽车、宁德时代）延续增加终端采购，新增量产客户（如长城汽车、广汽集团、韩国双龙）已实现批量出货，将共同促进车联网智能终端收入增加；2、从内部经营看，随着公司产品的销售规模扩大，规模化效应进一步体现，发行人边际成本降低，盈利能力逐步提高；3、从中国汽车出海格局看，随着各大车企国际化战略的推进，国内主机厂整车出口迅速增长，欧盟、英国、欧亚经济联盟、印度、阿联酋等国家和地区均有eCall强制认证要求，促使公司eCall终端在国产自主品牌汽车的搭载量上升。综上，公司根据已实现的经营业绩、目前的订单情况、经营状况以及市场环境，预计2024年1-9月经营业绩将实现大幅增长。,0
603091.SH,20240829,20240930,预增,32.59,57.85,21000.0,25000.0,15837.93,20240829,预计:净利润21000-25000,,0
920047.BJ,20240829,20240930,续亏,,,,,,20240829,续亏,,0
920792.BJ,20240829,20240930,略减,,,,,,20240829,略减,,0
920030.BJ,20240829,20240930,略减,,,,,,20240829,略减,,0
920925.BJ,20240829,20240930,略减,,,,,,20240829,略减,,0
920375.BJ,20240829,20240930,略减,,,,,,20240829,略减,,0
833873.BJ,20240828,20240930,续亏,,,,,,20240828,续亏,,0
920873.BJ,20240828,20240930,续亏,,,,,,20240828,续亏,,0
832175.BJ,20240827,20240930,首亏,,,,,,20240827,首亏,经公司财务部门综合考虑市场供需及产品销售价格走势情况，预计公司2024年1-9月份预计亏损2000万元-2300万元。公司业绩跟去年同期相比大幅下滑的原因是市场需求减少，公司部分产品销售价格同比大幅下降所致。,1
920175.BJ,20240827,20240930,首亏,,,,,,20240827,首亏,经公司财务部门综合考虑市场供需及产品销售价格走势情况，预计公司2024年1-9月份预计亏损2000万元-2300万元。公司业绩跟去年同期相比大幅下滑的原因是市场需求减少，公司部分产品销售价格同比大幅下降所致。,0
832175.BJ,20240827,20240930,首亏,,,,,,20240827,首亏,经公司财务部门综合考虑市场供需及产品销售价格走势情况，预计公司2024年1-9月份预计亏损2000万元-2300万元。公司业绩跟去年同期相比大幅下滑的原因是市场需求减少，公司部分产品销售价格同比大幅下降所致。,0
920476.BJ,20240827,20240930,略减,,,,,,20240827,略减,,0
920748.BJ,20240827,20240930,不确定,,,,,,20240827,不确定,,0
430476.BJ,20240827,20240930,略减,,,,,,20240827,略减,,0
837748.BJ,20240827,20240930,不确定,,,,,,20240827,不确定,,0
871981.BJ,20240824,20240930,预增,,,,,,20240824,预增,"2024年08月24日公布的晶赛科技:2024年半年度报告,预测2024年三季度预增,预测内容为:报告期内，随着行业终端去库存压力的缓解以及国内市场的国产化替代进程加速，市场整体的需求正在逐渐恢复，预计公司1-9月份累计净利润同比将实现增长。",1
920981.BJ,20240824,20240930,预增,,,,,,20240824,预增,"2024年08月24日公布的晶赛科技:2024年半年度报告,预测2024年三季度预增,预测内容为:报告期内，随着行业终端去库存压力的缓解以及国内市场的国产化替代进程加速，市场整体的需求正在逐渐恢复，预计公司1-9月份累计净利润同比将实现增长。",0
002475.SZ,20240824,20240930,略增,20.0,25.0,884901.0,921772.0,737417.45,20240824,预计:净利润884901-921772,预告期内，AI技术的发展推动消费电子终端创新加速，全球数据中心往更高算力发展以及智能汽车全球化的市场和产能布局进一步加快；公司消费类电子、通讯、汽车等业务迎来更大的增长空间。在此背景下，公司充分发挥自身在垂直整合、智能制造以及跨领域的协同赋能等方面的独特优势，为全球头部客户新、老产品的创新与迭代提供全方位研发与制造落地服务，并在内生外延策略的帮助下，高效实现研发制造能力的提升、全球化产能的进一步完善以及客户市场资源的开拓。,0
871981.BJ,20240824,20240930,预增,,,,,,20240824,预增,"2024年08月24日公布的晶赛科技:2024年半年度报告,预测2024年三季度预增,预测内容为:报告期内，随着行业终端去库存压力的缓解以及国内市场的国产化替代进程加速，市场整体的需求正在逐渐恢复，预计公司1-9月份累计净利润同比将实现增长。",0
688605.SH,20240823,20240930,预增,195.8,235.24,15000.0,17000.0,5071.0,20240823,预计:净利润15000-17000,2024年1-9月，受益于国产半导体设备市占率在大陆新一轮产线扩产中的持续提高，发行人经营规模持续扩大、盈利能力稳步提升。,0
831768.BJ,20240823,20240930,续亏,,,,,,20240823,续亏,"2024年08月22日公布的拾比佰:2024年半年度报告,预测2024年三季度续亏,预测内容为:由于行业竞争愈加激烈，成本在转嫁过程中，难度加大，成本转嫁不及预期，同时受原材料价格整体持续下行影响，公司产品价格持续下降，2024年1-9月经营业绩有可能持续亏损。",1
920768.BJ,20240823,20240930,续亏,,,,,,20240823,续亏,"2024年08月22日公布的拾比佰:2024年半年度报告,预测2024年三季度续亏,预测内容为:由于行业竞争愈加激烈，成本在转嫁过程中，难度加大，成本转嫁不及预期，同时受原材料价格整体持续下行影响，公司产品价格持续下降，2024年1-9月经营业绩有可能持续亏损。",0
831768.BJ,20240823,20240930,续亏,,,,,,20240823,续亏,"2024年08月22日公布的拾比佰:2024年半年度报告,预测2024年三季度续亏,预测内容为:由于行业竞争愈加激烈，成本在转嫁过程中，难度加大，成本转嫁不及预期，同时受原材料价格整体持续下行影响，公司产品价格持续下降，2024年1-9月经营业绩有可能持续亏损。",0
831768.BJ,20240822,20240930,续亏,,,,,,20240822,续亏,"2024年08月22日公布的拾比佰:2024年半年度报告,预测2024年三季度续亏,预测内容为:由于行业竞争愈加激烈，成本在转嫁过程中，难度加大，成本转嫁不及预期，同时受原材料价格整体持续下行影响，公司产品价格持续下降，2024年1-9月经营业绩有可能持续亏损。",0
001277.SZ,20240821,20240930,略增,0.06,8.23,9800.0,10600.0,9793.82,20240821,预计:净利润9800-10600,,0
688583.SH,20240816,20240930,略增,6.57,14.87,7700.0,8300.0,7225.54,20240816,预计:净利润7700-8300,2024年1-9月业绩继续保持增长，主要系公司新推出的创新产品为公司发展提供了新的动力，并与下游客户持续扩大合作所致。,0
301607.SZ,20240816,20240930,略减,-10.91,-7.66,8234.0,8534.0,9241.58,20240816,预计:净利润8234-8534,,0
688710.SH,20240815,20240930,略减,-29.67,-23.58,12700.0,13800.0,18057.8426,20240815,预计:净利润12700-13800,发行人的新签订单价格自2023年下半年开始有所下降，但自2024年一季度起，随着优质创新药企业不断拓宽资金来源、政策层面创新药重要性提升等积极因素影响，行业竞争加剧及订单价格下降的态势迎来企稳。基于上述市场环境和自身经营情况，在业务量增长带动下，预计2024年收入仍呈现增长趋势，但受订单价格下降的影响，公司预计2024年扣除非经常性损益后归属于母公司股东的净利润较2023年存在20%幅度以内的下滑。,0
688710.SH,20240815,20240930,略减,-29.67,-23.58,12700.0,13800.0,18057.8426,20240815,预计:净利润12700-13800,发行人的新签订单价格自2023年下半年开始有所下降，但自2024年一季度起，随着优质创新药企业不断拓宽资金来源、政策层面创新药重要性提升等积极因素影响，行业竞争加剧及订单价格下降的态势迎来企稳。基于上述市场环境和自身经营情况，在业务量增长带动下，预计2024年收入仍呈现增长趋势，但受订单价格下降的影响，公司预计2024年扣除非经常性损益后归属于母公司股东的净利润较2023年存在20%幅度以内的下滑。,1
301586.SZ,20240809,20240930,续盈,-4.53,7.11,8613.0,9663.0,9021.218,20240809,预计:净利润8613-9663,,0
301586.SZ,20240809,20240930,续盈,-4.53,7.11,8613.0,9663.0,9021.218,20240809,预计:净利润8613-9663,,1
688758.SH,20240809,20240930,略增,31.66,37.64,4400.0,4600.0,3342.0,20240809,预计:净利润4400-4600,,0
837174.BJ,20240808,20240930,不确定,,,,,,20240808,不确定,,0
920274.BJ,20240808,20240930,不确定,,,,,,20240808,不确定,,0
603207.SH,20240807,20240930,续盈,-5.65,15.11,15900.0,19400.0,16852.8,20240807,预计:净利润15900-19400,,1
603207.SH,20240807,20240930,续盈,-5.65,15.11,15900.0,19400.0,16852.8,20240807,预计:净利润15900-19400,,0
301571.SZ,20240802,20240930,略增,47.86,47.86,11159.0,11159.0,7547.17,20240802,预计:净利润11159,业绩同比保持增长趋势，主要系行业需求持续增长，新老客户扩大采购所致。,1
301571.SZ,20240802,20240930,略增,47.86,47.86,11159.0,11159.0,7547.17,20240802,预计:净利润11159,业绩同比保持增长趋势，主要系行业需求持续增长，新老客户扩大采购所致。,0
